omg;produktnamn;correct_row;turnover;utd13;utd12;utd11;utd10;ant13;ant12;ant11;ant10;count1;countx;count2;random_results;people_was_right;oddset_was_right;people_was_wrong;oddset_was_wrong;people_max_sum;oddset_max_sum;people_min_sum;oddset_min_sum;people_sum;oddset_sum;people_diff_sum;oddset_diff_sum;odds1_ok;odds2_ok;odds3_ok;people1_ok;people2_ok;people3_ok;id
202523;Topptipset Stryk;21XX1112;2050781;151;0;0;0;9453;0;0;0;4;2;2;0;6;5;0;0;441;418;150;168;428;389;291;250;1;1;1;1;1;1;11565
202523;Topptipset Extra;1X1221X1;1015289;2425;0;0;0;293;0;0;0;4;2;2;0;4;5;0;1;428;388;157;180;327;331;271;208;1;0;1;1;0;1;11558
202523;Topptipset Extra;X2X12112;1341581;4100;0;0;0;229;0;0;0;3;2;3;0;3;2;3;1;428;412;163;173;313;311;265;239;1;0;1;1;0;0;11573
202523;Topptipset;12122X22;1644997;891;0;0;0;1291;0;0;0;2;1;5;0;6;6;1;1;474;482;126;135;381;394;348;347;0;1;1;0;1;1;11561
202523;Topptipset;11X21112;1185253;1346;0;0;0;616;0;0;0;5;1;2;0;4;5;2;2;430;395;161;186;353;340;269;209;1;1;0;1;1;0;11556
202523;Topptipset;211122X1;1296515;824;0;0;0;1101;0;0;0;4;1;3;0;5;4;1;2;411;378;178;198;360;326;233;180;1;1;0;1;1;1;11562
202523;Topptipset;12111X22;116968;490;0;0;0;167;0;0;0;4;1;3;0;6;4;0;1;398;367;180;200;374;337;218;167;1;1;1;1;1;1;11563
202523;Topptipset;X122X112;164802;915;0;0;0;126;0;0;0;3;2;3;0;3;4;1;3;396;380;181;194;339;325;215;186;1;1;1;1;1;1;11560
202523;Topptipset;21X1X21X;1454756;5720;0;0;0;178;0;0;0;3;3;2;0;2;2;1;2;458;469;133;137;308;294;325;332;1;0;0;1;1;0;11566
202523;Topptipset;11111111;200598;55;0;0;0;2547;0;0;0;8;0;0;0;8;8;0;0;453;482;146;132;453;482;307;350;1;1;1;1;1;1;11567
202523;Topptipset;21X11222;361086;834;0;0;0;303;0;0;0;3;1;4;0;5;5;2;1;429;402;156;175;368;355;273;227;1;1;1;1;1;1;11568
202523;Topptipset;122X2X11;181079;5070;0;0;0;25;0;0;0;3;2;3;0;3;3;3;2;409;370;175;190;286;289;234;180;1;1;0;1;1;0;11569
202523;Topptipset;X1112X21;491311;14329;0;0;0;24;0;0;0;4;2;2;0;3;3;3;4;430;416;159;179;283;282;271;237;1;0;0;1;0;0;11574
202522;Topptipset Stryk;1211XX2X;1210316;6723;0;0;0;126;0;0;0;3;3;2;0;2;2;3;3;411;355;175;202;248;250;236;153;0;0;1;0;1;0;11547
202522;Topptipset Extra;2221X11X;1140216;2810;0;0;0;284;0;0;0;3;2;3;0;5;5;1;1;452;432;150;173;333;324;302;259;0;0;1;1;0;1;11537
202522;Topptipset Extra;11XX2X12;1395833;4140;0;0;0;236;0;0;0;3;3;2;0;3;3;2;3;396;348;176;202;298;282;220;146;1;0;0;1;0;0;11548
202522;Topptipset;1X2XX222;2242510;9998;0;0;0;182;0;0;0;1;3;4;0;2;2;1;3;416;381;174;191;270;276;242;190;1;0;0;1;0;0;11533
202522;Topptipset;12111222;288266;1067;0;0;0;189;0;0;0;4;0;4;0;5;5;1;1;397;382;183;196;361;339;214;186;1;1;1;1;1;1;11534
202522;Topptipset;X2121X11;1086129;810;0;0;0;938;0;0;0;4;2;2;0;4;4;2;3;440;458;155;147;364;359;285;311;1;1;1;1;1;1;11540
202522;Topptipset;1X11X1X2;220396;3214;0;0;0;48;0;0;0;4;3;1;0;3;3;1;0;439;469;158;143;322;324;281;326;1;0;0;1;0;0;11541
202522;Topptipset;12X12X12;234766;2416;0;0;0;68;0;0;0;3;2;3;0;4;4;1;1;427;421;171;174;322;312;256;247;1;0;0;1;0;1;11542
202522;Topptipset;X2212211;1744958;1197;0;0;0;1229;0;0;0;3;1;4;0;6;6;1;1;433;427;156;172;356;355;277;255;0;1;1;1;0;1;11543
202522;Topptipset;XXX1X111;377508;1738;0;0;0;152;0;0;0;4;4;0;0;4;2;1;2;399;362;170;196;316;294;229;166;1;1;0;1;1;0;11544
202522;Topptipset;11X111XX;205661;1845;0;0;0;78;0;0;0;5;3;0;0;4;4;0;1;429;429;162;169;345;315;267;260;0;1;1;0;1;1;11545
202522;Topptipset;X1X1211X;1238060;576;0;0;0;1503;0;0;0;4;3;1;0;4;5;1;3;458;454;135;157;385;384;323;297;1;1;1;1;1;0;11551
202522;Topptipset;1X212221;201325;6405;0;0;0;22;0;0;0;3;1;4;0;4;4;2;2;391;354;185;211;292;286;206;143;0;1;0;0;1;0;11552
202522;Topptipset;22212111;1161715;2336;0;0;0;348;0;0;0;4;0;4;0;3;3;3;2;415;384;166;186;305;319;249;198;1;1;0;1;1;0;11550
202522;Topptipset;112111XX;460125;3355;0;0;0;96;0;0;0;5;2;1;0;4;3;3;2;421;386;164;188;320;312;257;198;1;1;0;1;1;0;11553
202522;Topptipset;12122X21;152090;4839;0;0;0;22;0;0;0;3;1;4;0;5;4;3;3;401;371;179;192;291;278;222;179;0;0;1;0;0;1;11554
202522;Topptipset;2X12221X;479024;6706;0;0;0;50;0;0;0;2;2;4;0;1;4;2;2;390;360;189;199;274;296;201;161;1;0;0;1;0;0;11555
202522;Topptipset;12121X21;215989;4446;0;0;0;34;0;0;0;4;1;3;0;4;4;3;3;401;387;181;193;279;269;220;194;0;1;0;0;1;0;11557
202521;Topptipset Stryk;2212X22X;2254685;12234;0;0;0;129;0;0;0;1;2;5;0;4;4;3;2;452;453;146;157;295;296;306;296;0;1;0;0;1;0;11520
202521;Topptipset Extra;11X211X1;1190941;1769;0;0;0;471;0;0;0;5;2;1;0;4;4;2;2;424;383;171;196;336;332;253;187;1;1;0;1;1;0;11513
202521;Topptipset Extra;2X2X211X;853179;5742;0;0;0;104;0;0;0;2;3;3;0;3;3;2;2;457;464;143;154;297;296;314;310;1;0;0;1;0;0;11525
202521;Topptipset;1212X122;2286634;1694;0;0;0;1092;0;0;0;3;1;4;0;3;3;0;1;383;354;184;202;324;307;199;152;1;0;0;1;1;0;11472
202521;Topptipset;X221X1X1;217174;2714;0;0;0;56;0;0;0;3;3;2;0;4;4;1;1;422;407;160;175;293;298;262;232;1;0;0;0;0;1;11473
202521;Topptipset;11122X2X;1030039;3055;0;0;0;236;0;0;0;3;2;3;0;4;4;3;3;414;374;173;203;319;308;241;171;1;1;0;1;1;0;11514
202521;Topptipset;X2X1X2X2;156178;4753;0;0;0;23;0;0;0;1;4;3;0;4;4;1;1;442;440;151;158;297;304;291;282;0;1;0;0;0;1;11515
202521;Topptipset;XX211111;171778;1292;0;0;0;93;0;0;0;5;2;1;0;5;5;2;2;422;402;165;177;346;348;257;225;1;1;1;1;1;1;11516
202521;Topptipset;X22112XX;1398655;7895;0;0;0;124;0;0;0;2;3;3;0;2;3;3;3;429;422;165;167;276;278;264;255;1;0;0;1;0;0;11519
202521;Topptipset;221X1121;214839;1074;0;0;0;140;0;0;0;4;1;3;0;5;6;2;1;430;449;159;154;378;380;271;295;1;1;0;1;1;1;11517
202521;Topptipset;12X21121;1313858;317;0;0;0;2900;0;0;0;4;1;3;0;5;4;0;1;438;423;158;171;396;379;280;252;1;1;1;1;1;1;11526
202521;Topptipset;122X1111;181882;1369;0;0;0;93;0;0;0;5;1;2;0;5;5;1;0;412;387;174;196;343;341;238;191;1;1;0;1;1;0;11527
202521;Topptipset;X112X2X1;970365;1124;0;0;0;604;0;0;0;3;3;2;0;4;4;2;2;434;401;163;185;349;313;271;216;1;1;0;1;1;1;11528
202521;Topptipset;122XX111;325491;401;0;0;0;568;0;0;0;4;2;2;0;6;6;1;0;448;457;155;153;395;405;293;304;1;1;1;1;1;1;11529
202521;Topptipset;22222222;502787;4821;0;0;0;73;0;0;0;0;0;8;0;4;4;4;4;439;424;150;169;287;299;289;255;0;1;1;0;1;1;11531
202521;Topptipset;12211121;166694;1795;0;0;0;65;0;0;0;5;0;3;0;4;5;2;1;385;358;189;205;323;325;196;153;1;1;0;1;1;1;11532
202521;Topptipset;1X1X2X2X;172602;8054;0;0;0;15;0;0;0;2;4;2;0;2;1;1;2;393;365;182;199;263;262;211;166;1;0;0;1;0;0;11530
202520;Topptipset Stryk;1122X121;1558884;2949;0;0;0;370;0;0;0;4;1;3;0;3;4;3;2;458;465;147;147;333;328;311;318;1;1;0;1;1;0;11461
202520;Topptipset Extra;1111X121;1289442;318;0;0;0;2833;0;0;0;6;1;1;0;6;6;2;1;433;411;163;173;403;398;270;238;1;1;1;1;1;1;11452
202520;Topptipset Extra;1221XX11;1085012;1370;0;0;0;554;0;0;0;4;2;2;0;4;5;0;0;437;400;158;180;324;302;279;220;1;0;0;1;0;0;11476
202520;Topptipset;X111X1X2;134397;4276;0;0;0;22;0;0;0;4;3;1;0;4;4;1;2;438;423;159;174;326;315;279;249;1;0;1;1;0;1;11444
202520;Topptipset;2X11211X;1214364;3427;0;0;0;248;0;0;0;4;2;2;0;4;4;1;1;419;388;172;196;299;287;247;192;0;0;0;0;0;1;11445
202520;Topptipset;12221X2X;1182077;1933;0;0;0;428;0;0;0;2;2;4;0;4;4;0;1;415;372;174;200;328;315;241;172;1;0;1;1;0;1;11454
202520;Topptipset;2X12X122;167029;2248;0;0;0;52;0;0;0;2;2;4;0;3;4;0;1;420;422;165;161;316;299;255;261;1;0;0;1;0;0;11455
202520;Topptipset;X11XX11X;154255;3085;0;0;0;35;0;0;0;4;4;0;0;3;4;2;3;391;364;184;202;297;287;207;162;1;0;1;1;0;1;11456
202520;Topptipset;22X12X12;1768913;15286;0;0;0;81;0;0;0;2;2;4;0;2;2;3;4;449;434;148;172;261;279;301;262;1;0;0;1;0;0;11457
202520;Topptipset;111112X2;172571;117;0;0;0;1032;0;0;0;5;1;2;0;6;6;2;1;467;510;134;114;442;467;333;396;1;1;1;1;1;1;11458
202520;Topptipset;111X2X1X;1178772;1226;0;0;0;673;0;0;0;4;3;1;0;3;4;0;2;438;419;157;172;335;333;281;247;1;1;0;1;1;0;11464
202520;Topptipset;1122111X;161454;257;0;0;0;439;0;0;0;5;1;2;0;5;5;0;0;417;415;168;170;393;381;249;245;1;1;1;1;1;1;11465
202520;Topptipset;22X21X22;541576;11846;0;0;0;32;0;0;0;1;2;5;0;2;2;2;2;384;332;195;206;245;263;189;126;0;1;0;0;0;0;11466
202520;Topptipset;21122211;332206;540;0;0;0;430;0;0;0;4;0;4;0;6;6;0;1;447;450;152;156;381;383;295;294;1;1;0;1;1;1;11467
202520;Topptipset;22X1X1XX;136134;19058;0;0;0;5;0;0;0;2;4;2;0;2;2;3;2;415;389;167;180;262;270;248;209;1;0;0;0;1;0;11468
202520;Topptipset;X1X12121;889106;376;0;0;0;1655;0;0;0;4;2;2;0;4;5;2;1;429;416;169;175;385;370;260;241;1;1;1;1;1;1;11469
202520;Topptipset;XX111121;449841;646;0;0;0;487;0;0;0;5;2;1;0;5;6;0;0;437;414;154;171;353;338;283;243;1;0;0;1;0;0;11470
202520;Topptipset;X2XX121X;123564;14415;0;0;0;6;0;0;0;2;4;2;0;2;2;3;4;437;417;161;176;253;270;276;241;1;0;0;0;1;0;11471
202519;Topptipset Stryk;22X222X1;1981914;23514;0;0;0;59;0;0;0;1;2;5;0;2;2;3;2;440;405;151;170;229;255;289;235;0;1;0;0;0;1;11435
202519;Topptipset Extra;11212212;1387257;785;0;0;0;1237;0;0;0;4;0;4;0;6;6;2;1;405;369;181;197;357;352;224;172;1;1;0;1;1;0;11426
202519;Topptipset Extra;X2X211X2;1638855;4607;0;0;0;249;0;0;0;2;3;3;0;4;4;1;2;443;421;153;168;297;293;290;253;0;1;0;0;1;0;11450
202519;Topptipset;11XX111X;179875;1222;0;0;0;103;0;0;0;5;3;0;0;4;4;0;0;388;374;180;191;332;324;208;183;1;0;1;1;1;0;11417
202519;Topptipset;21X21XX1;2426286;23195;0;0;0;84;0;0;0;3;3;2;0;3;3;4;4;410;382;176;193;262;260;234;189;0;1;1;0;1;1;11418
202519;Topptipset;121122X2;253600;5072;0;0;0;35;0;0;0;3;1;4;0;5;4;2;3;398;378;184;197;293;311;214;181;1;1;1;1;0;0;11419
202519;Topptipset;XX22X222;1077227;2341;0;0;0;322;0;0;0;0;3;5;0;4;5;3;3;383;345;188;207;310;311;195;138;1;1;1;1;1;0;11428
202519;Topptipset;22212X22;181661;479;0;0;0;265;0;0;0;1;1;6;0;6;6;1;0;402;363;176;205;363;337;226;158;1;1;0;1;1;1;11429
202519;Topptipset;1222X212;1141921;9630;0;0;0;83;0;0;0;2;1;5;0;4;4;3;2;413;386;173;188;281;294;240;198;0;0;1;0;0;1;11430
202519;Topptipset;2X21XX1X;89840;6987;0;0;0;9;0;0;0;2;4;2;0;3;3;2;3;422;395;169;180;299;291;253;215;1;0;0;1;0;0;11431
202519;Topptipset;XX21X211;124694;1407;0;0;0;62;0;0;0;3;3;2;0;4;4;0;0;408;394;179;181;315;300;229;213;1;0;0;0;1;1;11432
202519;Topptipset;212X111X;988088;1981;0;0;0;349;0;0;0;4;2;2;0;4;4;2;2;382;345;194;210;323;301;188;135;1;1;1;1;1;1;11438
202519;Topptipset;1111121X;151518;3535;0;0;0;30;0;0;0;6;1;1;0;4;4;3;2;400;347;185;213;303;291;215;134;1;0;1;1;1;0;11439
202519;Topptipset;2X11X222;841261;7454;0;0;0;79;0;0;0;2;2;4;0;3;3;1;1;447;423;151;169;277;283;296;254;0;0;1;0;0;1;11440
202519;Topptipset;11111221;445858;4523;0;0;0;69;0;0;0;6;0;2;0;4;4;4;4;441;416;155;178;285;292;286;238;0;1;1;1;0;0;11441
202519;Topptipset;12XXX121;131795;11532;0;0;0;8;0;0;0;3;3;2;0;3;3;4;3;423;406;179;182;290;282;244;224;0;0;1;0;1;1;11442
202519;Topptipset;XX22111X;406660;2140;0;0;0;133;0;0;0;3;3;2;0;5;4;0;1;454;463;138;141;319;323;316;322;0;1;0;0;1;0;11443
202518;Topptipset Stryk;2X122222;2108689;13418;0;0;0;110;0;0;0;1;1;6;0;2;3;3;3;423;381;166;192;246;254;257;189;0;0;0;0;0;1;11407
202518;Topptipset Extra;2211221X;1603609;393;0;0;0;2852;0;0;0;3;1;4;0;5;5;2;1;459;472;139;143;403;407;320;329;1;1;1;1;1;1;11400
202518;Topptipset Extra;11XXX112;1823123;667;0;0;0;1913;0;0;0;4;3;1;0;5;5;2;2;425;391;166;189;363;349;259;202;1;1;1;1;1;1;11421
202518;Topptipset;2X2X12X2;131291;18380;0;0;0;5;0;0;0;1;3;4;0;1;1;3;3;408;411;169;169;234;227;239;242;0;0;1;0;0;0;11390
202518;Topptipset;XX1XX212;2116382;22198;0;0;0;78;0;0;0;2;4;2;0;2;1;2;4;421;375;166;190;246;255;255;185;0;1;0;0;1;0;11391
202518;Topptipset;1222212X;158503;9246;0;0;0;12;0;0;0;2;1;5;0;3;5;2;3;375;342;194;211;274;271;181;131;0;1;0;0;1;0;11392
202518;Topptipset;211X2111;1293115;503;0;0;0;1799;0;0;0;5;1;2;0;6;6;1;2;426;400;163;187;376;370;263;213;1;1;1;1;1;1;11401
202518;Topptipset;X2122122;1248049;4412;0;0;0;198;0;0;0;2;1;5;0;5;5;2;1;422;380;170;200;308;298;252;180;0;0;1;0;0;1;11402
202518;Topptipset;21221122;98004;8575;0;0;0;8;0;0;0;3;0;5;0;3;3;3;3;428;434;165;173;261;262;263;261;1;0;0;1;0;0;11403
202518;Topptipset;1X222111;160476;2612;0;0;0;43;0;0;0;4;1;3;1;5;6;1;0;400;400;180;178;290;315;220;222;0;1;1;0;0;1;11404
202518;Topptipset;1X1X1111;1318334;158;0;0;0;5805;0;0;0;6;2;0;0;6;6;1;1;447;449;144;153;426;421;303;296;1;1;1;1;1;1;11411
202518;Topptipset;X1221112;216929;7230;0;0;0;21;0;0;0;4;1;3;0;3;4;2;2;391;373;191;203;285;290;200;170;0;0;1;1;0;0;11412
202518;Topptipset;X1X22121;897254;12078;0;0;0;52;0;0;0;3;2;3;0;4;4;2;3;420;384;166;188;319;304;254;196;0;1;1;0;1;1;11413
202518;Topptipset;122112X2;467167;253;0;0;0;1288;0;0;0;3;1;4;0;6;5;1;1;448;439;150;162;413;410;298;277;1;1;1;1;1;1;11414
202518;Topptipset;121X2111;187124;215;0;0;0;608;0;0;0;5;1;2;0;6;5;1;1;425;408;169;173;401;388;256;235;1;1;1;1;1;1;11415
202518;Topptipset;XXX11211;504421;409;0;0;0;862;0;0;0;4;3;1;0;5;5;1;2;405;357;165;207;360;325;240;150;1;1;1;1;1;1;11416
202517;Topptipset Stryk;111211X2;2609287;318;0;0;0;5737;0;0;0;5;1;2;0;5;5;2;1;450;443;147;161;402;408;303;282;1;1;1;1;1;1;11379
202517;Topptipset Extra;X2112211;1407524;2379;0;0;0;414;0;0;0;4;1;3;0;5;5;2;2;454;449;144;155;325;325;310;294;1;0;0;0;1;0;11368
202517;Topptipset Extra;21X2111X;1322555;1037;0;0;0;892;0;0;0;4;2;2;0;5;5;1;1;459;459;141;149;370;365;318;310;1;1;0;1;1;0;11383
202517;Topptipset;1111221X;145623;4633;0;0;0;22;0;0;0;5;1;2;0;4;4;2;2;379;352;186;203;302;295;193;149;0;1;1;1;0;1;11355
202517;Topptipset;X1111112;1964959;4895;0;0;0;332;0;0;0;6;1;1;2;4;4;1;1;402;358;184;207;298;281;218;151;0;1;0;0;1;0;11356
202517;Topptipset;2121XX1X;527683;9471;0;0;0;39;0;0;0;3;3;2;1;3;3;1;1;414;377;166;184;270;263;248;193;0;0;0;0;1;0;11357
202517;Topptipset;121X1121;128201;655;0;0;0;137;0;0;0;5;1;2;0;5;5;1;0;398;381;176;190;363;338;222;191;1;1;1;1;1;1;11358
202517;Topptipset;11X1X112;1305312;1505;0;0;0;607;0;0;0;5;2;1;0;3;3;1;0;444;445;144;155;355;351;300;290;1;0;1;1;1;0;11369
202517;Topptipset;X1XXX21X;134966;23619;0;0;0;4;0;0;0;2;5;1;0;1;1;3;3;402;378;177;188;215;212;225;190;0;0;0;0;0;0;11370
202517;Topptipset;X21XX1XX;85647;4282;0;0;0;14;0;0;0;2;5;1;0;2;3;1;3;389;347;183;212;271;269;206;135;0;1;1;0;1;0;11371
202517;Topptipset;212XX112;2341616;1839;0;0;0;1027;0;0;0;3;2;3;0;4;4;3;2;417;378;168;197;341;323;249;181;1;1;0;1;1;0;11372
202517;Topptipset;121XXX11;165477;4455;0;0;0;26;0;0;0;4;3;1;0;2;3;1;1;381;382;180;189;301;299;201;193;1;0;0;0;1;1;11373
202517;Topptipset;1222X121;1333501;15557;0;0;0;60;0;0;0;3;1;4;1;3;3;3;4;432;437;163;169;259;285;269;268;1;0;0;0;1;0;11384
202517;Topptipset;1112X212;147884;315;0;0;0;328;0;0;0;4;1;3;0;7;7;0;0;411;381;174;192;382;368;237;189;1;1;1;1;1;0;11385
202517;Topptipset;X121X111;468605;1940;0;0;0;169;0;0;0;5;2;1;0;5;5;2;3;451;452;150;155;355;352;301;297;1;1;0;1;0;1;11386
202517;Topptipset;1112211X;160791;2558;0;0;0;44;0;0;0;5;1;2;0;5;5;3;3;411;406;172;185;327;334;239;221;1;1;0;1;0;1;11387
202517;Topptipset;X11X2X1X;908030;1699;0;0;0;374;0;0;0;3;4;1;0;4;3;1;3;433;401;156;176;330;309;277;225;1;1;0;1;0;1;11388
202517;Topptipset;1121122X;450185;565;0;0;0;557;0;0;0;4;1;3;0;5;5;1;2;462;480;141;135;398;390;321;345;1;1;1;1;1;1;11389
202516;Topptipset Stryk;11X2X11X;2067064;8174;0;0;0;177;0;0;0;4;3;1;0;4;4;2;2;429;417;148;166;295;297;281;251;1;0;0;1;0;0;11343
202516;Topptipset Extra;2X12X211;1284202;3539;0;0;0;254;0;0;0;3;2;3;0;3;3;3;3;453;438;145;157;327;315;308;281;1;1;0;1;1;1;11331
202516;Topptipset Extra;2222221X;1597822;1322;0;0;0;846;0;0;0;1;1;6;0;4;3;3;2;414;394;169;180;341;341;245;214;1;1;0;1;1;0;11347
202516;Topptipset;112X1X11;1083474;2939;0;0;0;258;0;0;0;5;2;1;0;3;3;0;1;384;341;181;216;293;270;203;125;0;0;0;0;1;1;11338
202516;Topptipset;X1111X11;1598254;304;0;0;0;3672;0;0;0;6;2;0;0;5;6;1;1;419;391;169;184;388;366;250;207;1;1;1;1;1;1;11322
202516;Topptipset;XX2212X1;192560;8424;0;0;0;16;0;0;0;2;3;3;0;3;3;2;1;388;378;187;196;271;270;201;182;0;0;1;0;0;1;11323
202516;Topptipset;21XXXX12;118689;2769;0;0;0;30;0;0;0;2;4;2;0;3;2;2;2;413;368;167;190;298;272;246;178;0;0;1;0;0;1;11321
202516;Topptipset;1X1XX1X1;131808;1356;0;0;0;68;0;0;0;4;4;0;0;4;4;2;2;387;365;192;197;333;325;195;168;1;1;0;1;1;0;11339
202516;Topptipset;2122111X;117106;2732;0;0;0;30;0;0;0;4;1;3;0;3;4;2;3;361;360;201;202;306;298;160;158;1;0;0;1;0;0;11340
202516;Topptipset;22X112X1;1386912;22064;0;0;0;44;0;0;0;3;2;3;0;3;3;2;2;457;457;143;152;296;291;314;305;0;1;1;0;1;1;11341
202516;Topptipset;11X11X11;119313;553;0;0;0;151;0;0;0;6;2;0;0;6;6;0;0;406;396;176;175;361;361;230;221;1;1;1;1;1;0;11342
202516;Topptipset;X1111212;2150648;2328;0;0;0;754;0;0;0;5;1;2;0;5;5;1;1;407;379;179;194;309;297;228;185;0;1;0;0;1;0;11333
202516;Topptipset;21111X2X;697356;665;0;0;0;733;0;0;0;4;2;2;0;4;5;2;1;413;394;175;182;374;371;238;212;1;1;1;1;1;1;11351
202516;Topptipset;X222X212;121425;2179;0;0;0;39;0;0;0;1;2;5;1;3;3;3;1;377;342;194;218;293;268;183;124;0;0;0;1;0;1;11349
202516;Topptipset;21122X12;846017;383;0;0;0;1543;0;0;0;3;1;4;0;6;6;1;0;432;379;162;195;384;348;270;184;1;0;1;1;1;1;11350
202516;Topptipset;111X2XX1;328724;1100;0;0;0;209;0;0;0;4;3;1;0;4;4;2;4;452;456;143;148;368;374;309;308;1;1;1;1;1;1;11352
202516;Topptipset;121X2X2X;106864;14960;0;0;0;5;0;0;0;2;3;3;0;1;2;3;3;399;387;184;187;229;247;215;200;0;1;0;0;0;0;11353
202516;Topptipset;211X1111;474647;4815;0;0;0;69;0;0;0;6;1;1;0;5;4;2;2;417;395;160;188;300;308;257;207;0;1;1;1;0;1;11354
202515;Topptipset Stryk;XX22221X;2271115;52992;0;0;0;30;0;0;0;1;3;4;0;1;1;3;2;441;430;148;167;225;229;293;263;0;0;1;0;1;0;11311
202515;Topptipset Extra;111212XX;2040900;710;0;0;0;2363;0;0;0;4;2;2;0;5;5;2;0;430;420;158;174;371;376;272;246;1;1;1;1;1;1;11298
202515;Topptipset Extra;11X1XXX1;1548537;1018;0;0;0;1064;0;0;0;4;4;0;0;5;4;0;1;449;441;142;158;350;332;307;283;0;1;1;1;0;0;11315
202515;Topptipset;12XXX121;2015463;2566;0;0;0;647;0;0;0;3;3;2;0;4;4;1;2;428;382;163;194;324;312;265;188;1;0;1;0;1;1;11288
202515;Topptipset;122XXX1X;3164346;8413;0;0;0;293;0;0;0;2;4;2;0;3;3;4;4;383;362;187;202;276;266;196;160;1;0;0;0;1;0;11289
202515;Topptipset;1X2X111X;173966;1739;0;0;0;70;0;0;0;4;3;1;0;4;4;1;2;442;475;153;136;336;334;289;339;1;0;1;1;0;1;11301
202515;Topptipset;1X222112;126609;12660;0;0;0;7;0;0;0;3;1;4;0;4;3;3;2;424;398;166;184;293;290;258;214;0;1;1;0;1;1;11302
202515;Topptipset;2XXX212X;1900091;5163;0;0;0;306;0;0;0;1;4;3;0;3;2;2;2;433;416;156;177;309;308;277;239;1;1;0;1;1;0;11303
202515;Topptipset;X211X11X;152337;7109;0;0;0;15;0;0;0;4;3;1;1;3;3;2;1;446;409;151;174;307;320;295;235;0;1;1;0;1;1;11304
202515;Topptipset;22121X21;1940621;2598;0;0;0;619;0;0;0;3;1;4;0;5;5;3;2;410;367;169;190;337;304;241;177;0;1;1;1;0;1;11305
202515;Topptipset;X2X2X2X1;142463;5540;0;0;0;18;0;0;0;1;4;3;0;2;2;3;3;384;358;188;203;273;278;196;155;1;0;0;1;0;0;11316
202515;Topptipset;2121121X;803785;1349;0;0;0;417;0;0;0;4;1;3;0;4;5;1;0;415;369;173;206;336;318;242;163;1;1;1;1;1;1;11317
202515;Topptipset;21XX1221;431922;1075;0;0;0;281;0;0;0;3;2;3;0;4;4;3;3;459;435;140;159;372;365;319;276;1;1;0;1;1;1;11318
202515;Topptipset;122121X1;117915;1058;0;0;0;78;0;0;0;4;1;3;0;6;5;1;1;384;372;187;194;346;337;197;178;1;1;1;1;1;1;11319
202515;Topptipset;X122X2XX;475361;5281;0;0;0;63;0;0;0;1;4;3;0;3;3;2;3;416;383;167;184;273;275;249;199;0;1;0;0;1;0;11320
202514;Topptipset Stryk;112X1111;2162400;3076;0;0;0;492;0;0;0;6;1;1;0;5;4;3;3;416;361;171;203;315;286;245;158;1;0;0;0;1;0;11265
202514;Topptipset Extra;12112XX2;1564442;2632;0;0;0;416;0;0;0;3;2;3;0;4;4;1;2;469;470;136;144;353;342;333;326;1;1;0;1;0;1;11269
202514;Topptipset Extra;X1X1X2X2;1663428;16399;0;0;0;71;0;0;0;2;4;2;0;2;2;3;4;437;408;154;181;273;265;283;227;1;0;0;1;0;0;11280
202514;Topptipset;X1112212;125228;12522;0;0;0;7;0;0;0;4;1;3;0;3;3;4;2;432;387;162;190;290;280;270;197;0;1;1;1;0;0;11253
202514;Topptipset;221XX1X1;1733316;1568;0;0;0;933;0;0;0;3;3;2;0;3;4;0;0;440;399;149;178;344;318;291;221;0;0;1;1;0;1;11254
202514;Topptipset;X2221221;179768;1906;0;0;0;66;0;0;0;2;1;5;0;4;3;2;3;417;371;164;203;327;299;253;168;1;1;1;1;1;0;11255
202514;Topptipset;11122112;1931243;1573;0;0;0;859;0;0;0;5;0;3;0;6;6;2;1;434;406;159;177;351;335;275;229;0;1;1;0;1;1;11273
202514;Topptipset;X221X2XX;156345;18240;0;0;0;6;0;0;0;1;4;3;0;2;2;3;5;377;344;198;213;252;255;179;131;0;1;0;0;0;1;11274
202514;Topptipset;1X122122;153011;1530;0;0;0;70;0;0;0;3;1;4;0;3;5;1;2;375;343;192;210;311;307;183;133;1;1;0;1;0;1;11270
202514;Topptipset;111XXX22;1078147;150;0;0;0;5019;0;0;0;3;3;2;0;5;5;1;1;458;457;147;152;423;414;311;305;1;1;1;1;1;1;11271
202514;Topptipset;22122122;1224371;2220;0;0;0;386;0;0;0;2;0;6;0;6;6;2;2;431;395;153;184;329;308;278;211;1;0;0;1;0;1;11282
202514;Topptipset;2X22X2XX;144309;20203;0;0;0;5;0;0;0;0;4;4;0;2;3;2;2;410;372;178;187;231;240;232;185;0;0;0;0;0;0;11283
202514;Topptipset;21112X11;886381;381;0;0;0;1625;0;0;0;5;1;2;0;6;6;1;0;450;421;145;178;395;371;305;243;1;1;1;1;1;1;11284
202514;Topptipset;XX1X2122;462259;13482;0;0;0;24;0;0;0;2;3;3;0;3;3;3;2;428;402;163;181;261;264;265;221;0;0;0;0;0;1;11285
202514;Topptipset;1X1X1111;136829;411;0;0;0;233;0;0;0;6;2;0;0;6;6;1;1;409;417;176;173;369;364;233;244;1;1;1;1;1;0;11286
202514;Topptipset;X2X11X21;514379;1176;0;0;0;306;0;0;0;3;3;2;0;4;4;1;0;394;369;178;201;334;310;216;168;1;1;0;1;1;0;11287
202513;Topptipset Stryk;X1XX1111;1856689;3512;0;0;0;370;0;0;0;5;3;0;0;5;5;1;1;441;409;155;178;327;307;286;231;0;1;1;0;1;1;11245
202513;Topptipset Extra;1221XX21;1030644;893;0;0;0;807;0;0;0;3;2;3;0;4;4;3;3;454;429;145;160;379;362;309;269;1;1;1;1;1;1;11235
202513;Topptipset Extra;21112111;1411912;312;0;0;0;3160;0;0;0;6;0;2;0;6;6;2;1;438;398;153;188;400;361;285;210;1;1;1;1;1;1;11248
202513;Topptipset;11112X1X;852132;60;0;0;0;9854;0;0;0;5;2;1;0;6;6;0;0;493;506;119;119;475;473;374;387;1;1;1;1;1;1;11232
202513;Topptipset;1XX12121;200005;1308;0;0;0;107;0;0;0;4;2;2;0;5;5;2;1;417;424;170;164;339;357;247;260;1;1;0;1;1;0;11236
202513;Topptipset;11X1X211;685638;636;0;0;0;754;0;0;0;5;2;1;0;5;5;2;2;446;421;152;170;383;381;294;251;1;1;1;1;1;1;11237
202513;Topptipset;111111XX;900857;362;0;0;0;1738;0;0;0;6;2;0;0;5;5;1;1;467;453;142;153;410;395;325;300;1;1;1;1;1;1;11238
202513;Topptipset;11XXXX22;68070;7941;0;0;0;6;0;0;0;2;4;2;0;2;2;4;3;413;379;173;193;271;277;240;186;1;0;0;1;0;0;11239
202513;Topptipset;111X2112;1101974;3744;0;0;0;206;0;0;0;5;1;2;0;4;4;2;3;421;390;169;190;332;318;252;200;1;0;1;1;0;1;11259
202513;Topptipset;1211X211;118764;1662;0;0;0;50;0;0;0;5;1;2;0;5;4;1;2;427;369;163;199;343;310;264;170;1;0;1;1;0;1;11260
202513;Topptipset;211X2122;959811;999;0;0;0;672;0;0;0;3;1;4;0;6;5;1;1;413;371;171;200;352;330;242;171;1;1;0;1;0;1;11261
202513;Topptipset;121111X1;394434;148;0;0;0;1859;0;0;0;6;1;1;0;7;7;0;1;447;433;151;168;425;415;296;265;1;1;1;1;1;1;11250
202513;Topptipset;111X1212;128001;1106;0;0;0;81;0;0;0;5;1;2;0;5;5;1;0;433;395;163;186;354;346;270;209;1;0;1;1;0;1;11251
202513;Topptipset;1111X2X1;388208;902;0;0;0;301;0;0;0;5;2;1;0;5;5;0;0;414;387;168;193;349;324;246;194;1;0;1;1;1;0;11252
202512;Topptipset Stryk;X1X21112;1837826;4288;0;0;0;300;0;0;0;4;2;2;0;4;4;0;0;425;364;167;202;289;289;258;162;0;0;1;0;0;1;11219
202512;Topptipset Extra;21X112X2;1224216;50408;0;0;0;17;0;0;0;3;2;3;0;1;2;4;3;427;352;158;205;176;234;269;147;0;0;0;0;0;0;11207
202512;Topptipset Extra;XX111221;1409657;1312;0;0;0;752;0;0;0;4;2;2;0;3;4;1;0;438;415;154;171;346;342;284;244;1;1;1;1;1;1;11230
202512;Topptipset;X1222X22;693310;13481;0;0;0;36;0;0;0;1;2;5;0;2;3;4;4;377;325;189;220;247;260;188;105;0;1;0;0;0;0;11195
202512;Topptipset;22222222;903009;4242;0;0;0;149;0;0;0;0;0;8;0;4;4;4;4;433;390;166;188;252;260;267;202;0;0;0;0;0;0;11208
202512;Topptipset;21X11211;671994;191;0;0;0;2460;0;0;0;5;1;2;0;6;6;1;0;461;455;134;141;425;428;327;314;1;1;1;1;1;1;11214
202512;Topptipset;11122222;149702;2686;0;0;0;39;0;0;0;3;0;5;0;6;5;1;2;439;441;151;147;352;323;288;294;0;0;1;0;1;1;11215
202512;Topptipset;1222X121;1049540;809;0;0;0;908;0;0;0;3;1;4;0;4;4;3;2;462;435;138;153;389;369;324;282;1;1;1;1;1;1;11220
202512;Topptipset;21X1XX12;71932;10070;0;0;0;5;0;0;0;3;3;2;0;2;2;2;1;427;380;164;196;280;279;263;184;1;0;0;1;0;0;11221
202512;Topptipset;XX1XXXX2;227359;14468;0;0;0;11;0;0;0;1;6;1;0;2;3;2;1;391;366;173;198;233;249;218;168;0;0;0;0;0;1;11222
202512;Topptipset;111X1222;123892;1398;0;0;0;62;0;0;0;4;1;3;0;5;5;2;2;429;413;170;182;351;320;259;231;1;1;0;1;1;0;11223
202512;Topptipset;X1X11112;288433;351;0;0;0;574;0;0;0;5;2;1;0;5;5;1;1;459;445;143;156;398;374;316;289;1;1;1;1;1;1;11224
202511;Topptipset Stryk;2XX2221X;2502978;12167;0;0;0;144;0;0;0;1;3;4;0;3;3;3;3;431;377;154;197;273;260;277;180;0;0;0;0;1;1;11185
202511;Topptipset Extra;11111121;1198254;122;0;0;0;6836;0;0;0;7;0;1;0;7;7;0;0;435;424;156;166;431;422;279;258;1;1;1;1;1;1;11178
202511;Topptipset Extra;21122112;1546821;1564;0;0;0;692;0;0;0;4;0;4;0;5;5;2;2;411;374;170;199;339;319;241;175;0;1;1;0;1;1;11202
202511;Topptipset;X2XX1111;1223543;4629;0;0;0;185;0;0;0;4;3;1;0;3;4;1;1;405;396;171;183;278;289;234;213;0;0;1;0;0;1;11164
202511;Topptipset;X1X11111;217276;916;0;0;0;166;0;0;0;6;2;0;0;5;5;1;0;414;430;168;157;354;380;246;273;1;1;0;1;1;0;11165
202511;Topptipset;221X2112;2630485;2068;0;0;0;1011;0;0;0;3;1;4;0;3;3;3;1;421;389;165;185;318;312;256;204;1;1;0;1;1;0;11166
202511;Topptipset;111112X2;129445;1887;0;0;0;48;0;0;0;5;1;2;0;4;5;2;1;426;414;164;175;344;343;262;239;1;1;0;1;1;0;11179
202511;Topptipset;11X11211;1972670;2033;0;0;0;679;0;0;0;6;1;1;0;5;5;1;1;444;436;156;159;343;344;288;277;1;0;1;1;0;0;11180
202511;Topptipset;111XX22X;1213140;1010;0;0;0;840;0;0;0;3;3;2;0;5;4;1;2;405;359;176;208;320;298;229;151;0;1;1;0;1;1;11188
202511;Topptipset;X2111211;113814;2276;0;0;0;35;0;0;0;5;1;2;0;6;5;1;1;380;350;183;205;334;316;197;145;1;0;1;1;0;1;11189
202511;Topptipset;X1X221X2;457600;10332;0;0;0;31;0;0;0;2;3;3;0;3;3;1;1;427;385;157;187;276;271;270;198;0;1;0;0;0;1;11190
202511;Topptipset;X11X122X;435404;6095;0;0;0;50;0;0;0;3;3;2;0;4;3;1;1;410;386;174;190;285;287;236;196;0;0;1;0;0;1;11191
202511;Topptipset;11X212X2;91566;6409;0;0;0;10;0;0;0;3;2;3;0;3;3;2;2;410;379;177;197;278;266;233;182;1;0;0;0;1;0;11192
202511;Topptipset;222111XX;500592;278;0;0;0;1260;0;0;0;3;2;3;0;5;6;1;1;430;414;159;167;391;380;271;247;1;1;1;1;1;1;11193
202511;Topptipset;2X1X2212;125280;1461;0;0;0;60;0;0;0;2;2;4;0;5;4;1;0;431;393;155;181;340;309;276;212;0;1;0;1;0;1;11201
202510;Topptipset Stryk;X2111X11;2358094;481;0;0;0;3425;0;0;0;5;2;1;0;4;5;1;1;449;424;151;167;391;392;298;257;1;1;1;1;1;1;11155
202510;Topptipset Extra;11X11222;993438;4515;0;0;0;154;0;0;0;4;1;3;0;4;4;2;1;431;375;161;193;310;302;270;182;0;1;1;0;1;1;11143
202510;Topptipset Extra;XX1212X2;1734954;2830;0;0;0;429;0;0;0;2;3;3;0;3;3;3;2;441;427;142;159;326;323;299;268;1;0;1;1;1;0;11172
202510;Topptipset;22X11XX2;151172;2784;0;0;0;38;0;0;0;2;3;3;1;4;2;2;2;389;364;180;202;315;309;209;162;1;1;0;1;0;0;11106
202510;Topptipset;121X212X;1338808;2603;0;0;0;360;0;0;0;3;2;3;1;5;5;1;1;460;441;137;156;354;343;323;285;1;0;1;1;0;1;11107
202510;Topptipset;211X2X12;165861;1415;0;0;0;82;0;0;0;3;2;3;0;5;5;2;3;421;387;167;182;358;339;254;205;1;1;0;1;1;0;11108
202510;Topptipset;12XX2122;3029569;2365;0;0;0;1002;0;0;0;2;2;4;0;4;4;2;1;414;384;169;192;321;323;245;192;1;0;1;0;1;1;11109
202510;Topptipset;X111X212;145152;2208;0;0;0;46;0;0;0;4;2;2;0;4;5;4;2;392;352;186;208;327;326;206;144;1;1;1;1;1;1;11145
202510;Topptipset;2121X211;1880623;514;0;0;0;2560;0;0;0;4;1;3;0;5;5;0;0;431;386;157;189;376;349;274;197;1;1;1;1;1;1;11146
202510;Topptipset;11111XX2;109955;3346;0;0;0;23;0;0;0;5;2;1;0;4;4;1;2;372;321;197;227;301;280;175;94;1;1;0;1;0;0;11147
202510;Topptipset;X2XXX111;188787;3477;0;0;0;38;0;0;0;3;4;1;0;2;3;2;0;435;436;157;165;313;328;278;271;1;1;0;1;1;0;11148
202510;Topptipset;2XXXX1X1;1125862;9729;0;0;0;81;0;0;0;2;5;1;0;2;2;1;2;386;345;179;215;253;250;207;130;0;0;0;0;0;1;11157
202510;Topptipset;221121X1;133705;2034;0;0;0;46;0;0;0;4;1;3;0;4;6;1;1;357;362;196;207;323;340;161;155;1;1;1;1;1;0;11158
202510;Topptipset;12XX1X12;520357;6280;0;0;0;58;0;0;0;3;3;2;0;2;2;2;1;448;408;145;177;277;293;303;231;1;1;0;0;1;1;11159
202510;Topptipset;X112121X;382641;1623;0;0;0;165;0;0;0;4;2;2;1;4;4;3;3;469;468;134;154;372;375;335;314;1;1;0;1;1;0;11160
202510;Topptipset;1X112122;132372;2895;0;0;0;32;0;0;0;4;1;3;0;4;4;2;2;419;398;176;191;323;320;243;207;1;0;1;1;0;1;11161
202510;Topptipset;22212112;463685;1123;0;0;0;289;0;0;0;3;0;5;0;4;4;4;2;418;393;168;185;344;328;250;208;1;1;1;1;1;1;11162
202510;Topptipset;2XX1121X;132287;7123;0;0;0;13;0;0;0;3;3;2;0;2;2;4;2;411;407;177;184;275;284;234;223;1;0;0;1;0;1;11163
202509;Topptipset Stryk;1X112X12;2188580;467;0;0;0;3276;0;0;0;4;2;2;0;6;6;1;1;435;419;164;181;392;376;271;238;1;1;0;1;1;0;11096
202509;Topptipset Extra;121XXX21;1706599;2137;0;0;0;559;0;0;0;3;3;2;0;5;5;0;1;459;443;147;163;347;346;312;280;0;1;1;0;1;1;11083
202509;Topptipset Extra;X211X1XX;1709460;848;0;0;0;1411;0;0;0;3;4;1;0;3;3;2;1;438;410;150;182;353;330;288;228;1;1;1;1;1;1;11099
202509;Topptipset;1121XX21;1101877;540;0;0;0;1427;0;0;0;4;2;2;0;5;5;0;0;460;414;143;171;384;365;317;243;1;1;1;1;1;0;11080
202509;Topptipset;1222X221;176179;17617;0;0;0;7;0;0;0;2;1;5;0;4;4;3;3;442;429;162;166;272;260;280;263;0;0;0;0;0;1;11081
202509;Topptipset;X1112121;1831028;671;0;0;0;1910;0;0;0;5;1;2;0;5;7;0;0;416;398;165;185;367;365;251;213;1;1;0;1;0;1;11091
202509;Topptipset;11111211;157005;544;0;0;0;202;0;0;0;7;0;1;0;6;6;2;2;470;496;141;123;400;411;329;373;1;1;1;1;1;1;11092
202509;Topptipset;1XX21111;155733;2319;0;0;0;47;0;0;0;5;2;1;0;4;4;1;1;487;559;128;95;360;383;359;464;1;1;0;1;1;0;11093
202509;Topptipset;1122X211;1035210;1219;0;0;0;594;0;0;0;4;1;3;0;4;5;1;2;444;439;150;157;361;353;294;282;1;1;1;1;1;1;11094
202509;Topptipset;21112211;134516;134;0;0;0;699;0;0;0;5;0;3;0;7;7;1;1;456;455;152;156;435;427;304;299;1;1;1;1;1;1;11085
202509;Topptipset;2121X1X2;1251757;147;0;0;0;5947;0;0;0;3;2;3;0;6;6;0;2;454;425;146;171;427;409;308;254;1;1;1;1;1;1;11100
202509;Topptipset;X1XXXX2X;159101;22274;0;0;0;5;0;0;0;1;6;1;0;1;1;3;4;408;363;173;199;215;232;235;164;0;0;0;0;0;0;11101
202509;Topptipset;12X2XXX2;534957;28805;0;0;0;13;0;0;0;1;4;3;0;2;2;3;4;466;445;140;162;235;233;326;283;0;0;1;0;0;0;11102
202509;Topptipset;111X11X1;526948;2072;0;0;0;178;0;0;0;6;2;0;0;4;5;1;0;445;435;141;161;326;332;304;274;0;1;0;0;1;0;11103
202509;Topptipset;11X1XX11;178866;1098;0;0;0;114;0;0;0;5;3;0;0;3;5;1;3;393;399;181;181;325;342;212;218;1;1;1;1;1;1;11104
202509;Topptipset;2X1111X1;525560;1404;0;0;0;262;0;0;0;5;2;1;0;4;4;1;2;419;376;174;194;348;313;245;182;1;1;0;1;1;1;11105
202508;Topptipset Stryk;12222211;2398087;5213;0;0;0;322;0;0;0;3;0;5;0;5;5;3;3;454;441;141;161;304;309;313;280;0;1;0;0;1;0;11062
202508;Topptipset Extra;X111X11X;1395072;687;0;0;0;1420;0;0;0;5;3;0;0;5;5;1;2;432;416;167;173;366;359;265;243;1;1;0;1;1;1;11053
202508;Topptipset Extra;21112221;1606003;238;0;0;0;4714;0;0;0;4;0;4;0;6;6;2;1;452;440;144;157;422;403;308;283;1;1;1;1;1;1;11065
202508;Topptipset;1112X111;1074678;332;0;0;0;2261;0;0;0;6;1;1;0;5;6;2;0;438;406;156;182;392;384;282;224;1;1;1;1;1;1;11040
202508;Topptipset;22111211;126695;2956;0;0;0;30;0;0;0;5;0;3;0;5;4;3;3;425;411;166;175;338;342;259;236;1;1;0;1;1;0;11041
202508;Topptipset;2XX222X2;2086926;43867;0;0;0;39;0;0;0;0;3;5;0;1;1;4;5;413;384;175;193;218;229;238;191;0;0;1;0;0;0;11054
202508;Topptipset;1X222122;124970;12497;0;0;0;7;0;0;0;2;1;5;1;1;2;2;0;365;332;199;207;232;265;166;125;0;0;0;0;0;0;11055
202508;Topptipset;X21X2X22;103337;2066;0;0;0;35;0;0;0;1;3;4;0;4;5;1;1;431;419;163;167;321;321;268;252;0;1;0;0;1;1;11056
202508;Topptipset;121X1221;1084342;810;0;0;0;936;0;0;0;4;1;3;0;5;5;3;3;466;478;135;140;373;397;331;338;1;1;1;1;1;1;11057
202508;Topptipset;2112111X;1273654;205;0;0;0;4340;0;0;0;5;1;2;0;7;7;0;0;416;375;172;197;393;360;244;178;1;1;1;1;1;1;11073
202508;Topptipset;X21112XX;109500;2254;0;0;0;34;0;0;0;3;3;2;0;4;4;2;3;427;379;168;185;328;302;259;194;1;0;1;1;1;0;11074
202508;Topptipset;XX2X221X;500932;70130;0;0;0;5;0;0;0;1;4;3;0;0;0;5;4;425;391;165;186;182;204;260;205;0;0;0;0;0;0;11075
202508;Topptipset;211XX1XX;348838;4069;0;0;0;60;0;0;0;3;4;1;0;3;3;3;3;462;447;140;164;331;322;322;283;1;1;0;1;1;0;11076
202508;Topptipset;X2111X2X;109107;7637;0;0;0;10;0;0;0;3;3;2;0;3;3;3;3;429;438;170;173;292;290;259;265;1;1;0;1;0;1;11077
202508;Topptipset;2211X121;422415;1581;0;0;0;187;0;0;0;4;1;3;0;5;5;2;1;432;395;148;186;343;333;284;209;1;1;1;1;1;1;11078
202508;Topptipset;2121X111;95159;2561;0;0;0;26;0;0;0;5;1;2;0;2;3;4;4;429;418;170;174;311;324;259;244;1;1;0;1;1;0;11079
202507;Topptipset Stryk;21X1221X;2411167;5130;0;0;0;329;0;0;0;3;2;3;0;4;4;2;2;432;413;162;174;304;321;270;239;0;1;1;0;1;1;11032
202507;Topptipset Extra;X2121111;1453632;930;0;0;0;1093;0;0;0;5;1;2;0;4;4;1;1;454;422;150;167;360;339;304;255;1;0;1;1;1;0;11022
202507;Topptipset Extra;11121X12;1512379;385;0;0;0;2746;0;0;0;5;1;2;0;6;6;2;1;417;389;163;187;385;370;254;202;1;1;1;1;1;1;11034
202507;Topptipset;1X2XX212;1367616;970;0;0;0;986;0;0;0;2;3;3;0;4;4;0;0;448;456;148;153;356;346;300;303;1;1;1;1;1;1;11007
202507;Topptipset;2211X122;2038947;1746;0;0;0;817;0;0;0;3;1;4;0;4;4;1;1;423;397;165;179;339;319;258;218;1;0;1;1;0;1;11008
202507;Topptipset;1111X211;126306;508;0;0;0;174;0;0;0;6;1;1;0;5;5;2;2;467;496;138;128;404;408;329;368;1;1;0;1;1;0;11023
202507;Topptipset;1XXXX111;111827;966;0;0;0;81;0;0;0;4;4;0;0;4;4;0;0;472;489;127;130;375;389;345;359;1;1;0;1;1;0;11024
202507;Topptipset;X11222X1;1373529;12018;0;0;0;80;0;0;0;3;2;3;0;2;2;4;4;407;361;171;201;268;263;236;160;0;0;1;0;1;0;11025
202507;Topptipset;12X11X12;125228;584;0;0;0;150;0;0;0;4;2;2;0;5;5;1;2;410;380;173;187;357;343;237;193;1;1;1;1;1;1;11026
202507;Topptipset;1121XX21;1167748;2447;0;0;0;334;0;0;0;4;2;2;0;4;4;2;2;427;379;153;194;329;304;274;185;1;1;0;1;1;0;11035
202507;Topptipset;2XX22122;110376;19315;0;0;0;4;0;0;0;1;2;5;0;3;4;2;2;435;413;162;171;269;276;273;242;1;0;0;1;0;0;11036
202507;Topptipset;21XX22XX;442971;6459;0;0;0;48;0;0;0;1;4;3;0;2;3;2;2;427;397;158;181;298;304;269;216;1;0;1;0;1;1;11049
202507;Topptipset;X212X112;369434;6630;0;0;0;39;0;0;0;3;2;3;0;3;3;3;2;456;442;148;159;310;291;308;283;1;0;1;1;1;0;11050
202507;Topptipset;22111221;111216;3892;0;0;0;20;0;0;0;4;0;4;0;4;4;3;3;390;369;184;201;306;303;206;168;1;1;0;1;1;0;11037
202507;Topptipset;112X1212;427275;647;0;0;0;462;0;0;0;4;1;3;0;5;6;2;1;409;378;164;195;368;353;245;183;1;1;1;1;1;1;11038
202507;Topptipset;X1221X11;82228;632;0;0;0;91;0;0;0;4;2;2;0;6;5;1;1;429;398;165;178;369;343;264;220;1;1;0;1;1;0;11051
202506;Topptipset Stryk;122222XX;2319354;2873;0;0;0;565;0;0;0;1;2;5;0;4;4;1;2;426;403;161;180;322;322;265;223;1;1;0;1;1;0;11003
202506;Topptipset Extra;1212X22X;1500063;26251;0;0;0;40;0;0;0;2;2;4;0;3;3;3;3;450;437;149;168;261;277;301;269;0;1;0;0;1;0;10994
202506;Topptipset Extra;11X11X21;1528155;5118;0;0;0;209;0;0;0;5;2;1;0;5;5;1;1;486;491;117;130;342;349;369;361;0;1;0;0;1;0;11005
202506;Topptipset;1221X211;1627085;3061;0;0;0;372;0;0;0;4;1;3;0;5;5;1;1;446;429;144;168;334;326;302;261;1;0;0;0;1;0;10992
202506;Topptipset;21111X12;2369035;1469;0;0;0;1299;0;0;0;5;1;2;0;5;5;1;1;421;413;165;176;352;347;256;237;1;1;1;1;1;1;10995
202506;Topptipset;12X1122X;1502745;459;0;0;0;2290;0;0;0;3;2;3;0;4;5;2;2;428;396;163;182;385;365;265;214;1;1;1;1;1;1;10996
202506;Topptipset;11X21XX1;1581326;242;0;0;0;4564;0;0;0;4;3;1;0;5;5;2;2;428;407;155;180;399;376;273;227;1;1;1;1;1;1;11011
202506;Topptipset;2XX1121X;120852;3524;0;0;0;24;0;0;0;3;3;2;0;4;4;1;3;408;381;179;196;322;312;229;185;1;1;0;1;0;1;11013
202506;Topptipset;21X1222X;558649;6628;0;0;0;59;0;0;0;2;2;4;0;3;3;2;2;450;425;149;170;279;262;301;255;0;0;1;0;1;0;11014
202506;Topptipset;X1X221X1;555242;1518;0;0;0;256;0;0;0;3;3;2;0;3;3;0;1;415;384;169;191;327;307;246;193;1;1;0;1;1;0;11016
202506;Topptipset;1X1X111X;111086;1160;0;0;0;67;0;0;0;5;3;0;0;4;4;2;3;404;404;174;174;339;339;230;230;1;1;1;1;1;1;11017
202506;Topptipset;2X211X11;479488;495;0;0;0;678;0;0;0;4;2;2;0;6;6;0;1;438;405;150;178;382;351;288;227;0;1;1;0;1;1;11018
202506;Topptipset;21111X2X;97532;1551;0;0;0;44;0;0;0;4;2;2;0;4;4;2;4;415;411;172;178;340;327;243;233;1;1;1;1;1;1;11006
202505;Topptipset Stryk;12122221;2758491;6269;0;0;0;308;0;0;0;3;0;5;0;4;4;4;3;438;401;151;186;292;291;287;215;1;0;1;0;1;1;10975
202505;Topptipset Extra;1X121121;1812839;2363;0;0;0;537;0;0;0;5;1;2;0;4;3;2;2;436;409;153;180;328;308;283;229;1;0;1;1;1;0;10963
202505;Topptipset Extra;122XX111;1943136;5597;0;0;0;243;0;0;0;4;2;2;0;3;3;2;3;405;369;177;202;292;283;228;167;1;0;0;1;0;0;10976
202505;Topptipset;XX11121X;1187710;4518;0;0;0;184;0;0;0;4;3;1;0;3;4;2;1;379;321;188;226;295;285;191;95;0;1;1;1;0;1;10952
202505;Topptipset;21221212;1134588;2587;0;0;0;307;0;0;0;3;0;5;0;5;4;2;1;390;341;187;217;316;304;203;124;1;0;0;0;1;1;10964
202505;Topptipset;2XX12121;117029;2275;0;0;0;36;0;0;0;3;2;3;0;3;4;2;1;415;425;168;164;319;316;247;261;1;0;1;1;1;0;10965
202505;Topptipset;XX1X21X1;82041;382;0;0;0;150;0;0;0;3;4;1;0;4;4;2;3;420;399;175;186;373;343;245;213;1;1;1;1;1;1;10966
202505;Topptipset;1X111X11;1801025;526;0;0;0;2394;0;0;0;6;2;0;0;6;5;1;1;421;424;168;167;369;365;253;257;1;0;1;1;0;1;10967
202505;Topptipset;21211222;1043012;863;0;0;0;846;0;0;0;3;0;5;0;6;5;2;2;386;341;190;217;342;307;196;124;1;0;1;1;1;1;10985
202505;Topptipset;X22111X2;115621;1037;0;0;0;78;0;0;0;3;2;3;0;6;5;0;0;404;370;171;199;350;334;233;171;1;1;0;1;1;0;10986
202505;Topptipset;11X2X12X;449978;12114;0;0;0;26;0;0;0;3;3;2;0;3;2;4;3;387;349;185;210;267;265;202;139;0;1;0;0;1;0;10987
202505;Topptipset;111X1121;477421;1662;0;0;0;201;0;0;0;6;1;1;0;5;5;1;1;474;497;123;127;362;378;351;370;1;0;1;1;0;0;10988
202505;Topptipset;1X1X1X12;151231;1008;0;0;0;105;0;0;0;4;3;1;0;5;5;0;0;438;469;151;137;346;364;287;332;1;1;0;1;1;0;10989
202505;Topptipset;X1X2221X;541171;617;0;0;0;613;0;0;0;2;3;3;0;5;5;2;2;412;386;181;192;363;344;231;194;1;0;1;1;1;0;10990
202505;Topptipset;11111222;147997;134;0;0;0;768;0;0;0;5;0;3;0;7;5;0;1;413;377;167;190;407;359;246;187;1;1;1;1;1;1;10991
202504;Topptipset Stryk;11222111;2751070;267;0;0;0;7187;0;0;0;5;0;3;0;7;7;1;1;458;463;140;152;423;422;318;311;1;1;1;1;1;1;10942
202504;Topptipset Extra;2111X222;1609776;753;0;0;0;1496;0;0;0;3;1;4;0;5;5;0;1;411;383;177;197;368;341;234;186;1;1;0;1;1;1;10931
202504;Topptipset Extra;2X222212;1814602;24427;0;0;0;52;0;0;0;1;1;6;0;2;2;4;3;451;442;143;163;243;256;308;279;1;0;0;1;0;0;10943
202504;Topptipset;11121121;1210031;419;0;0;0;2017;0;0;0;6;0;2;0;6;6;2;1;431;422;155;174;392;385;276;248;1;1;1;1;1;1;10921
202504;Topptipset;121111X2;2666286;985;0;0;0;2147;0;0;0;5;1;2;0;5;6;1;2;454;448;141;151;380;391;313;297;1;1;1;1;1;0;10932
202504;Topptipset;1111121X;1668907;340;0;0;0;3431;0;0;0;6;1;1;0;6;5;0;2;411;379;171;193;379;344;240;186;1;1;1;1;1;1;10933
202504;Topptipset;12222111;63180;11056;0;0;0;4;0;0;0;4;0;4;0;2;2;4;5;392;352;185;203;263;248;207;149;0;1;0;1;0;1;10934
202504;Topptipset;1XXX2X11;1366840;15187;0;0;0;63;0;0;0;3;4;1;0;3;3;2;3;417;383;172;191;240;245;245;192;0;0;0;0;0;0;10945
202504;Topptipset;X2X21XX1;123109;14362;0;0;0;6;0;0;0;2;4;2;1;0;1;3;4;371;335;199;214;221;237;172;121;0;0;0;0;0;0;10946
202504;Topptipset;XX12221X;432671;15143;0;0;0;20;0;0;0;2;3;3;0;2;2;2;2;415;383;171;198;258;259;244;185;0;1;0;0;1;0;10947
202504;Topptipset;2XX12221;395750;4860;0;0;0;57;0;0;0;2;2;4;0;5;4;1;1;440;418;151;172;319;304;289;246;0;1;1;0;1;1;10948
202504;Topptipset;X12X2212;151577;1515;0;0;0;70;0;0;0;2;2;4;0;4;3;1;2;430;421;161;169;345;339;269;252;1;1;0;1;1;1;10949
202504;Topptipset;22111X1X;577408;1168;0;0;0;346;0;0;0;4;2;2;0;3;3;1;1;448;462;143;144;355;357;305;318;1;1;0;1;1;1;10950
202504;Topptipset;X1XXXX1X;106261;8264;0;0;0;9;0;0;0;2;6;0;0;2;2;1;0;428;429;164;162;267;258;264;267;0;0;0;0;1;0;10951
202503;Topptipset Stryk;X22212X1;2401738;4245;0;0;0;396;0;0;0;2;2;4;0;3;3;2;1;426;389;154;191;307;310;272;198;0;1;1;1;0;1;10911
202503;Topptipset Extra;12121X12;1503478;169;0;0;0;6214;0;0;0;4;1;3;0;7;7;0;0;470;489;125;138;432;441;345;351;1;1;1;1;1;0;10902
202503;Topptipset Extra;22112X11;1705227;606;0;0;0;1968;0;0;0;4;1;3;0;4;4;1;2;432;416;153;171;380;368;279;245;1;1;1;1;1;1;10913
202503;Topptipset;11112212;1180421;1636;0;0;0;505;0;0;0;5;0;3;0;5;5;3;3;453;438;137;168;357;346;316;270;1;0;1;1;0;1;10888
202503;Topptipset;XXX1X1XX;2887838;15884;0;0;0;143;0;0;0;2;6;0;0;1;1;0;2;414;389;170;187;233;236;244;202;0;0;0;0;0;0;10897
202503;Topptipset;12X11X12;1142462;5880;0;0;0;136;0;0;0;4;2;2;0;4;4;2;1;461;441;142;164;300;310;319;277;1;0;1;1;0;1;10903
202503;Topptipset;1111XX22;1275681;1539;0;0;0;580;0;0;0;4;2;2;0;5;5;1;1;422;384;154;187;344;343;268;197;1;1;1;1;1;0;10916
202503;Topptipset;21112111;94204;1136;0;0;0;58;0;0;0;6;0;2;0;6;6;1;1;416;380;175;186;338;325;241;194;1;0;1;0;1;1;10917
202503;Topptipset;22122112;455000;6125;0;0;0;52;0;0;0;3;0;5;0;5;5;3;3;427;396;161;184;294;302;266;212;1;0;1;1;0;1;10918
202503;Topptipset;2XX11X11;394019;1826;0;0;0;151;0;0;0;4;3;1;0;4;3;0;1;455;454;139;151;334;329;316;303;1;0;1;1;0;1;10919
202503;Topptipset;11XX11X1;448210;26145;0;0;0;12;0;0;0;5;3;0;0;1;2;4;2;451;462;138;151;248;256;313;311;1;0;0;1;0;0;10920
202502;Topptipset Stryk;1221XX1X;2090941;8316;0;0;0;176;0;0;0;3;3;2;1;4;4;1;2;463;491;137;134;314;322;326;357;0;1;1;0;1;1;10882
202502;Topptipset Extra;12111XX1;1162981;847;0;0;0;961;0;0;0;5;2;1;0;4;4;1;0;470;468;134;149;373;369;336;319;1;1;1;1;1;0;10872
202502;Topptipset Extra;X1X12211;1535425;142;0;0;0;7557;0;0;0;4;2;2;0;5;5;0;1;460;471;138;141;430;425;322;330;1;1;1;1;1;1;10899
202502;Topptipset;21X12121;1470780;376;0;0;0;2735;0;0;0;4;1;3;0;5;5;0;0;381;367;190;204;345;318;191;163;1;1;0;1;0;1;10867
202502;Topptipset;2122212X;1222296;795;0;0;0;1076;0;0;0;2;1;5;0;6;4;1;1;405;388;178;194;347;324;227;194;1;1;0;1;0;1;10874
202502;Topptipset;12112X2X;1067392;1299;0;0;0;575;0;0;0;3;2;3;0;4;4;2;1;477;500;125;133;362;363;352;367;0;1;1;1;1;1;10873
202502;Topptipset;211X1X1X;1348800;1466;0;0;0;644;0;0;0;4;3;1;0;5;5;0;0;429;378;154;194;316;299;275;184;1;0;0;0;0;1;10883
202502;Topptipset;22X21112;118879;4379;0;0;0;19;0;0;0;3;1;4;0;4;5;2;2;411;419;176;174;330;311;235;245;0;1;1;1;0;1;10884
202502;Topptipset;11X22122;516594;5650;0;0;0;64;0;0;0;3;1;4;0;3;4;1;1;397;369;178;199;295;289;219;170;1;0;0;1;0;0;10885
202502;Topptipset;XX2X2X21;424765;3861;0;0;0;77;0;0;0;1;4;3;0;4;4;0;0;448;430;146;165;295;293;302;265;0;1;0;0;0;1;10886
202502;Topptipset;21X2X12X;101771;1780;0;0;0;40;0;0;0;2;3;3;0;4;5;1;2;412;418;167;168;326;327;245;250;1;0;0;1;0;0;10887
202502;Topptipset;211111XX;370875;159;0;0;0;1624;0;0;0;5;2;1;0;5;5;0;2;444;444;154;158;431;428;290;286;1;1;1;1;1;1;10900
202501;Topptipset Stryk;XX11121X;2614939;448;0;0;0;4080;0;0;0;4;3;1;0;5;5;0;0;454;452;133;151;377;360;321;301;1;1;0;1;1;0;10852
202501;Topptipset Extra;2XXX2121;1684215;6854;0;0;0;172;0;0;0;2;3;3;0;3;3;1;1;434;424;154;162;287;307;280;262;0;1;0;0;0;1;10828
202501;Topptipset Extra;XX11XX11;1718065;5567;0;0;0;216;0;0;0;4;4;0;0;4;3;1;1;441;421;151;172;299;292;290;249;0;1;0;0;1;0;10858
202501;Topptipset;21X1212X;1637795;19107;0;0;0;60;0;0;0;3;2;3;0;3;2;4;4;434;413;158;175;262;257;276;238;0;0;1;0;0;1;10844
202501;Topptipset;11X2X122;631736;8504;0;0;0;52;0;0;0;3;2;3;0;3;2;4;4;435;398;159;179;284;284;276;219;1;0;1;1;1;0;10845
202501;Topptipset;112X1122;1147638;5285;0;0;0;152;0;0;0;4;1;3;0;4;4;3;2;410;373;178;197;283;280;232;176;0;1;0;0;1;0;10850
202501;Topptipset;122XX1X2;245097;1545;0;0;0;111;0;0;0;2;3;3;0;5;5;2;2;413;396;172;179;340;326;241;217;0;1;1;0;1;1;10854
202501;Topptipset;221X2122;1476521;4741;0;0;0;218;0;0;0;2;1;5;0;3;4;3;0;402;352;179;211;288;287;223;141;1;0;0;1;0;0;10855
202501;Topptipset;22XX22X1;517120;7097;0;0;0;51;0;0;0;1;3;4;1;3;3;3;2;404;370;182;203;284;267;222;167;0;0;1;0;1;1;10865
202501;Topptipset;XX1X2212;357966;20881;0;0;0;12;0;0;0;2;3;3;0;2;2;3;3;437;430;155;164;244;251;282;266;1;0;0;1;0;0;10864
202501;Topptipset;X11X1X21;496809;2675;0;0;0;130;0;0;0;4;3;1;0;4;4;1;0;436;404;153;185;321;315;283;219;1;0;1;1;0;1;10866
202452;Topptipset Stryk;121112XX;3249215;3359;0;0;0;677;0;0;0;4;2;2;0;4;3;2;3;436;428;160;169;325;311;276;259;1;0;0;1;0;0;10826
202452;Topptipset Stryk;2X21X1X2;2313953;3856;0;0;0;420;0;0;0;2;3;3;0;4;3;1;2;448;417;146;173;327;322;302;244;1;1;0;1;1;1;10847
202452;Topptipset;212X111X;1294024;1527;0;0;0;593;0;0;0;4;2;2;0;4;4;1;1;470;485;132;132;364;376;338;353;1;1;1;1;1;0;10813
202452;Topptipset;1X2XXX12;1434561;11542;0;0;0;87;0;0;0;2;4;2;0;3;3;3;3;444;433;151;162;308;300;293;271;1;0;0;1;0;0;10834
202452;Topptipset;X212XX11;1205438;2766;0;0;0;305;0;0;0;3;3;2;0;3;3;3;1;408;362;172;206;322;310;236;156;1;1;0;1;1;0;10835
202452;Topptipset;21XXX1X1;585469;4017;0;0;0;102;0;0;0;3;4;1;0;2;3;1;2;415;370;176;198;270;299;239;172;1;0;0;1;0;0;10842
202452;Topptipset;2XX122X2;322371;3760;0;0;0;60;0;0;0;1;3;4;0;4;2;2;2;428;411;161;170;316;295;267;241;0;1;1;1;0;1;10843
202451;Topptipset Stryk;22X21211;2539036;226;0;0;0;7862;0;0;0;3;1;4;0;6;6;1;1;435;425;149;168;418;398;286;257;1;1;1;1;1;1;10808
202451;Topptipset Extra;111X11XX;1351475;715;0;0;0;1322;0;0;0;5;3;0;0;5;4;1;1;428;383;164;189;363;341;264;194;1;1;0;1;1;0;10798
202451;Topptipset Extra;2X2X2211;2018525;2187;0;0;0;646;0;0;0;2;2;4;0;4;4;1;1;448;421;144;169;315;306;304;252;0;1;0;0;1;0;10824
202451;Topptipset;2XX2XX11;1292568;2592;0;0;0;349;0;0;0;2;4;2;0;4;4;0;0;433;428;165;173;309;305;268;255;1;0;0;1;0;0;10757
202451;Topptipset;11122112;1012764;140;0;0;0;5054;0;0;0;5;0;3;0;7;7;1;0;440;437;150;166;434;429;290;271;1;1;1;1;1;1;10799
202451;Topptipset;1212XX11;1564586;148;0;0;0;7398;0;0;0;4;2;2;0;6;6;0;0;462;464;140;152;428;427;322;312;1;1;1;1;1;1;10806
202451;Topptipset;1211X21X;1476334;226;0;0;0;4571;0;0;0;4;2;2;0;6;6;1;2;453;442;147;162;406;402;306;280;1;1;1;1;1;1;10809
202451;Topptipset;12212111;572454;4131;0;0;0;97;0;0;0;5;0;3;0;3;4;2;1;399;348;175;213;296;281;224;135;1;0;0;1;0;1;10810
202451;Topptipset;2211X211;402364;296;0;0;0;949;0;0;0;4;1;3;1;6;6;2;2;438;386;164;186;398;349;274;200;1;1;1;1;1;1;10811
202451;Topptipset;2XXXX21X;541242;15786;0;0;0;24;0;0;0;1;5;2;0;2;2;2;2;458;434;135;161;256;246;323;273;0;0;1;0;1;0;10812
202450;Topptipset Stryk;1XX12112;2503259;2980;0;0;0;588;0;0;0;4;2;2;0;4;4;1;1;455;451;139;154;310;300;316;297;0;0;1;0;0;1;10752
202450;Topptipset Extra;1X211212;1978402;1392;0;0;0;1174;0;0;0;4;1;3;0;5;5;2;2;431;409;168;176;343;319;263;233;1;0;1;1;1;0;10742
202450;Topptipset Extra;21221112;1718690;6433;0;0;0;187;0;0;0;4;0;4;0;2;2;5;3;430;407;159;184;278;289;271;223;1;0;1;1;1;0;10765
202450;Topptipset;12111112;2106340;4537;0;0;0;380;0;0;0;6;0;2;0;4;5;3;2;404;364;175;200;310;307;229;164;1;1;0;1;1;0;10731
202450;Topptipset;21212211;3176330;638;0;0;0;3872;0;0;0;4;0;4;0;5;5;1;0;420;418;163;166;379;389;257;252;1;1;1;1;1;1;10732
202450;Topptipset;121X1111;2877793;309;0;0;0;7322;0;0;0;6;1;1;0;6;6;1;1;473;482;133;137;418;419;340;345;1;1;1;1;1;1;10743
202450;Topptipset;12111X11;1778541;984;0;0;0;1519;0;0;0;6;1;1;0;5;5;3;2;403;379;166;193;348;355;237;186;1;1;1;1;1;0;10744
202450;Topptipset;2X1X1X2X;419138;26672;0;0;0;11;0;0;0;2;4;2;0;2;2;3;3;460;443;136;156;267;253;324;287;0;1;0;0;1;0;10760
202450;Topptipset;XXX11221;412334;4655;0;0;0;62;0;0;0;3;3;2;0;3;3;1;3;485;500;129;130;316;336;356;370;1;1;0;1;1;0;10755
202450;Topptipset;1221X221;641604;13609;0;0;0;33;0;0;0;3;1;4;0;5;5;2;2;484;528;126;115;310;327;358;413;0;0;1;0;1;0;10756
202449;Topptipset Stryk;211X12X2;2433795;9412;0;0;0;181;0;0;0;3;2;3;1;3;3;2;1;423;381;166;189;282;287;257;192;1;0;0;1;0;0;10723
202449;Topptipset Extra;1X12111X;1954934;652;0;0;0;2098;0;0;0;5;2;1;0;5;5;1;1;462;465;140;152;374;375;322;313;1;1;1;1;1;0;10711
202449;Topptipset Extra;2X2XX22X;1707142;5945;0;0;0;201;0;0;0;0;4;4;0;2;2;3;4;402;364;183;200;264;241;219;164;0;0;0;0;0;0;10725
202449;Topptipset;1X21XX11;133193;8475;0;0;0;11;0;0;0;4;3;1;0;3;3;2;2;434;440;156;159;275;261;278;281;0;0;1;0;1;0;10709
202449;Topptipset;2X1112X1;1291055;850;0;0;0;1063;0;0;0;4;2;2;0;5;5;1;0;431;378;158;198;353;335;273;180;1;1;1;1;1;0;10699
202449;Topptipset;11X2X21X;236319;6616;0;0;0;25;0;0;0;3;3;2;0;3;4;1;1;397;372;185;192;277;279;212;180;1;0;0;1;0;0;10700
202449;Topptipset;21211X11;2361837;1595;0;0;0;1193;0;0;0;5;1;2;0;5;5;1;2;424;401;165;179;349;351;259;222;1;1;1;1;0;1;10712
202449;Topptipset;22X22X11;217475;8457;0;0;0;18;0;0;0;2;2;4;0;5;5;2;1;397;374;181;193;284;281;216;181;0;0;1;0;0;1;10717
202449;Topptipset;1111211X;1229241;827;0;0;0;1040;0;0;0;6;1;1;0;5;5;1;1;423;394;153;176;361;353;270;218;1;1;1;1;1;1;10718
202449;Topptipset;211X21X1;136794;517;0;0;0;185;0;0;0;4;2;2;0;5;5;2;1;438;457;156;151;385;393;282;306;1;1;1;1;1;1;10719
202449;Topptipset;111XXX11;1316559;1580;0;0;0;583;0;0;0;5;3;0;0;5;5;0;1;440;417;151;173;319;297;289;244;0;0;1;0;0;1;10726
202449;Topptipset;211XX21X;541323;859;0;0;0;441;0;0;0;3;3;2;1;4;4;1;1;446;420;143;173;358;359;303;247;1;1;1;1;1;1;10727
202449;Topptipset;1212X1X1;431233;532;0;0;0;567;0;0;0;4;2;2;0;6;6;1;1;448;415;149;175;378;366;299;240;0;1;1;0;1;1;10728
202449;Topptipset;111X1111;140685;3517;0;0;0;28;0;0;0;7;1;0;0;3;2;2;2;405;392;177;188;295;293;228;204;1;1;0;1;1;0;10729
202449;Topptipset;2121X211;529925;283;0;0;0;1309;0;0;0;4;1;3;0;6;6;2;1;444;422;142;167;410;380;302;255;1;1;1;1;1;1;10730
202448;Topptipset Stryk;2X1121X1;2275519;380;0;0;0;4189;0;0;0;4;2;2;0;5;6;0;1;446;417;150;172;389;370;296;245;1;1;1;1;1;1;10689
202448;Topptipset Extra;1XX22212;2112994;1778;0;0;0;972;0;0;0;2;2;4;0;3;3;0;1;405;382;185;197;340;320;220;185;1;1;1;1;1;0;10679
202448;Topptipset Extra;111X112X;1947582;2601;0;0;0;524;0;0;0;5;2;1;1;4;4;2;2;453;416;131;177;323;313;322;239;1;1;0;1;1;1;10692
202448;Topptipset;221X1X11;1316828;24912;0;0;0;37;0;0;0;4;2;2;0;3;3;2;1;437;417;152;172;251;272;285;245;0;0;1;0;0;1;10676
202448;Topptipset;22211221;156269;9115;0;0;0;12;0;0;0;3;0;5;0;3;2;3;3;404;385;169;186;261;268;235;199;1;0;0;1;0;0;10677
202448;Topptipset;211X112X;2120589;293;0;0;0;5055;0;0;0;4;2;2;0;6;6;0;0;485;520;122;122;423;440;363;398;1;0;1;1;0;1;10680
202448;Topptipset;X2212211;161902;4722;0;0;0;24;0;0;0;3;1;4;0;3;2;5;4;386;355;183;206;277;280;203;149;1;0;1;1;0;1;10681
202448;Topptipset;X21X11X2;147800;8621;0;0;0;12;0;0;0;3;3;2;0;2;3;2;1;395;373;183;196;251;276;212;177;0;0;1;0;0;1;10690
202448;Topptipset;11X11222;1707028;1315;0;0;0;908;0;0;0;4;1;3;0;5;5;2;1;448;423;153;178;358;347;295;245;1;0;1;1;0;1;10682
202448;Topptipset;X1111211;1140749;1335;0;0;0;598;0;0;0;6;1;1;0;6;6;1;0;428;384;157;189;335;319;271;195;0;1;1;0;1;0;10693
202448;Topptipset;21112X12;123937;2551;0;0;0;34;0;0;0;4;1;3;0;5;5;1;1;400;360;176;202;329;309;224;158;1;0;1;1;0;1;10694
202448;Topptipset;XX112X21;391703;45698;0;0;0;6;0;0;0;3;3;2;0;3;3;2;3;453;448;140;161;281;278;313;287;0;1;1;0;1;1;10695
202448;Topptipset;12X21XXX;359948;8398;0;0;0;30;0;0;0;2;4;2;0;4;3;1;2;445;422;151;169;303;289;294;253;0;1;1;0;1;0;10696
202448;Topptipset;21X11121;184350;600;0;0;0;215;0;0;0;5;1;2;0;6;6;1;1;415;442;172;159;359;378;243;283;1;0;1;1;0;1;10697
202448;Topptipset;X1121XX1;598417;1047;0;0;0;400;0;0;0;4;3;1;0;4;5;0;0;420;383;158;184;346;322;262;199;1;0;1;1;1;0;10698
202447;Topptipset Stryk;21X2X211;2399326;9435;0;0;0;178;0;0;0;3;2;3;1;4;3;2;3;448;434;144;165;298;291;304;269;1;0;0;1;0;0;10658
202447;Topptipset Extra;1XX2111X;1384148;7689;0;0;0;126;0;0;0;4;3;1;0;4;4;1;1;479;485;125;133;311;313;354;352;1;0;0;1;0;0;10645
202447;Topptipset Extra;2X212112;1614339;458;0;0;0;2466;0;0;0;3;1;4;0;6;6;1;0;466;435;122;165;398;385;344;270;1;1;0;1;0;1;10660
202447;Topptipset;X1X2X112;1597723;1119;0;0;0;999;0;0;0;3;3;2;0;3;3;3;4;447;432;148;164;367;343;299;268;1;1;1;1;1;1;10631
202447;Topptipset;11211X11;131251;468;0;0;0;196;0;0;0;6;1;1;0;6;6;1;1;394;396;177;181;364;351;217;215;1;1;1;1;1;1;10643
202447;Topptipset;211X11X1;170492;602;0;0;0;198;0;0;0;5;2;1;0;5;5;2;2;465;503;139;111;404;419;326;392;1;1;1;1;1;1;10653
202447;Topptipset;X122X221;629723;2022;0;0;0;218;0;0;0;2;2;4;0;4;4;3;3;404;381;172;191;325;305;232;190;1;0;1;1;0;1;10654
202447;Topptipset;X2XXX111;150371;2844;0;0;0;37;0;0;0;3;4;1;0;4;4;0;0;422;418;159;162;309;312;263;256;0;0;1;0;1;0;10655
202447;Topptipset;X2222X11;768816;794;0;0;0;677;0;0;0;2;2;4;0;5;5;1;2;436;409;154;179;361;351;282;230;1;1;0;1;1;0;10656
202447;Topptipset;21X12X22;160676;6616;0;0;0;17;0;0;0;2;2;4;0;3;4;4;3;395;362;184;188;271;268;211;174;0;0;1;0;0;1;10646
202447;Topptipset;X111X1XX;949080;882;0;0;0;753;0;0;0;4;4;0;0;5;4;1;1;450;432;143;162;369;367;307;270;1;1;0;1;1;0;10670
202447;Topptipset;X2111222;115423;2448;0;0;0;33;0;0;0;3;1;4;0;5;4;3;2;402;359;185;205;337;310;217;154;1;1;1;1;1;0;10671
202447;Topptipset;2121XX2X;387167;728;0;0;0;372;0;0;0;2;3;3;0;4;4;2;2;421;394;166;194;367;354;255;200;1;1;1;1;1;1;10672
202447;Topptipset;X2X2121X;359330;1822;0;0;0;138;0;0;0;2;3;3;0;4;4;2;2;442;408;155;180;335;312;287;228;1;0;1;1;0;1;10673
202447;Topptipset;2XXX2XXX;104318;8113;0;0;0;9;0;0;0;0;6;2;0;1;1;1;1;432;417;163;169;259;267;269;248;1;0;0;0;1;0;10674
202447;Topptipset;1111111X;404599;154;0;0;0;1837;0;0;0;7;1;0;0;7;7;0;0;422;384;165;192;404;374;257;192;1;1;1;1;1;1;10675
202446;Topptipset Stryk;11XXX2XX;1943747;2015;0;0;0;675;0;0;0;2;5;1;0;3;2;0;1;447;408;144;181;315;292;303;227;1;0;1;1;1;0;10626
202446;Topptipset Extra;22121X11;1195900;1065;0;0;0;786;0;0;0;4;1;3;0;6;5;1;1;454;444;137;151;377;372;317;293;1;1;0;1;1;0;10611
202446;Topptipset Extra;21121X21;1216143;1400;0;0;0;608;0;0;0;4;1;3;0;5;6;2;1;476;479;129;135;381;374;347;344;1;1;0;1;1;0;10642
202446;Topptipset;1X2X1112;893892;1677;0;0;0;373;0;0;0;4;2;2;0;5;5;1;1;410;349;168;210;333;308;242;139;1;1;0;1;0;1;10605
202446;Topptipset;22221X1X;1095047;4945;0;0;0;155;0;0;0;2;2;4;0;4;3;2;1;399;360;177;206;297;272;222;154;0;0;1;0;1;1;10613
202446;Topptipset;1X22XX12;156312;1176;0;0;0;93;0;0;0;2;3;3;0;4;4;0;1;414;411;178;176;342;350;236;235;1;1;0;1;1;0;10614
202446;Topptipset;1222X2XX;755542;105;0;0;0;5032;0;0;0;1;3;4;0;5;5;1;1;484;543;131;106;441;485;353;437;1;1;1;1;1;1;10615
202446;Topptipset;X11XX212;166918;14605;0;0;0;8;0;0;0;3;3;2;1;2;2;2;3;415;406;164;179;247;237;251;227;0;0;0;0;1;0;10616
202446;Topptipset;11222X11;106747;1494;0;0;0;50;0;0;0;4;1;3;0;4;4;2;2;434;417;158;174;363;364;276;243;1;1;0;1;1;0;10617
202446;Topptipset;211X22X1;1287901;3787;0;0;0;238;0;0;0;3;2;3;1;4;4;1;1;431;397;155;180;321;316;276;217;1;0;0;1;0;0;10627
202446;Topptipset;111X21X2;438495;765;0;0;0;401;0;0;0;4;2;2;0;5;5;1;2;468;454;136;153;385;379;332;301;1;1;0;1;1;1;10629
202446;Topptipset;21X212X1;369746;9586;0;0;0;27;0;0;0;3;2;3;0;2;3;4;4;412;406;168;173;273;267;244;233;0;1;0;1;0;0;10630
202446;Topptipset;1X121X1X;112086;7846;0;0;0;10;0;0;0;4;3;1;0;3;3;3;3;400;384;179;185;259;265;221;199;0;0;1;0;0;1;10640
202445;Topptipset Stryk;1121X1X1;2687049;1361;0;0;0;1382;0;0;0;5;2;1;0;5;4;1;1;442;421;150;175;354;339;292;246;1;1;0;1;1;0;10592
202445;Topptipset Extra;111X112X;1639546;10529;0;0;0;109;0;0;0;5;2;1;0;2;2;5;3;424;393;168;182;262;285;256;211;1;0;0;1;0;0;10580
202445;Topptipset Extra;X12211XX;2072975;13819;0;0;0;105;0;0;0;3;3;2;0;4;4;2;3;436;421;157;171;304;295;279;250;0;1;1;0;1;1;10608
202445;Topptipset;X1122X1X;130777;2034;0;0;0;45;0;0;0;3;3;2;0;3;3;3;2;394;399;184;173;326;315;210;226;1;1;0;1;1;0;10567
202445;Topptipset;122XXX11;258804;3418;0;0;0;53;0;0;0;3;3;2;0;3;2;2;3;381;355;193;209;272;288;188;146;1;0;1;1;0;0;10569
202445;Topptipset;11111X12;1689499;2177;0;0;0;543;0;0;0;6;1;1;0;4;4;2;0;426;407;158;180;325;311;268;227;0;1;1;1;0;1;10578
202445;Topptipset;121211X1;3748484;3651;0;0;0;787;0;0;0;5;1;2;0;3;4;2;3;422;422;173;175;315;318;249;247;1;0;1;1;0;1;10582
202445;Topptipset;211121X2;185017;393;0;0;0;329;0;0;0;4;1;3;0;6;5;0;3;416;411;164;175;385;371;252;236;1;1;1;1;1;1;10583
202445;Topptipset;1212222X;3144611;4564;0;0;0;537;0;0;0;2;1;5;0;3;3;3;2;435;430;161;169;319;325;274;261;1;1;0;1;1;0;10584
202445;Topptipset;12221X1X;160857;6255;0;0;0;18;0;0;0;3;2;3;0;3;4;3;4;399;387;175;189;304;297;224;198;1;0;1;1;0;1;10585
202445;Topptipset;X11X21X2;137312;1172;0;0;0;82;0;0;0;3;3;2;0;5;5;2;1;380;397;185;181;331;347;195;216;1;1;1;1;1;0;10586
202445;Topptipset;XX221112;1307284;19064;0;0;0;48;0;0;0;3;2;3;0;2;3;3;4;414;381;163;195;258;248;251;186;0;0;1;0;1;0;10593
202445;Topptipset;221X112X;566582;14689;0;0;0;27;0;0;0;3;2;3;0;3;3;3;4;427;402;170;186;270;262;257;216;0;0;0;0;0;1;10595
202445;Topptipset;11112X12;151657;185;0;0;0;572;0;0;0;5;1;2;0;7;7;1;1;401;384;177;189;392;372;224;195;1;1;1;1;1;1;10594
202445;Topptipset;1112212X;462748;487;0;0;0;664;0;0;0;4;1;3;0;5;6;2;1;431;429;164;171;388;396;267;258;1;1;1;1;1;1;10596
202445;Topptipset;21121X2X;141112;14111;0;0;0;7;0;0;0;3;2;3;0;2;3;3;4;422;414;170;171;248;252;252;243;0;0;1;0;1;0;10603
202445;Topptipset;X111X2X1;598123;3349;0;0;0;125;0;0;0;4;3;1;0;3;3;1;3;438;432;158;167;328;313;280;265;1;1;0;1;1;0;10607
202445;Topptipset;212X1121;65946;301;0;0;0;153;0;0;0;4;1;3;0;6;5;2;1;426;441;166;165;405;394;260;276;1;1;1;1;1;1;10604
202444;Topptipset Stryk;X1X1111X;2487177;9310;0;0;0;187;0;0;0;5;3;0;0;2;3;3;3;419;383;169;187;283;276;250;196;1;0;0;1;0;0;10557
202444;Topptipset Extra;121221X1;1386804;509;0;0;0;1905;0;0;0;4;1;3;0;5;4;1;1;462;474;140;138;377;376;322;336;1;1;1;1;1;0;10545
202444;Topptipset Extra;X1121X12;1704829;2150;0;0;0;555;0;0;0;4;2;2;0;4;4;3;2;411;390;171;192;336;322;240;198;1;0;0;1;0;0;10559
202444;Topptipset;11X21XXX;2378277;8625;0;0;0;222;0;0;0;3;4;1;0;3;2;2;1;436;422;155;172;287;286;281;250;1;0;0;1;0;0;10532
202444;Topptipset;1X2112X1;164521;1718;0;0;0;67;0;0;0;4;2;2;0;5;5;1;1;403;383;176;191;318;320;227;192;1;0;1;1;0;0;10533
202444;Topptipset;2X1X112X;1245363;2270;0;0;0;384;0;0;0;3;3;2;0;4;4;1;2;427;413;166;175;330;315;261;238;0;1;1;0;1;1;10546
202444;Topptipset;2XX2211X;144472;14447;0;0;0;7;0;0;0;2;3;3;0;3;2;4;4;419;397;162;172;267;250;257;225;0;1;0;1;0;0;10547
202444;Topptipset;1211XXXX;1020128;2380;0;0;0;300;0;0;0;3;4;1;0;4;4;0;1;433;376;155;193;317;296;278;183;0;1;0;0;1;0;10548
202444;Topptipset;12X12211;142188;2690;0;0;0;37;0;0;0;4;1;3;0;5;5;1;1;416;390;174;186;337;324;242;204;1;0;1;1;0;1;10549
202444;Topptipset;XX1X1X22;1325742;5910;0;0;0;157;0;0;0;2;4;2;0;3;3;4;4;395;374;186;198;283;285;209;176;0;1;1;1;0;1;10560
202444;Topptipset;X2X1X222;166443;8322;0;0;0;14;0;0;0;1;3;4;0;3;3;3;3;398;356;183;194;286;269;215;162;0;0;1;0;1;1;10561
202444;Topptipset;X1X221X1;808327;17146;0;0;0;33;0;0;0;3;3;2;0;1;2;4;4;423;404;168;183;247;248;255;221;1;0;0;1;0;0;10562
202444;Topptipset;XX11X12X;174011;8700;0;0;0;14;0;0;0;3;4;1;0;2;2;3;4;399;371;183;201;271;273;216;170;1;0;1;1;0;1;10565
202444;Topptipset;2111X212;445710;1974;0;0;0;158;0;0;0;4;1;3;0;5;5;3;1;410;406;166;179;316;314;244;227;0;1;1;0;1;1;10576
202444;Topptipset;X21X1112;411567;2057;0;0;0;140;0;0;0;4;2;2;0;5;5;2;2;432;433;148;156;353;348;284;277;1;0;1;1;0;1;10577
202443;Topptipset Stryk;XX1X1XXX;2514161;2141;0;0;0;822;0;0;0;2;6;0;0;2;2;2;3;446;427;151;164;314;297;295;263;1;0;0;1;0;1;10511
202443;Topptipset Extra;2X122111;1309180;998;0;0;0;918;0;0;0;4;1;3;0;6;6;2;2;454;408;149;174;387;365;305;234;1;1;1;1;1;0;10514
202443;Topptipset Extra;X111X11X;2061926;2975;0;0;0;485;0;0;0;5;3;0;0;3;3;2;0;425;389;155;189;317;299;270;200;1;0;1;1;0;0;10543
202443;Topptipset;2111122X;132439;681;0;0;0;136;0;0;0;4;1;3;0;5;5;2;2;444;415;145;166;373;354;299;249;1;1;1;1;1;0;10497
202443;Topptipset;2X112211;1483798;3569;0;0;0;291;0;0;0;4;1;3;0;5;5;3;3;417;359;165;199;319;301;252;160;1;0;1;1;0;1;10498
202443;Topptipset;22111112;154626;901;0;0;0;120;0;0;0;5;0;3;0;5;6;2;1;433;414;164;178;365;371;269;236;1;1;1;1;1;1;10499
202443;Topptipset;1112X21X;2498673;572;0;0;0;3489;0;0;0;4;2;2;0;5;5;2;2;488;525;119;120;406;437;369;405;1;1;1;1;1;0;10510
202443;Topptipset;12221221;1829784;2679;0;0;0;478;0;0;0;3;0;5;0;5;5;3;3;474;479;131;143;338;351;343;336;1;1;0;1;1;0;10516
202443;Topptipset;1X11121X;149256;5804;0;0;0;18;0;0;0;5;2;1;0;2;3;2;2;400;373;180;195;293;292;220;178;1;0;0;1;0;0;10517
202443;Topptipset;X1X12122;119742;1581;0;0;0;53;0;0;0;3;2;3;0;4;4;2;1;437;424;152;162;339;325;285;262;1;1;0;1;1;1;10518
202443;Topptipset;22211X11;1265839;257;0;0;0;3438;0;0;0;4;1;3;0;7;7;1;1;409;363;177;201;384;343;232;162;1;1;1;1;1;1;10540
202443;Topptipset;X111X11X;163101;2784;0;0;0;41;0;0;0;5;3;0;0;4;4;3;3;407;394;178;182;320;316;229;212;1;1;1;1;1;0;10541
202443;Topptipset;2X221211;696128;3961;0;0;0;123;0;0;0;3;1;4;0;4;4;3;3;453;423;154;169;322;297;299;254;0;1;1;0;1;1;10526
202443;Topptipset;21211221;514311;1475;0;0;0;244;0;0;0;4;0;4;0;5;4;2;1;426;396;169;180;348;332;257;216;1;1;0;1;1;0;10528
202443;Topptipset;1XX121X2;172085;6022;0;0;0;20;0;0;0;3;3;2;0;2;2;1;4;402;365;182;197;291;278;220;168;1;0;0;1;0;0;10529
202443;Topptipset;122XX121;570275;12877;0;0;0;31;0;0;0;3;2;3;0;3;3;3;2;436;403;151;187;269;269;285;216;0;1;0;0;1;0;10530
202443;Topptipset;11X12211;165555;463;0;0;0;250;0;0;0;5;1;2;0;6;7;0;0;413;400;172;180;380;369;241;220;1;0;1;1;1;0;10531
202443;Topptipset;1X121111;127220;690;0;0;0;129;0;0;0;6;1;1;0;5;5;2;2;420;368;161;194;366;327;259;174;1;1;1;1;1;1;10525
202442;Topptipset Stryk;11222212;2353576;15995;0;0;0;103;0;0;0;3;0;5;0;2;2;4;2;422;388;162;192;255;272;260;196;1;0;0;0;0;1;10490
202442;Topptipset Extra;XX1X1121;1396662;164;0;0;0;5945;0;0;0;4;3;1;0;5;5;0;2;481;466;118;142;431;399;363;324;1;1;1;1;1;1;10478
202442;Topptipset Extra;12221221;1514390;89;0;0;0;11787;0;0;0;3;0;5;0;7;7;0;0;451;431;142;168;449;429;309;263;1;1;1;1;1;1;10492
202442;Topptipset;11X1111X;177006;125;0;0;0;989;0;0;0;6;2;0;0;6;6;0;1;473;476;128;135;443;435;345;341;1;1;1;1;1;1;10479
202442;Topptipset;2121X221;2779672;97;0;0;0;22426;0;0;0;3;1;4;0;7;7;0;1;462;439;139;162;456;432;323;277;1;1;1;1;1;1;10465
202442;Topptipset;111XX111;175291;1252;0;0;0;98;0;0;0;6;2;0;0;5;5;0;0;425;432;164;152;337;344;261;280;0;1;1;0;1;1;10466
202442;Topptipset;1221X112;761183;674;0;0;0;790;0;0;0;4;1;3;0;5;5;2;2;507;538;107;105;422;432;400;433;1;1;1;1;1;1;10480
202442;Topptipset;1X211212;185932;4820;0;0;0;27;0;0;0;4;1;3;0;5;5;2;2;451;429;134;157;326;323;317;272;0;0;1;0;0;1;10481
202442;Topptipset;2122212X;755605;226;0;0;0;2332;0;0;0;2;1;5;0;6;6;1;1;487;495;124;128;426;440;363;367;1;1;1;1;1;1;10482
202442;Topptipset;12122XX2;162282;28399;0;0;0;4;0;0;0;2;2;4;0;2;2;6;5;426;403;153;176;256;250;273;227;0;1;1;0;0;1;10483
202442;Topptipset;112X1X12;1158951;3808;0;0;0;213;0;0;0;4;2;2;0;4;4;2;2;464;453;128;153;318;328;336;300;1;0;1;1;0;0;10500
202442;Topptipset;XX1XXX22;151713;26549;0;0;0;4;0;0;0;1;5;2;0;2;2;1;1;429;406;160;176;242;267;269;230;0;1;0;0;0;1;10501
202442;Topptipset;2X112XX2;716936;25092;0;0;0;20;0;0;0;2;3;3;0;3;3;2;1;405;361;184;207;227;245;221;154;0;0;0;0;0;0;10493
202442;Topptipset;1212X121;452396;574;0;0;0;551;0;0;0;4;1;3;0;5;6;1;1;426;412;160;177;379;378;266;235;1;1;1;1;1;0;10494
202442;Topptipset;1111X112;116648;497;0;0;0;164;0;0;0;6;1;1;0;6;6;1;1;421;411;168;177;384;374;253;234;1;1;0;1;1;0;10495
202442;Topptipset;212X211X;384878;244;0;0;0;1100;0;0;0;3;2;3;0;6;5;0;1;432;399;160;182;400;370;272;217;1;1;1;1;1;1;10496
202441;Topptipset Stryk;12112X2X;1972948;1585;0;0;0;871;0;0;0;3;2;3;0;4;4;3;1;431;399;155;181;334;336;276;218;1;1;1;1;1;0;10458
202441;Topptipset Extra;X212X11X;1257748;32608;0;0;0;27;0;0;0;3;3;2;0;2;2;3;2;449;414;137;172;276;272;312;242;0;0;1;0;1;1;10448
202441;Topptipset Extra;21121XX2;1390855;1672;0;0;0;582;0;0;0;3;2;3;0;3;3;3;2;419;366;166;196;343;311;253;170;1;1;0;1;1;1;10476
202441;Topptipset;1XX21211;850026;2500;0;0;0;238;0;0;0;4;2;2;0;3;4;3;3;388;347;191;210;310;293;197;137;1;0;1;1;1;0;10412
202441;Topptipset;21111111;207623;1286;0;0;0;113;0;0;0;7;0;1;0;4;5;3;2;408;420;175;172;335;344;233;248;1;0;1;1;1;0;10413
202441;Topptipset;11121X11;981852;1301;0;0;0;528;0;0;0;6;1;1;0;5;5;2;1;439;453;162;165;356;371;277;288;1;1;0;1;0;1;10449
202441;Topptipset;1112111X;916489;642;0;0;0;999;0;0;0;6;1;1;0;6;6;1;1;451;467;139;141;375;375;312;326;1;0;1;1;0;0;10450
202441;Topptipset;111X11X2;134800;249;0;0;0;378;0;0;0;5;2;1;0;6;6;0;0;434;428;148;159;397;387;286;269;1;0;1;1;1;0;10456
202441;Topptipset;XX2X111X;1797183;457;0;0;0;2749;0;0;0;3;4;1;0;4;4;2;3;443;420;152;169;383;357;291;251;1;1;1;1;1;1;10460
202441;Topptipset;12X11X12;111146;1496;0;0;0;52;0;0;0;4;2;2;0;4;4;2;3;435;428;152;161;373;356;283;267;1;1;1;1;1;1;10461
202441;Topptipset;12121111;483009;98;0;0;0;3427;0;0;0;6;0;2;0;6;8;1;0;443;454;138;148;437;454;305;306;1;1;1;1;1;1;10462
202441;Topptipset;111X1X22;104717;1787;0;0;0;41;0;0;0;4;2;2;0;3;4;2;2;418;410;165;171;333;334;253;239;1;1;0;1;1;0;10463
202441;Topptipset;11XXX121;363477;2035;0;0;0;125;0;0;0;4;3;1;0;4;4;1;2;442;397;147;176;347;328;295;221;1;1;1;1;1;0;10464
202441;Topptipset;2XX1121X;111410;1218;0;0;0;64;0;0;0;3;3;2;0;5;5;0;1;423;415;159;161;336;333;264;254;0;1;0;1;0;1;10459
202440;Topptipset Stryk;X1111211;2376715;1973;0;0;0;843;0;0;0;6;1;1;0;4;4;2;2;431;411;163;186;340;330;268;225;1;1;1;1;0;1;10398
202440;Topptipset Extra;1XX22XX1;1619318;17174;0;0;0;66;0;0;0;2;4;2;0;2;2;3;3;421;370;169;196;257;256;252;174;1;0;0;1;0;0;10386
202440;Topptipset Extra;XX1X1XX1;1785102;18650;0;0;0;67;0;0;0;3;5;0;0;1;0;2;1;419;372;161;193;222;229;258;179;0;0;0;0;0;0;10415
202440;Topptipset;11X1222X;172912;3362;0;0;0;36;0;0;0;3;2;3;0;3;3;3;3;429;396;148;179;317;309;281;217;1;1;0;1;1;1;10375
202440;Topptipset;11121121;1629439;949;0;0;0;1201;0;0;0;6;0;2;0;5;6;3;0;443;409;153;174;365;371;290;235;1;1;1;1;1;1;10376
202440;Topptipset;XX1X1X12;216671;8921;0;0;0;17;0;0;0;3;4;1;0;2;3;2;1;425;396;165;170;261;271;260;226;0;0;1;1;0;0;10377
202440;Topptipset;111112X2;2793507;108;0;0;0;20319;0;0;0;5;1;2;0;6;6;2;1;491;520;129;121;463;499;362;399;1;1;1;1;1;1;10387
202440;Topptipset;11112X2X;3134345;13502;0;0;0;181;0;0;0;4;2;2;0;2;1;4;3;445;420;155;174;269;267;290;246;1;0;0;1;0;0;10388
202440;Topptipset;1122X122;200800;6389;0;0;0;22;0;0;0;3;1;4;0;2;3;2;2;405;396;179;179;283;295;226;217;1;0;1;0;1;1;10389
202440;Topptipset;111X1121;168286;906;0;0;0;130;0;0;0;6;1;1;0;5;5;0;2;402;390;176;181;349;349;226;209;1;1;0;0;1;1;10390
202440;Topptipset;X11XXX21;1242091;51144;0;0;0;17;0;0;0;3;4;1;0;3;2;3;3;420;394;167;186;226;234;253;208;0;0;0;0;0;0;10405
202440;Topptipset;11X12X12;190563;1961;0;0;0;68;0;0;0;4;2;2;0;5;4;0;0;387;369;183;191;317;302;204;178;1;0;0;1;0;0;10406
202440;Topptipset;111X221X;750453;5902;0;0;0;89;0;0;0;4;2;2;0;3;4;1;0;454;416;152;170;292;290;302;246;0;1;0;0;1;0;10407
202440;Topptipset;11211X12;425024;628;0;0;0;473;0;0;0;5;1;2;0;5;4;3;1;426;421;156;160;376;385;270;261;1;1;1;1;1;1;10408
202440;Topptipset;11212212;184891;692;0;0;0;187;0;0;0;4;0;4;0;5;6;1;0;389;394;188;181;354;354;201;213;1;1;0;1;1;0;10409
202440;Topptipset;X1X1XX1X;580651;3033;0;0;0;134;0;0;0;3;5;0;0;2;2;1;1;436;396;155;186;303;291;281;210;1;1;0;1;1;0;10410
202440;Topptipset;XX1X1122;175067;10212;0;0;0;12;0;0;0;3;3;2;0;3;4;1;2;425;455;149;145;302;315;276;310;1;0;1;0;1;0;10411
202439;Topptipset Stryk;211X1211;2499045;224;0;0;0;7792;0;0;0;5;1;2;0;6;5;2;1;448;424;149;172;417;395;299;252;1;1;1;1;1;1;10363
202439;Topptipset Extra;112XXX2X;1506748;3139;0;0;0;336;0;0;0;2;4;2;0;4;4;1;1;448;411;148;175;321;312;300;236;0;1;1;0;1;1;10352
202439;Topptipset Extra;2XXXX121;1334807;1613;0;0;0;579;0;0;0;2;4;2;0;3;3;1;2;442;404;151;174;332;319;291;230;1;1;0;1;1;0;10367
202439;Topptipset;11222112;143023;4004;0;0;0;25;0;0;0;4;0;4;0;5;4;3;3;428;407;161;176;305;293;267;231;0;1;0;0;0;1;10343
202439;Topptipset;XX22XX22;1507911;75395;0;0;0;14;0;0;0;0;4;4;0;2;1;2;4;441;403;151;179;221;230;290;224;0;0;1;0;0;0;10345
202439;Topptipset;11X111XX;184884;3594;0;0;0;36;0;0;0;5;3;0;0;3;4;2;1;454;428;148;157;303;297;306;271;0;1;0;1;0;0;10347
202439;Topptipset;2XX1XXX2;1101472;29655;0;0;0;26;0;0;0;1;5;2;0;1;1;5;4;411;358;172;202;238;245;239;156;1;0;0;1;0;0;10354
202439;Topptipset;1112X1X2;193580;874;0;0;0;155;0;0;0;4;2;2;0;5;5;2;2;426;386;157;184;360;340;269;202;1;1;0;1;1;0;10355
202439;Topptipset;1XX2XX12;228938;12327;0;0;0;13;0;0;0;2;4;2;0;3;2;2;4;422;397;164;179;263;264;258;218;0;0;1;0;1;0;10356
202439;Topptipset;1XX211X2;1795136;1298;0;0;0;968;0;0;0;3;3;2;0;4;4;2;2;402;354;177;206;324;307;225;148;1;1;0;1;1;1;10357
202439;Topptipset;XX111X12;316598;1359;0;0;0;163;0;0;0;4;3;1;1;5;5;1;1;422;389;162;184;338;327;260;205;1;0;1;1;0;1;10361
202439;Topptipset;11211XX2;1330100;467;0;0;0;1990;0;0;0;4;2;2;0;5;5;1;2;457;437;139;172;388;371;318;265;1;1;1;1;1;1;10368
202439;Topptipset;XX12XX11;177663;17766;0;0;0;7;0;0;0;3;4;1;0;2;2;2;1;406;371;173;198;261;271;233;173;0;1;0;0;0;1;10369
202439;Topptipset;X2121112;572668;1244;0;0;0;322;0;0;0;4;1;3;0;4;6;1;0;431;380;156;188;347;338;275;192;1;1;0;1;1;0;10370
202439;Topptipset;X11XXX22;439198;21959;0;0;0;14;0;0;0;2;4;2;0;2;2;3;4;432;399;157;185;267;267;275;214;1;0;0;1;0;0;10371
202439;Topptipset;2XX211XX;187901;14614;0;0;0;9;0;0;0;2;4;2;0;2;2;3;3;405;387;181;184;255;250;224;203;0;1;0;0;1;1;10372
202439;Topptipset;1XX11211;873847;643;0;0;0;951;0;0;0;5;2;1;0;5;6;0;2;428;400;167;187;365;373;261;213;1;1;1;1;0;1;10373
202439;Topptipset;X1112111;565661;358;0;0;0;1105;0;0;0;6;1;1;0;6;5;2;1;429;410;162;172;398;371;267;238;1;1;1;1;1;1;10374
202438;Topptipset Stryk;X111XX11;2345448;348;0;0;0;4706;0;0;0;5;3;0;0;4;4;1;2;442;426;157;167;395;373;285;259;1;1;1;1;1;1;10337
202438;Topptipset Extra;X112X121;1529789;197;0;0;0;5423;0;0;0;4;2;2;0;6;6;0;0;482;472;111;144;419;395;371;328;1;1;1;1;1;1;10325
202438;Topptipset Extra;XX212121;1762288;1322;0;0;0;933;0;0;0;3;2;3;0;4;5;1;1;453;441;137;169;354;346;316;272;1;1;0;1;1;0;10340
202438;Topptipset;1122112X;139595;297;0;0;0;328;0;0;0;4;1;3;0;6;6;0;0;439;424;157;165;399;379;282;259;1;1;1;1;1;1;10319
202438;Topptipset;X11121X2;1394393;2154;0;0;0;453;0;0;0;4;2;2;0;5;3;1;1;429;383;157;195;332;306;272;188;1;0;1;0;1;1;10320
202438;Topptipset;11111121;170024;97;0;0;0;1224;0;0;0;7;0;1;0;7;7;0;0;437;389;156;185;431;386;281;204;1;1;1;1;1;1;10321
202438;Topptipset;2111X2X2;2652891;277;0;0;0;7582;0;0;0;3;2;3;0;5;6;0;0;468;456;134;157;418;408;334;299;1;1;1;1;1;1;10327
202438;Topptipset;X2111X11;204453;7155;0;0;0;20;0;0;0;5;2;1;0;3;3;4;4;428;389;158;182;259;274;270;207;1;0;0;0;1;0;10328
202438;Topptipset;XX11X1X1;212090;6454;0;0;0;23;0;0;0;4;4;0;0;2;4;0;0;430;425;160;168;267;288;270;257;0;1;0;0;0;0;10329
202438;Topptipset;X1112X11;1923003;2998;0;0;0;449;0;0;0;5;2;1;0;3;3;1;1;459;424;140;170;318;304;319;254;0;1;1;1;0;1;10330
202438;Topptipset;221222X2;217872;4236;0;0;0;36;0;0;0;1;1;6;0;5;4;2;2;421;402;164;174;270;284;257;228;0;0;1;0;0;0;10331
202438;Topptipset;12212X2X;1144441;3000;0;0;0;267;0;0;0;2;2;4;0;4;4;1;1;424;383;162;189;315;306;262;194;1;1;0;1;1;0;10346
202438;Topptipset;1222X2XX;149458;13077;0;0;0;8;0;0;0;1;3;4;0;2;2;4;5;437;390;155;185;235;227;282;205;0;0;0;0;0;0;10348
202438;Topptipset;2XX111X2;633017;3142;0;0;0;141;0;0;0;3;3;2;0;4;3;2;1;418;391;174;185;314;295;244;206;1;0;1;1;0;1;10349
202438;Topptipset;XX2XX121;335189;39105;0;0;0;6;0;0;0;2;4;2;0;2;2;3;4;432;405;163;186;241;234;269;219;0;0;0;0;0;1;10350
202438;Topptipset;X212X112;149542;3877;0;0;0;27;0;0;0;3;2;3;0;4;3;1;2;399;369;177;192;311;288;222;177;1;0;0;1;1;0;10341
202438;Topptipset;22XX1212;422628;4108;0;0;0;72;0;0;0;2;2;4;0;4;4;3;2;412;381;170;193;281;282;242;188;0;0;1;0;0;0;10342
202437;Topptipset Stryk;21X2XX11;2347289;21619;0;0;0;76;0;0;0;3;3;2;0;4;4;2;2;458;450;143;157;288;275;315;293;0;0;1;0;0;1;10310
202437;Topptipset Extra;XX121212;1485793;1529;0;0;0;680;0;0;0;3;2;3;0;5;5;1;1;418;366;172;201;348;326;246;165;1;0;1;1;0;1;10302
202437;Topptipset Extra;22212X22;1629166;310;0;0;0;3672;0;0;0;1;1;6;0;7;7;0;0;440;394;142;193;394;368;298;201;1;0;1;0;1;1;10312
202437;Topptipset;11111222;1927473;285;0;0;0;4726;0;0;0;5;0;3;0;6;6;2;1;458;419;140;165;407;396;318;254;1;1;1;1;1;1;10297
202437;Topptipset;1XXX21X2;210806;147564;0;0;0;1;0;0;0;2;4;2;0;1;1;1;4;441;411;160;183;212;221;281;228;0;0;0;0;0;0;10303
202437;Topptipset;111X11XX;723460;1834;0;0;0;276;0;0;0;5;3;0;0;5;5;1;1;425;425;166;168;311;320;259;257;0;0;1;0;0;1;10304
202437;Topptipset;11X121X1;775207;1796;0;0;0;302;0;0;0;5;2;1;0;4;4;2;2;433;391;158;179;345;333;275;212;1;1;0;1;0;1;10305
202437;Topptipset;11122X11;1110827;544;0;0;0;1427;0;0;0;5;1;2;0;5;5;1;2;449;436;145;162;385;374;304;274;1;1;1;1;1;1;10313
202437;Topptipset;12111111;179486;450;0;0;0;279;0;0;0;7;0;1;0;7;7;1;1;408;391;174;177;378;362;234;214;1;1;0;1;1;1;10314
202437;Topptipset;2X1X1X2X;699115;4408;0;0;0;111;0;0;0;2;4;2;0;3;3;0;1;444;404;154;185;291;277;290;219;1;0;0;1;0;0;10315
202437;Topptipset;22111XX2;425227;534;0;0;0;557;0;0;0;3;2;3;0;5;5;1;1;480;490;119;134;395;385;361;356;1;1;1;1;1;1;10316
202437;Topptipset;1X112111;164972;580;0;0;0;199;0;0;0;6;1;1;0;5;4;1;1;419;395;172;181;379;360;247;214;1;1;1;1;1;1;10317
202437;Topptipset;1XXX21X1;510353;4827;0;0;0;74;0;0;0;3;4;1;0;2;2;1;1;458;443;144;159;314;300;314;284;1;1;0;1;1;0;10318
202436;Topptipset Stryk;11212111;2046590;171;0;0;0;8354;0;0;0;6;0;2;0;6;6;2;1;472;472;115;142;439;421;357;330;1;1;1;1;1;1;10287
202436;Topptipset Extra;2112X211;1510619;1177;0;0;0;898;0;0;0;4;1;3;0;5;5;2;1;452;419;133;170;362;344;319;249;1;1;1;0;1;1;10278
202436;Topptipset Extra;11121112;1551617;48;0;0;0;22268;0;0;0;6;0;2;0;8;8;0;0;480;472;121;144;480;472;359;328;1;1;1;1;1;1;10299
202436;Topptipset;2XX12X11;1494126;1754;0;0;0;596;0;0;0;3;3;2;0;4;3;1;1;431;395;157;184;330;301;274;211;1;0;0;1;0;1;10270
202436;Topptipset;22X11222;1391320;1010;0;0;0;964;0;0;0;2;1;5;0;4;5;2;1;417;362;169;201;353;338;248;161;1;1;1;1;1;0;10279
202436;Topptipset;21X1X22X;1516901;9153;0;0;0;116;0;0;0;2;3;3;0;2;2;2;4;421;369;166;203;296;289;255;166;1;0;1;1;0;1;10288
202436;Topptipset;X11211X1;478623;125;0;0;0;2672;0;0;0;5;2;1;0;6;6;1;2;475;510;140;129;446;476;335;381;1;1;1;1;1;1;10280
202436;Topptipset;1X2X2X1X;186382;6866;0;0;0;19;0;0;0;2;4;2;0;2;2;2;3;443;388;149;185;291;273;294;203;1;0;0;1;0;0;10284
202436;Topptipset;1112X211;338987;574;0;0;0;413;0;0;0;5;1;2;0;5;5;2;2;453;455;142;144;399;385;311;311;1;1;0;1;1;1;10290
202436;Topptipset;12111X1X;453335;103;0;0;0;3053;0;0;0;5;2;1;0;6;6;0;0;468;466;130;142;447;449;338;324;1;1;1;1;1;1;10295
202436;Topptipset;X1X1212X;124913;1197;0;0;0;73;0;0;0;3;3;2;0;5;5;1;0;388;363;187;202;330;321;201;161;1;1;0;1;0;1;10296
202436;Topptipset;X21111X1;449575;153;0;0;0;2051;0;0;0;5;2;1;0;6;6;1;2;470;520;141;122;435;486;329;398;1;1;1;1;1;1;10285
202436;Topptipset;2XX2XX1X;198840;17398;0;0;0;8;0;0;0;1;5;2;0;1;2;3;4;426;398;167;186;257;252;259;212;1;0;0;1;0;0;10294
202436;Topptipset;1XX11211;135343;316;0;0;0;299;0;0;0;5;2;1;0;6;5;0;0;473;492;129;127;400;420;344;365;1;1;1;1;1;0;10300
202435;Topptipset Stryk;221X2X11;2320489;872;0;0;0;1862;0;0;0;3;2;3;0;5;6;1;2;418;376;172;194;353;344;246;182;1;1;1;1;1;1;10264
202435;Topptipset Extra;2122X1XX;1337436;3917;0;0;0;239;0;0;0;2;3;3;0;3;3;1;1;418;374;168;195;299;293;250;179;1;0;0;0;0;1;10254
202435;Topptipset Extra;2X212X2X;2057554;5878;0;0;0;245;0;0;0;1;3;4;0;4;3;2;2;408;366;167;194;293;279;241;172;0;1;1;1;0;0;10276
202435;Topptipset;X2212212;2879724;2307;0;0;0;982;0;0;0;2;1;5;0;5;5;1;1;420;406;170;177;326;321;250;229;1;0;1;1;0;0;10248
202435;Topptipset;121XX1X1;307628;1669;0;0;0;129;0;0;0;4;3;1;1;4;4;2;1;373;353;199;208;293;316;174;145;1;1;1;1;0;0;10249
202435;Topptipset;12X2122X;2054789;5155;0;0;0;279;0;0;0;2;2;4;0;4;4;3;3;459;443;140;160;298;316;319;283;1;0;1;0;1;0;10255
202435;Topptipset;111X111X;197993;839;0;0;0;165;0;0;0;6;2;0;1;4;4;2;2;417;382;166;191;355;340;251;191;1;1;1;1;1;1;10256
202435;Topptipset;111X2X12;1716402;6712;0;0;0;179;0;0;0;4;2;2;0;4;4;1;2;427;394;169;179;286;281;258;215;0;0;1;0;0;1;10257
202435;Topptipset;X122212X;179295;4827;0;0;0;26;0;0;0;2;2;4;1;4;1;2;1;365;333;201;223;273;253;164;110;0;0;0;0;0;0;10258
202435;Topptipset;111X2212;190059;444;0;0;0;299;0;0;0;4;1;3;1;6;6;2;2;394;373;181;199;344;314;213;174;0;1;1;1;0;1;10259
202435;Topptipset;1112X112;1409989;2060;0;0;0;479;0;0;0;5;1;2;0;4;4;3;3;437;415;154;185;323;307;283;230;0;1;1;1;1;0;10271
202435;Topptipset;XX1X1XX1;156675;8436;0;0;0;13;0;0;0;3;5;0;2;3;3;1;2;422;376;167;191;242;262;255;185;0;0;0;0;0;0;10272
202435;Topptipset;2X211XX2;864781;1817;0;0;0;333;0;0;0;2;3;3;0;4;4;2;2;423;389;169;184;334;309;254;205;1;1;0;1;0;1;10273
202435;Topptipset;X1X22221;445337;1074;0;0;0;290;0;0;0;2;2;4;0;4;4;3;3;390;358;190;199;338;317;200;159;1;1;1;1;1;1;10265
202435;Topptipset;22222122;187962;7739;0;0;0;17;0;0;0;1;0;7;0;2;2;3;1;396;362;185;196;252;255;211;166;0;0;0;0;0;0;10266
202435;Topptipset;X112X111;582431;867;0;0;0;470;0;0;0;5;2;1;0;4;4;1;0;423;406;157;180;356;331;266;226;1;0;0;1;0;0;10267
202435;Topptipset;121X2111;196548;3930;0;0;0;35;0;0;0;5;1;2;0;4;3;1;1;375;349;199;207;298;308;176;142;1;0;1;1;0;0;10269
202434;Topptipset Stryk;2211121X;2348668;350;0;0;0;4685;0;0;0;4;1;3;0;5;5;3;1;451;425;153;170;407;402;298;255;1;1;1;1;1;1;10240
202434;Topptipset Extra;2122XX1X;1250743;7959;0;0;0;110;0;0;0;2;3;3;0;3;4;2;3;422;377;165;199;295;290;257;178;0;1;1;0;1;1;10231
202434;Topptipset Extra;1X21211X;1839486;4100;0;0;0;314;0;0;0;4;2;2;0;4;4;2;3;452;426;150;172;352;346;302;254;1;0;1;1;0;1;10252
202434;Topptipset;XX122X22;1628522;4871;0;0;0;234;0;0;0;1;3;4;0;3;3;2;2;449;427;146;171;321;305;303;256;1;0;1;1;0;1;10221
202434;Topptipset;X1112222;138978;163;0;0;0;594;0;0;0;3;1;4;0;7;7;1;1;420;438;171;160;410;423;249;278;1;1;1;1;1;1;10222
202434;Topptipset;11111X11;1378272;179;0;0;0;5364;0;0;0;7;1;0;0;6;6;0;1;426;384;168;193;402;366;258;191;1;1;1;1;1;1;10232
202434;Topptipset;12112112;198256;423;0;0;0;328;0;0;0;5;0;3;0;5;5;3;2;433;413;160;165;389;357;273;248;1;1;1;1;1;1;10233
202434;Topptipset;2X1211X1;1517155;2011;0;0;0;528;0;0;0;4;2;2;0;4;4;2;0;449;418;142;169;333;331;307;249;1;1;0;1;1;1;10234
202434;Topptipset;11X11121;153692;156;0;0;0;686;0;0;0;6;1;1;0;6;6;1;1;450;437;146;155;418;401;304;282;1;1;1;1;1;1;10235
202434;Topptipset;11X2112X;264985;6396;0;0;0;29;0;0;0;4;2;2;0;4;5;2;2;418;397;168;177;326;314;250;220;1;0;0;1;0;1;10236
202434;Topptipset;2221112X;1528695;256;0;0;0;4171;0;0;0;3;1;4;0;6;6;1;0;423;401;160;186;402;377;263;215;1;1;1;1;1;1;10241
202434;Topptipset;2212X122;182763;4920;0;0;0;26;0;0;0;2;1;5;1;1;2;4;3;395;347;182;202;263;263;213;145;1;0;0;1;0;0;10242
202434;Topptipset;X121XX22;927384;7461;0;0;0;87;0;0;0;2;3;3;0;3;5;0;0;436;403;157;182;282;290;279;221;0;0;1;0;0;1;10243
202434;Topptipset;2X122221;459961;1861;0;0;0;173;0;0;0;2;1;5;0;4;4;3;2;432;426;163;168;344;351;269;258;1;1;0;1;1;0;10244
202434;Topptipset;1X2122X1;193132;19313;0;0;0;7;0;0;0;3;2;3;0;2;3;3;3;423;399;174;184;266;256;249;215;0;0;1;0;1;0;10245
202434;Topptipset;121X11X2;538924;6986;0;0;0;54;0;0;0;4;2;2;0;4;4;2;2;455;438;145;163;294;308;310;275;0;0;1;0;0;1;10246
202434;Topptipset;11X11X21;164536;2303;0;0;0;50;0;0;0;5;2;1;0;5;4;0;0;417;389;170;182;324;310;247;207;0;1;1;0;1;1;10247
202433;Topptipset Stryk;2121X11X;1985168;336;0;0;0;4135;0;0;0;4;2;2;0;5;4;1;1;434;427;161;164;399;381;273;263;1;1;1;1;1;1;10217
202433;Topptipset Extra;X11XX222;1174256;7903;0;0;0;104;0;0;0;2;3;3;0;2;3;3;2;425;377;166;197;291;284;259;180;1;0;1;1;1;0;10210
202433;Topptipset Extra;21XX11X2;1501388;11808;0;0;0;89;0;0;0;3;3;2;0;3;3;2;2;448;434;135;164;278;273;313;270;0;1;0;1;0;0;10219
202433;Topptipset;X1X2X122;1455319;11073;0;0;0;92;0;0;0;2;3;3;0;3;2;1;2;441;390;159;182;274;266;282;208;0;1;0;0;1;0;10202
202433;Topptipset;21111XXX;206045;6868;0;0;0;21;0;0;0;4;3;1;0;3;5;2;1;400;368;182;199;275;272;218;169;0;0;1;0;1;0;10206
202433;Topptipset;11X22112;184991;427;0;0;0;303;0;0;0;4;1;3;0;6;6;2;0;407;366;174;199;383;352;233;167;1;1;1;1;1;1;10211
202433;Topptipset;122112X2;1240710;4771;0;0;0;182;0;0;0;3;1;4;0;4;4;2;3;434;394;152;185;309;283;282;209;1;0;0;0;1;0;10212
202433;Topptipset;112XX21X;150419;2148;0;0;0;49;0;0;0;3;3;2;0;4;5;2;3;405;386;177;184;327;320;228;202;1;1;0;1;0;1;10213
202433;Topptipset;111221XX;1572103;4566;0;0;0;241;0;0;0;4;2;2;0;5;4;1;2;434;392;158;184;305;303;276;208;1;0;0;0;0;1;10214
202433;Topptipset;X1X11211;207486;1688;0;0;0;86;0;0;0;5;2;1;0;5;5;2;2;434;445;163;154;337;354;271;291;1;0;1;1;0;0;10215
202433;Topptipset;11X21112;1407625;553;0;0;0;1779;0;0;0;5;1;2;0;5;5;3;2;429;403;157;176;387;371;272;227;1;1;1;1;1;1;10224
202433;Topptipset;21X2XX22;162712;4380;0;0;0;26;0;0;0;1;3;4;0;3;4;0;2;373;331;197;221;281;284;176;110;1;0;0;1;0;0;10225
202433;Topptipset;21X122X1;871230;662;0;0;0;920;0;0;0;3;2;3;0;5;5;3;2;428;396;166;184;374;350;262;212;1;1;1;1;1;1;10226
202433;Topptipset;2XXX122X;357386;2253;0;0;0;111;0;0;0;1;4;3;0;4;3;0;1;426;402;161;184;321;309;265;218;0;1;1;1;0;1;10227
202433;Topptipset;X111XX21;159711;3493;0;0;0;32;0;0;0;4;3;1;0;4;4;1;1;380;377;187;195;299;311;193;182;1;1;0;0;1;1;10228
202433;Topptipset;XX1121X1;443346;2002;0;0;0;155;0;0;0;4;3;1;0;4;4;1;0;439;421;152;172;333;332;287;249;0;1;1;1;0;1;10229
202433;Topptipset;12X11221;126902;2775;0;0;0;32;0;0;0;4;1;3;0;5;4;2;2;433;407;163;178;333;303;270;229;0;1;0;1;0;1;10220
202432;Topptipset Stryk;XXX21211;1283175;14724;0;0;0;61;0;0;0;3;3;2;0;2;2;3;2;412;368;177;202;257;248;235;166;0;0;0;1;0;0;10196
202432;Topptipset Extra;X112222X;1135532;11039;0;0;0;72;0;0;0;2;2;4;0;3;2;3;3;419;352;178;208;270;258;241;144;0;1;0;0;0;1;10190
202432;Topptipset Extra;11111121;1335344;434;0;0;0;2152;0;0;0;7;0;1;0;6;6;1;1;449;424;147;178;395;382;302;246;1;1;1;1;1;0;10208
202432;Topptipset;2X212X21;1269797;416;0;0;0;2133;0;0;0;2;2;4;0;7;6;0;1;437;397;156;186;382;348;281;211;0;1;1;0;1;1;10188
202432;Topptipset;22X22X12;230886;8978;0;0;0;18;0;0;0;1;2;5;0;3;2;2;4;404;365;180;199;257;269;224;166;1;0;0;0;1;0;10184
202432;Topptipset;1X1XX111;1495255;4472;0;0;0;234;0;0;0;5;3;0;0;4;4;1;3;450;415;145;174;316;299;305;241;0;0;1;0;1;0;10191
202432;Topptipset;1211XX11;245564;1210;0;0;0;142;0;0;0;5;2;1;0;5;3;0;1;404;370;176;194;339;324;228;176;1;1;1;1;1;1;10192
202432;Topptipset;1112111X;1214291;89;0;0;0;9485;0;0;0;6;1;1;0;7;7;0;1;472;463;134;150;452;436;338;313;1;1;1;1;1;1;10193
202432;Topptipset;2111XX22;274215;5331;0;0;0;36;0;0;0;3;2;3;0;3;4;2;2;405;397;173;184;274;304;232;213;1;0;0;1;0;0;10194
202432;Topptipset;X2221121;202754;2677;0;0;0;53;0;0;0;3;1;4;0;4;4;3;4;438;441;156;170;330;348;282;271;1;1;0;1;1;0;10197
202432;Topptipset;X12211XX;1136194;1944;0;0;0;409;0;0;0;3;3;2;0;4;4;1;2;433;379;166;198;339;327;267;181;1;1;1;1;1;0;10203
202432;Topptipset;X212111X;278197;2238;0;0;0;87;0;0;0;4;2;2;0;5;5;2;2;409;376;176;190;334;326;233;186;1;1;0;0;1;1;10204
202432;Topptipset;21X111X1;967225;432;0;0;0;1566;0;0;0;5;2;1;0;6;6;0;2;446;410;158;178;384;362;288;232;1;1;1;1;1;0;10205
202432;Topptipset;X1XXX111;261561;839;0;0;0;218;0;0;0;4;4;0;0;3;3;1;3;453;462;147;154;355;328;306;308;1;1;1;1;1;1;10198
202432;Topptipset;X1X1X2X1;155742;8386;0;0;0;13;0;0;0;3;4;1;0;2;3;2;1;406;401;180;186;267;271;226;215;1;0;0;1;0;0;10199
202432;Topptipset;X1XX11X1;343878;1046;0;0;0;230;0;0;0;4;4;0;0;4;4;2;2;465;472;135;142;366;373;330;330;1;1;0;1;1;0;10200
202432;Topptipset;X21X1111;174174;2650;0;0;0;46;0;0;0;5;2;1;0;4;5;2;1;407;374;172;185;311;305;235;189;1;0;0;1;0;1;10201
202431;Topptipset Stryk;1121X221;1264945;907;0;0;0;976;0;0;0;4;1;3;0;5;5;1;1;428;386;163;189;363;348;265;197;1;1;1;1;1;1;10177
202431;Topptipset Extra;11212111;1274095;313;0;0;0;2846;0;0;0;6;0;2;0;7;6;1;1;456;458;141;152;409;399;315;306;1;0;1;1;1;0;10171
202431;Topptipset Extra;222XX2X1;1326914;8147;0;0;0;114;0;0;0;1;3;4;0;4;4;2;2;441;401;159;184;290;279;282;217;0;1;0;0;1;0;10187
202431;Topptipset;2111X122;1522123;3115;0;0;0;342;0;0;0;4;1;3;0;4;3;4;3;422;401;166;184;310;305;256;217;1;1;0;1;1;0;10166
202431;Topptipset;11112X12;259833;3190;0;0;0;57;0;0;0;5;1;2;0;5;6;3;1;434;410;160;175;334;330;274;235;0;1;0;0;1;1;10170
202431;Topptipset;11X11221;1256764;237;0;0;0;3702;0;0;0;5;1;2;0;6;6;1;2;462;455;143;155;415;395;319;300;1;1;0;1;1;1;10173
202431;Topptipset;1XX21121;235222;466;0;0;0;353;0;0;0;4;2;2;0;5;5;1;1;461;485;143;126;393;402;318;359;1;1;1;1;1;1;10174
202431;Topptipset;22222121;1158489;66;0;0;0;12267;0;0;0;2;0;6;0;7;7;1;0;473;487;139;141;464;477;334;346;1;1;1;1;1;1;10175
202431;Topptipset;1X1XX111;214214;290;0;0;0;517;0;0;0;5;3;0;0;5;5;1;0;418;402;160;178;374;344;258;224;1;1;0;1;1;1;10176
202431;Topptipset;1X111212;1421648;355;0;0;0;2796;0;0;0;5;1;2;0;5;5;1;1;419;386;169;184;386;360;250;202;1;1;1;1;1;1;10179
202431;Topptipset;2X1X1X12;222168;4712;0;0;0;33;0;0;0;3;3;2;0;3;3;2;2;403;360;187;211;258;263;216;149;0;0;1;0;0;0;10180
202431;Topptipset;2212X222;967324;1220;0;0;0;555;0;0;0;1;1;6;0;5;4;1;1;424;375;170;193;331;300;254;182;1;0;0;0;1;0;10181
202431;Topptipset;X2212111;249961;4999;0;0;0;35;0;0;0;4;1;3;0;5;4;2;3;418;371;167;199;317;293;251;172;0;1;1;0;1;1;10182
202431;Topptipset;X2111XXX;208106;5826;0;0;0;25;0;0;0;3;4;1;0;3;3;2;2;391;345;185;212;289;292;206;133;1;0;1;1;0;0;10183
202431;Topptipset;1111X112;201728;888;0;0;0;159;0;0;0;6;1;1;0;5;6;0;0;430;389;158;180;367;343;272;209;0;1;1;1;0;1;10185
202430;Topptipset Stryk;221XXX2X;1259794;293951;0;0;0;3;0;0;0;1;4;3;0;0;0;3;4;425;385;167;190;190;206;258;195;0;0;0;0;0;0;10159
202430;Topptipset Extra;2121X1X1;1216078;118;0;0;0;7179;0;0;0;4;2;2;0;6;6;0;0;471;496;135;131;438;438;336;365;1;1;1;1;1;1;10152
202430;Topptipset Extra;21112111;1443946;1693;0;0;0;597;0;0;0;6;0;2;0;6;5;2;1;438;388;159;186;359;337;279;202;1;0;1;1;0;1;10168
202430;Topptipset;21X11X22;131016;2084;0;0;0;44;0;0;0;3;2;3;0;3;4;3;2;416;399;171;191;336;331;245;208;1;1;0;1;1;1;10124
202430;Topptipset;1X2XX1X1;1314987;1933;0;0;0;476;0;0;0;3;4;1;1;3;4;2;3;421;377;167;191;326;318;254;186;1;1;0;1;1;0;10125
202430;Topptipset;11X21122;1363221;53;0;0;0;17984;0;0;0;4;1;3;0;7;7;0;1;472;511;131;117;467;499;341;394;1;1;1;1;1;1;10153
202430;Topptipset;2XXXXXX1;244580;17120;0;0;0;10;0;0;0;1;6;1;0;1;1;1;0;418;379;166;188;223;241;252;191;0;0;0;0;0;0;10154
202430;Topptipset;111XX221;1203215;3954;0;0;0;213;0;0;0;4;2;2;0;4;4;2;4;440;383;163;187;311;280;277;196;1;0;0;0;1;0;10155
202430;Topptipset;11X21X1X;289788;2939;0;0;0;69;0;0;0;4;3;1;0;3;3;4;3;405;374;177;197;309;298;228;177;1;1;0;1;1;1;10156
202430;Topptipset;211X1XX1;261917;2156;0;0;0;85;0;0;0;4;3;1;0;3;4;1;1;422;402;160;169;303;305;262;233;1;1;0;1;1;0;10157
202430;Topptipset;XX21X21X;1282256;5540;0;0;0;162;0;0;0;2;4;2;0;3;3;0;1;413;394;164;180;290;283;249;214;0;1;0;1;0;0;10160
202430;Topptipset;X1121X21;181451;1067;0;0;0;119;0;0;0;4;2;2;0;5;4;0;0;401;365;173;196;340;322;228;169;1;0;0;1;1;0;10161
202430;Topptipset;12211212;1027642;13833;0;0;0;52;0;0;0;4;0;4;0;3;3;3;2;428;397;170;186;266;269;258;211;0;1;0;0;1;0;10162
202430;Topptipset;1111211X;315415;405;0;0;0;544;0;0;0;6;1;1;0;4;3;1;2;420;380;168;192;378;338;252;188;1;1;1;1;1;1;10163
202430;Topptipset;222122X2;190663;44488;0;0;0;3;0;0;0;1;1;6;0;2;1;5;5;403;389;172;186;197;206;231;203;0;0;0;0;0;0;10164
202430;Topptipset;12112111;421171;655;0;0;0;450;0;0;0;6;0;2;0;6;6;1;1;436;434;157;162;387;386;279;272;1;1;0;1;1;0;10165
202430;Topptipset;121X1112;156772;1892;0;0;0;58;0;0;0;5;1;2;0;5;5;1;2;377;370;194;202;336;325;183;168;1;1;1;1;1;1;10169
202429;Topptipset Stryk;2X2X2111;1072444;22079;0;0;0;34;0;0;0;3;2;3;0;3;3;3;3;441;421;155;175;263;275;286;246;1;0;1;0;1;1;10115
202429;Topptipset Extra;X1122112;782857;5219;0;0;0;105;0;0;0;4;1;3;0;2;4;0;1;397;386;184;188;300;301;213;198;1;0;0;1;0;1;10108
202429;Topptipset Extra;1X121X2X;1265988;11077;0;0;0;80;0;0;0;3;3;2;1;2;2;3;3;422;361;174;205;227;255;248;156;0;1;0;0;0;0;10117
202429;Topptipset;221121X2;1143913;4912;0;0;0;163;0;0;0;3;1;4;0;3;4;3;1;442;441;159;166;320;339;283;275;1;0;1;1;1;0;10106
202429;Topptipset;X1X1111X;1420305;5205;0;0;0;191;0;0;0;5;3;0;0;4;3;3;4;447;417;151;163;340;311;296;254;0;1;1;1;0;1;10113
202429;Topptipset;1X12112X;226777;1017;0;0;0;156;0;0;0;4;2;2;0;5;5;3;3;392;355;188;205;331;324;204;150;1;1;1;1;1;1;10109
202429;Topptipset;2212111X;214329;717;0;0;0;209;0;0;0;4;1;3;0;6;5;1;1;437;407;170;183;368;336;267;224;1;0;1;1;0;1;10110
202429;Topptipset;2X121111;1102199;414;0;0;0;1862;0;0;0;5;1;2;0;6;6;1;1;439;422;160;172;393;373;279;250;1;1;1;1;1;1;10111
202429;Topptipset;X1X2111X;206040;3434;0;0;0;42;0;0;0;4;3;1;0;3;3;3;3;395;361;181;206;297;291;214;155;1;0;0;1;0;0;10112
202429;Topptipset;2111X21X;1165281;283;0;0;0;2876;0;0;0;4;2;2;0;6;6;0;0;453;455;143;150;400;408;310;305;1;1;1;1;1;1;10118
202429;Topptipset;12XX2122;158385;10079;0;0;0;11;0;0;0;2;2;4;0;3;2;4;4;399;360;184;201;268;270;215;159;1;1;0;1;0;0;10119
202429;Topptipset;1X211X1X;1013165;6389;0;0;0;111;0;0;0;4;3;1;0;4;4;2;4;415;368;177;197;281;268;238;171;0;1;1;0;0;1;10120
202429;Topptipset;2211111X;208410;2244;0;0;0;65;0;0;0;5;1;2;0;4;4;2;1;450;437;150;162;360;344;300;275;1;0;1;1;0;1;10121
202429;Topptipset;X11X1122;198072;2888;0;0;0;48;0;0;0;4;2;2;0;3;3;2;2;415;370;176;197;305;300;239;173;1;0;1;1;1;0;10122
202429;Topptipset;1211X2X1;340898;1955;0;0;0;122;0;0;0;4;2;2;0;5;5;2;1;421;407;174;179;333;326;247;228;0;1;1;0;1;1;10123
202428;Topptipset Stryk;1XX12121;1118660;19576;0;0;0;40;0;0;0;4;2;2;0;3;3;3;1;452;424;148;177;260;280;304;247;0;1;0;0;0;1;10097
202428;Topptipset Extra;1212X111;1415575;246;0;0;0;4014;0;0;0;5;1;2;0;4;6;2;1;443;421;146;170;414;392;297;251;1;1;1;1;1;1;10090
202428;Topptipset Extra;1X221222;1494319;712;0;0;0;1469;0;0;0;2;1;5;0;5;6;1;0;418;374;169;197;354;348;249;177;1;1;1;1;1;1;10099
202428;Topptipset;X1111111;179583;198;0;0;0;632;0;0;0;7;1;0;1;6;7;1;1;427;403;160;187;410;390;267;216;1;1;1;1;1;1;10085
202428;Topptipset;22X1X222;1464729;12353;0;0;0;83;0;0;0;1;2;5;0;2;2;4;4;432;370;155;201;232;254;277;169;1;0;0;0;0;1;10086
202428;Topptipset;22X2121X;193538;22579;0;0;0;6;0;0;0;2;2;4;0;1;1;5;4;442;397;151;185;228;235;291;212;1;0;0;1;0;0;10088
202428;Topptipset;11121121;168611;231;0;0;0;509;0;0;0;6;0;2;0;7;7;1;1;438;451;155;150;404;426;283;301;1;1;1;1;1;1;10091
202428;Topptipset;22212211;1000404;4193;0;0;0;167;0;0;0;3;0;5;0;3;4;3;3;410;362;176;200;292;289;234;162;0;1;1;0;1;0;10092
202428;Topptipset;21222X21;116923;40923;0;0;0;2;0;0;0;2;1;5;0;3;3;5;4;403;360;184;199;259;264;219;161;0;1;1;0;0;1;10093
202428;Topptipset;12121112;1265301;4495;0;0;0;197;0;0;0;5;0;3;0;6;6;2;2;440;389;159;189;314;299;281;200;0;0;1;0;0;1;10094
202428;Topptipset;12X21X11;291104;2397;0;0;0;85;0;0;0;4;2;2;0;4;5;2;2;442;440;154;164;350;353;288;276;1;1;1;1;0;1;10095
202428;Topptipset;11X21211;1182805;707;0;0;0;1171;0;0;0;5;1;2;0;6;6;1;1;444;445;147;162;383;377;297;283;1;0;1;1;0;1;10100
202428;Topptipset;2111XXX1;210823;10541;0;0;0;14;0;0;0;4;3;1;0;4;3;3;3;415;379;171;191;298;284;244;188;1;0;0;1;0;0;10101
202428;Topptipset;11122122;994195;3550;0;0;0;196;0;0;0;4;0;4;0;4;4;4;2;424;404;171;180;287;324;253;224;1;0;1;1;0;0;10102
202428;Topptipset;X212X112;235379;10984;0;0;0;15;0;0;0;3;2;3;0;4;3;3;2;417;393;164;185;269;267;253;208;0;0;0;0;0;0;10103
202428;Topptipset;X212XX1X;141411;24746;0;0;0;4;0;0;0;2;4;2;0;2;1;1;2;401;369;177;190;233;242;224;179;0;0;0;0;0;0;10104
202428;Topptipset;1X1X1121;432453;2421;0;0;0;125;0;0;0;5;2;1;0;5;5;1;1;405;347;170;208;320;297;235;139;1;0;0;0;0;1;10105
202427;Topptipset Stryk;X11X1XX1;1246368;911;0;0;0;957;0;0;0;4;4;0;0;4;4;0;1;449;432;146;160;370;349;303;272;1;0;1;1;0;1;10077
202427;Topptipset Extra;22X1112X;1391086;29507;0;0;0;33;0;0;0;3;2;3;0;2;2;4;2;440;390;144;183;235;268;296;207;1;0;0;1;0;0;10070
202427;Topptipset Extra;X12X2112;1385895;1008;0;0;0;962;0;0;0;3;2;3;0;4;4;2;2;428;406;165;179;363;362;263;227;1;1;1;1;1;1;10079
202427;Topptipset;1X22X111;1640736;391;0;0;0;2930;0;0;0;4;2;2;0;5;6;0;1;455;435;131;162;386;364;324;273;0;1;1;1;0;1;10067
202427;Topptipset;2211X1XX;267395;931;0;0;0;201;0;0;0;3;3;2;2;5;5;0;0;448;414;144;171;361;329;304;243;1;1;0;1;1;1;10068
202427;Topptipset;X11X2X2X;267231;26723;0;0;0;7;0;0;0;2;4;2;0;1;1;2;2;433;388;159;193;213;221;274;195;0;0;0;0;0;0;10071
202427;Topptipset;X2211212;790359;4853;0;0;0;114;0;0;0;3;1;4;0;4;3;3;1;401;332;181;225;274;282;220;107;1;0;0;0;1;0;10072
202427;Topptipset;12111112;192887;229;0;0;0;588;0;0;0;6;0;2;0;6;7;0;0;403;389;177;190;394;374;226;199;1;1;1;1;1;1;10073
202427;Topptipset;111XX222;1172168;12066;0;0;0;68;0;0;0;3;2;3;0;3;2;3;2;430;398;149;182;278;285;281;216;1;0;0;1;0;1;10074
202427;Topptipset;XX11122X;278674;2636;0;0;0;74;0;0;0;3;3;2;0;3;4;3;2;395;385;180;184;296;308;215;201;0;1;1;0;1;1;10075
202427;Topptipset;XXX1121X;2275984;2637;0;0;0;604;0;0;0;3;4;1;0;2;2;1;4;422;403;164;180;330;308;258;223;1;0;1;1;0;1;10087
202427;Topptipset;X2XX122X;218599;21859;0;0;0;7;0;0;0;1;4;3;0;1;1;3;6;405;361;180;210;241;239;225;151;0;0;1;0;1;0;10080
202427;Topptipset;1121X122;868758;878;0;0;0;692;0;0;0;4;1;3;0;5;5;2;2;445;413;148;173;379;347;297;240;1;0;1;1;0;1;10081
202427;Topptipset;11X1X211;304703;1333;0;0;0;160;0;0;0;5;2;1;0;4;4;1;2;442;439;145;155;344;339;297;284;1;0;0;1;0;1;10082
202427;Topptipset;1XX11111;129196;409;0;0;0;221;0;0;0;6;2;0;0;5;5;2;2;414;408;169;170;377;382;245;238;1;1;1;1;1;1;10083
202427;Topptipset;11122111;307103;1919;0;0;0;112;0;0;0;6;0;2;0;6;6;1;1;409;388;172;189;342;333;237;199;0;1;1;0;1;1;10084
202426;Topptipset Stryk;111XX122;2049346;1314;0;0;0;1091;0;0;0;4;2;2;0;4;3;2;3;432;412;156;173;354;340;276;239;1;1;1;1;1;1;10059
202426;Topptipset Extra;XX1211X2;1435266;12717;0;0;0;79;0;0;0;3;3;2;0;3;3;2;2;454;447;140;155;296;300;314;292;0;1;1;0;1;0;10052
202426;Topptipset Extra;X12X21X1;1436397;350;0;0;0;2872;0;0;0;3;3;2;0;5;5;1;1;455;453;137;152;391;370;318;301;1;0;1;1;1;0;10061
202426;Topptipset;X2111XX2;1506674;700;0;0;0;1506;0;0;0;3;3;2;0;4;4;2;2;448;420;152;175;366;352;296;245;1;1;1;1;1;1;10049
202426;Topptipset;1X2X1211;198997;8706;0;0;0;16;0;0;0;4;2;2;0;3;3;2;2;465;454;137;157;310;285;328;297;0;1;1;0;1;1;10050
202426;Topptipset;X2XX22X1;1652346;9036;0;0;0;128;0;0;0;1;4;3;0;3;3;1;1;462;470;131;144;278;283;331;326;0;0;1;0;0;1;10053
202426;Topptipset;221XX2XX;283894;3821;0;0;0;52;0;0;0;1;4;3;0;2;2;1;0;389;357;183;209;272;291;206;148;1;0;0;1;0;0;10054
202426;Topptipset;1111X112;306527;5501;0;0;0;39;0;0;0;6;1;1;0;3;3;4;3;421;363;157;206;281;300;264;157;1;1;0;1;1;0;10055
202426;Topptipset;112X2111;1204275;1786;0;0;0;472;0;0;0;5;1;2;0;5;4;1;2;446;451;148;154;362;346;298;297;1;0;1;1;0;1;10056
202426;Topptipset;11211122;244426;4173;0;0;0;41;0;0;0;5;0;3;1;4;5;3;3;451;459;146;145;329;331;305;314;1;0;1;1;0;1;10057
202426;Topptipset;1XX2X212;1303060;923;0;0;0;988;0;0;0;2;3;3;0;5;5;0;1;462;453;137;153;358;344;325;300;1;0;1;1;0;1;10062
202426;Topptipset;12122X12;246913;446;0;0;0;387;0;0;0;3;1;4;0;6;5;2;2;435;411;156;175;388;364;279;236;1;1;1;1;1;1;10063
202426;Topptipset;11X11X22;2040098;1903;0;0;0;1013;0;0;0;4;2;2;0;4;4;2;2;457;480;124;129;350;349;333;351;1;0;0;1;0;1;10064
202426;Topptipset;22121111;188582;103;0;0;0;1271;0;0;0;5;0;3;0;8;6;0;0;415;409;172;174;415;383;243;235;1;1;1;1;1;1;10065
202426;Topptipset;1X11212X;436434;245;0;0;0;1243;0;0;0;4;2;2;0;6;6;1;2;421;390;163;188;398;376;258;202;1;1;1;1;1;1;10066
202425;Topptipset Stryk;X2121122;1388062;391;0;0;0;2480;0;0;0;3;1;4;0;6;6;1;0;436;381;149;188;382;336;287;193;0;1;1;1;1;0;10040
202425;Topptipset Extra;1XXX122X;1555370;1531;0;0;0;711;0;0;0;2;4;2;0;4;4;0;1;442;411;145;182;331;310;297;229;1;0;0;1;0;0;10032
202425;Topptipset Extra;1X22XX2X;955161;6428;0;0;0;104;0;0;0;1;4;3;0;3;3;1;1;468;459;123;148;300;297;345;311;0;1;0;0;1;0;10042
202425;Topptipset;22111X22;1254380;11257;0;0;0;78;0;0;0;3;1;4;1;2;3;4;4;419;432;164;163;318;305;255;269;1;0;1;1;0;1;10029
202425;Topptipset;22212X11;210774;189;0;0;0;779;0;0;0;3;1;4;0;6;6;1;1;448;439;139;153;421;420;309;286;1;1;1;1;1;1;10030
202425;Topptipset;11X1X11X;1207642;753;0;0;0;1122;0;0;0;5;3;0;0;4;4;1;1;457;438;139;149;372;359;318;289;1;0;1;1;1;0;10033
202425;Topptipset;XX212111;199034;9951;0;0;0;14;0;0;0;4;2;2;0;4;4;2;2;438;400;150;178;273;275;288;222;0;1;0;0;0;1;10035
202425;Topptipset;XXX1X1X1;160451;16045;0;0;0;7;0;0;0;3;5;0;0;2;2;1;1;450;424;147;160;273;267;303;264;1;0;0;1;0;0;10034
202425;Topptipset;X1212XX1;158267;1978;0;0;0;56;0;0;0;3;3;2;0;4;3;1;2;403;363;184;199;309;286;219;164;1;1;0;1;0;1;10036
202425;Topptipset;X1211211;1319822;11694;0;0;0;79;0;0;0;5;1;2;0;4;4;3;2;451;405;139;172;276;270;312;233;0;0;1;0;0;1;10037
202425;Topptipset;1221111X;258372;505;0;0;0;358;0;0;0;5;1;2;0;6;5;1;1;418;404;171;179;386;375;247;225;1;1;1;1;1;1;10038
202425;Topptipset;22XX2X12;953817;3209;0;0;0;208;0;0;0;1;3;4;0;4;3;0;1;409;384;172;194;303;298;237;190;1;0;0;1;0;0;10043
202425;Topptipset;XXX1XXX2;238672;5966;0;0;0;28;0;0;0;1;6;1;0;2;2;2;2;396;354;181;210;258;252;215;144;0;0;1;0;1;0;10044
202425;Topptipset;X212112X;903802;2875;0;0;0;220;0;0;0;3;2;3;0;4;3;2;2;445;423;138;167;328;318;307;256;1;1;1;1;1;1;10045
202425;Topptipset;112X1211;106360;1378;0;0;0;54;0;0;0;5;1;2;0;5;5;3;2;431;431;158;169;350;343;273;262;1;1;1;1;1;0;10046
202425;Topptipset;X21112X1;308781;226;0;0;0;953;0;0;0;4;2;2;0;5;6;0;0;460;478;129;132;412;409;331;346;1;1;1;1;1;1;10047
202425;Topptipset;1111X111;93674;85;0;0;0;768;0;0;0;7;1;0;0;7;7;0;0;477;492;131;130;456;458;346;362;1;1;1;1;1;1;10048
202424;Topptipset Stryk;11XX11XX;1620828;482;0;0;0;2353;0;0;0;4;4;0;0;4;4;3;4;447;404;152;172;373;340;295;232;1;1;1;1;1;1;10022
202424;Topptipset Extra;12112X21;1294647;252;0;0;0;3589;0;0;0;4;1;3;0;6;6;1;1;465;468;118;141;419;417;347;327;1;1;1;1;1;1;10013
202424;Topptipset;1221X122;170076;250;0;0;0;476;0;0;0;3;1;4;0;6;6;1;1;478;491;123;127;430;443;355;364;1;1;1;1;1;1;10009
202424;Topptipset;111211X2;1310689;1087;0;0;0;844;0;0;0;5;1;2;0;6;6;1;1;460;472;136;136;376;386;324;336;1;0;1;1;1;0;10011
202424;Topptipset;11XX1222;128903;8202;0;0;0;11;0;0;0;3;2;3;0;4;4;1;2;412;407;169;168;276;275;243;239;0;1;0;0;0;0;10014
202424;Topptipset;11X221X1;1164928;93;0;0;0;8737;0;0;0;4;2;2;0;6;6;1;1;461;458;134;153;449;449;327;305;1;1;1;1;1;1;10015
202424;Topptipset;XX12112X;162626;2147;0;0;0;53;0;0;0;3;3;2;0;4;4;2;1;397;358;182;205;319;297;215;153;0;1;0;0;1;1;10016
202424;Topptipset;X2X212XX;1173718;5233;0;0;0;157;0;0;0;1;4;3;0;3;3;1;1;464;466;134;152;313;313;330;314;1;0;0;1;0;0;10017
202424;Topptipset;X1111121;225064;190;0;0;0;827;0;0;0;6;1;1;0;7;7;0;0;467;456;133;150;416;416;334;306;1;1;0;1;1;0;10018
202424;Topptipset;121X2112;1111910;771;0;0;0;1009;0;0;0;4;1;3;0;6;6;1;1;440;391;153;188;374;347;287;203;1;1;0;1;1;0;10019
202424;Topptipset;X1111212;231746;1398;0;0;0;116;0;0;0;5;1;2;0;4;4;4;2;438;413;151;171;351;357;287;242;1;1;1;1;1;1;10020
202424;Topptipset;1XX12X21;892896;1509;0;0;0;414;0;0;0;3;3;2;0;4;3;2;2;454;423;150;164;348;329;304;259;1;1;0;1;1;0;10023
202424;Topptipset;21111211;136891;840;0;0;0;114;0;0;0;6;0;2;0;6;5;2;1;418;350;173;198;365;320;245;152;1;1;1;1;1;1;10024
202424;Topptipset;11121211;272054;438;0;0;0;434;0;0;0;6;0;2;0;6;6;1;1;448;421;144;167;407;393;304;254;1;1;1;1;1;1;10025
202424;Topptipset;1221XXX2;115903;20283;0;0;0;4;0;0;0;2;3;3;0;3;3;2;2;409;370;173;196;263;251;236;174;0;0;0;0;0;1;10026
202424;Topptipset;2X2X1122;1584250;414;0;0;0;2674;0;0;0;2;2;4;0;5;5;0;0;452;425;136;168;380;352;316;257;1;0;1;1;1;0;10027
202424;Topptipset;21XX12XX;368405;4446;0;0;0;58;0;0;0;2;4;2;0;2;2;3;4;381;332;189;221;284;284;192;111;1;0;0;1;0;1;10028
202423;Topptipset Stryk;2121X122;2019341;950;0;0;0;1487;0;0;0;3;1;4;0;5;4;3;1;445;411;153;182;381;343;292;229;1;0;1;1;1;1;10001
202423;Topptipset Extra;1112X11X;1199448;256;0;0;0;3272;0;0;0;5;2;1;0;6;5;1;1;447;423;148;158;410;391;299;265;1;1;1;1;1;1;9995
202423;Topptipset Extra;11X22XX2;1230674;10017;0;0;0;86;0;0;0;2;3;3;0;3;2;1;2;441;411;154;176;296;280;287;235;0;1;0;0;1;1;10004
202423;Topptipset;1X1X122X;1222187;1816;0;0;0;471;0;0;0;3;3;2;0;4;4;2;3;463;457;141;149;357;339;322;308;1;1;0;1;1;0;9992
202423;Topptipset;XX211XX2;177213;3352;0;0;0;37;0;0;0;2;4;2;0;3;3;2;3;464;463;141;140;332;329;323;323;1;1;0;1;1;0;9993
202423;Topptipset;X1111X21;1487798;1070;0;0;0;973;0;0;0;5;2;1;0;3;4;2;0;454;440;144;156;362;357;310;284;1;1;0;1;1;0;9996
202423;Topptipset;221211X2;210862;1366;0;0;0;108;0;0;0;3;1;4;0;5;6;2;1;422;409;170;177;344;361;252;232;1;0;1;1;0;1;9997
202423;Topptipset;21X2X12X;209963;2013;0;0;0;73;0;0;0;2;3;3;0;5;4;0;0;444;457;154;148;334;348;290;309;1;0;1;0;1;1;9998
202423;Topptipset;12X121XX;1333503;17286;0;0;0;54;0;0;0;3;3;2;0;3;3;2;2;456;439;136;153;280;279;320;286;0;1;0;1;0;0;9999
202423;Topptipset;1X2X1X12;163559;4403;0;0;0;26;0;0;0;3;3;2;0;4;4;2;2;446;427;151;169;315;328;295;258;1;0;1;1;0;0;10002
202423;Topptipset;211XX111;1550014;10534;0;0;0;103;0;0;0;5;2;1;0;5;5;1;1;473;506;127;121;344;356;346;385;0;1;1;0;1;1;10005
202423;Topptipset;X1211222;141569;12387;0;0;0;8;0;0;0;3;1;4;0;3;3;2;2;455;463;148;153;304;343;307;310;1;1;0;0;1;0;10006
202423;Topptipset;1112212X;268111;165;0;0;0;1135;0;0;0;4;1;3;0;6;6;1;0;445;422;153;173;434;413;292;249;1;1;1;1;1;1;10010
202423;Topptipset;211XXX11;157898;2456;0;0;0;45;0;0;0;4;3;1;0;3;3;1;1;430;403;159;179;312;314;271;224;1;0;0;1;1;0;10007
202423;Topptipset;X112122X;525894;4908;0;0;0;75;0;0;0;3;2;3;0;4;3;2;2;455;421;142;171;318;312;313;250;1;0;1;0;1;1;10008
202422;Topptipset Stryk;21112X12;1465694;493;0;0;0;2078;0;0;0;4;1;3;0;5;6;1;1;443;418;152;176;387;378;291;242;1;1;1;1;1;1;9983
202422;Topptipset Extra;X11X1221;1068418;1395;0;0;0;536;0;0;0;4;2;2;0;4;5;1;1;412;395;167;181;334;320;245;214;0;1;1;0;1;1;9974
202422;Topptipset Extra;122X1112;1503593;3942;0;0;0;267;0;0;0;4;1;3;0;5;6;1;1;414;382;179;198;313;303;235;184;0;0;1;0;0;1;9985
202422;Topptipset;12112221;2020232;2440;0;0;0;682;0;0;0;4;0;4;0;5;5;1;1;422;368;177;207;324;314;245;161;0;1;1;0;1;1;9969
202422;Topptipset;1X121X2X;228540;4102;0;0;0;39;0;0;0;3;3;2;0;2;4;1;2;393;327;185;219;287;286;208;108;1;0;1;0;1;1;9970
202422;Topptipset;1X2121X1;1321927;2900;0;0;0;319;0;0;0;4;2;2;0;3;3;1;2;416;377;164;188;312;305;252;189;1;0;0;1;0;0;9976
202422;Topptipset;11X1X211;194649;478;0;0;0;285;0;0;0;5;2;1;0;5;5;1;1;429;417;168;174;377;362;261;243;1;1;0;1;1;0;9977
202422;Topptipset;11X121X1;178427;224;0;0;0;557;0;0;0;5;2;1;0;5;5;2;1;432;444;156;150;398;395;276;294;1;1;1;1;1;1;9978
202422;Topptipset;1XX11X2X;1088788;4917;0;0;0;155;0;0;0;3;4;1;0;3;3;3;2;412;372;167;194;288;274;245;178;0;1;1;1;0;1;9979
202422;Topptipset;11212221;149384;3485;0;0;0;30;0;0;0;4;0;4;0;4;5;2;2;442;434;155;162;322;338;287;272;1;1;0;1;0;1;9980
202422;Topptipset;1X112212;1115417;8218;0;0;0;95;0;0;0;4;1;3;0;3;4;2;1;423;369;171;200;266;281;252;169;0;0;1;0;0;1;9981
202422;Topptipset;22212XX1;1155764;746;0;0;0;1084;0;0;0;2;2;4;0;4;4;2;2;474;497;126;130;370;371;348;367;1;1;0;1;1;1;9986
202422;Topptipset;1121212X;178124;1400;0;0;0;89;0;0;0;4;1;3;0;6;4;2;2;423;379;167;188;359;332;256;191;1;1;0;1;1;0;9987
202422;Topptipset;222X21X1;351407;1248;0;0;0;197;0;0;0;2;2;4;0;5;5;1;2;424;394;161;185;347;336;263;209;1;0;1;1;0;1;9988
202422;Topptipset;1211111X;130767;880;0;0;0;104;0;0;0;6;1;1;0;5;6;3;2;444;437;160;166;362;383;284;271;1;1;1;1;0;1;9989
202422;Topptipset;11222X2X;353925;1848;0;0;0;134;0;0;0;2;2;4;0;4;5;1;2;410;383;174;191;318;314;236;192;0;1;1;0;1;0;9990
202422;Topptipset;11112111;156074;218;0;0;0;500;0;0;0;7;0;1;0;6;7;1;1;436;454;157;147;419;433;279;307;1;1;1;1;1;1;9991
202421;Topptipset Stryk;21221211;1811049;457;0;0;0;2771;0;0;0;4;0;4;0;6;6;1;1;463;484;140;141;399;412;323;343;1;1;0;1;1;0;9955
202421;Topptipset Extra;1X221111;1140516;3679;0;0;0;217;0;0;0;5;1;2;0;4;4;3;3;432;419;155;175;327;321;277;244;1;0;1;1;0;1;9947
202421;Topptipset Extra;2X112X12;1307586;4842;0;0;0;189;0;0;0;3;2;3;0;4;3;3;2;356;314;192;225;288;269;164;89;1;0;0;1;1;0;9962
202421;Topptipset;222X122X;102710;1672;0;0;0;43;0;0;0;1;2;5;0;4;4;4;3;443;450;148;148;341;318;295;302;1;1;0;1;1;1;9941
202421;Topptipset;X1X22X11;1505628;689;0;0;0;1528;0;0;0;3;3;2;0;5;5;1;3;423;383;164;194;360;340;259;189;1;1;0;1;1;0;9942
202421;Topptipset;1X21X1XX;150067;1400;0;0;0;75;0;0;0;3;4;1;0;3;3;0;2;417;369;170;204;322;282;247;165;1;0;0;1;1;0;9943
202421;Topptipset;11XXX2X1;1021084;11717;0;0;0;61;0;0;0;3;4;1;0;3;3;2;3;423;396;166;192;264;260;257;204;0;0;1;0;0;0;9949
202421;Topptipset;1XX12122;132814;664;0;0;0;140;0;0;0;3;2;3;0;4;4;1;2;417;375;173;198;368;339;244;177;1;1;1;1;1;1;9950
202421;Topptipset;2112XX12;147461;6451;0;0;0;16;0;0;0;3;2;3;0;3;3;3;3;411;351;172;214;294;288;239;137;1;0;0;1;0;1;9951
202421;Topptipset;21212211;1088724;2712;0;0;0;281;0;0;0;4;0;4;0;3;4;3;1;387;342;187;223;295;299;200;119;1;1;0;1;0;0;9952
202421;Topptipset;X2121111;172239;641;0;0;0;188;0;0;0;5;1;2;0;6;6;1;1;432;399;160;176;368;343;272;223;1;0;1;1;0;1;9953
202421;Topptipset;112111X2;1417048;1288;0;0;0;770;0;0;0;5;1;2;0;4;4;3;3;447;441;149;161;354;334;298;280;1;1;0;1;1;0;9963
202421;Topptipset;1111212X;155841;694;0;0;0;157;0;0;0;5;1;2;0;5;4;0;2;387;341;187;216;348;297;200;125;1;1;0;1;1;1;9964
202421;Topptipset;121X2111;591688;1624;0;0;0;255;0;0;0;5;1;2;0;5;4;2;1;401;352;177;211;333;294;224;141;1;1;0;1;0;1;9960
202421;Topptipset;22XX112X;311160;4188;0;0;0;52;0;0;0;2;3;3;0;4;4;1;1;474;503;133;135;311;326;341;368;1;0;0;1;0;0;9965
202421;Topptipset;2X22X1X2;166328;1552;0;0;0;75;0;0;0;1;3;4;0;4;2;3;3;379;364;183;199;304;262;196;165;0;1;0;1;1;0;9966
202421;Topptipset;12XX2211;427259;12461;0;0;0;24;0;0;0;3;2;3;0;4;3;2;2;411;402;172;182;269;276;239;220;0;0;1;0;0;1;9967
202421;Topptipset;X1211121;98570;133;0;0;0;516;0;0;0;5;1;2;0;7;6;0;1;429;377;163;195;417;367;266;182;1;1;1;1;1;1;9968
202420;Topptipset Stryk;11122121;2015394;39;0;0;0;35426;0;0;0;5;0;3;0;7;8;0;0;485;539;126;110;482;539;359;429;1;1;1;1;1;1;9931
202420;Topptipset Extra;12211121;1403896;4077;0;0;0;241;0;0;0;5;0;3;0;4;4;3;1;406;354;180;208;294;291;226;146;0;0;1;0;1;0;9921
202420;Topptipset Extra;12122121;1138581;1308;0;0;0;609;0;0;0;4;0;4;0;6;6;1;1;408;370;174;204;332;325;234;166;1;0;1;0;1;1;9935
202420;Topptipset;12XXX11X;120340;14039;0;0;0;6;0;0;0;3;4;1;0;2;2;3;3;405;362;181;203;245;261;224;159;0;0;0;0;0;0;9914
202420;Topptipset;2221X11X;2107581;422;0;0;0;4084;0;0;0;3;2;3;0;6;6;2;2;437;416;161;173;382;368;276;243;1;1;1;1;1;1;9915
202420;Topptipset;11121212;156083;2276;0;0;0;48;0;0;0;5;0;3;0;4;4;2;1;430;392;163;187;321;320;267;205;1;0;1;0;1;1;9916
202420;Topptipset;22X12122;1399139;5154;0;0;0;190;0;0;0;2;1;5;0;2;2;5;2;426;390;170;193;262;289;256;197;1;0;0;1;0;0;9923
202420;Topptipset;1XX111X1;176209;223;0;0;0;552;0;0;0;5;3;0;0;5;5;2;0;456;503;149;120;414;430;307;383;1;1;1;1;1;1;9924
202420;Topptipset;X2212X11;177074;6886;0;0;0;18;0;0;0;3;2;3;0;3;4;2;2;387;356;180;202;295;293;207;154;1;0;1;1;0;0;9925
202420;Topptipset;12XX12X1;1702816;1845;0;0;0;646;0;0;0;3;3;2;0;4;4;3;4;447;423;142;170;347;350;305;253;1;1;1;1;0;1;9926
202420;Topptipset;X121X222;160184;1557;0;0;0;72;0;0;0;2;2;4;0;5;5;0;1;460;497;141;129;332;359;319;368;0;1;0;0;0;1;9927
202420;Topptipset;11121XX1;947469;2908;0;0;0;228;0;0;0;5;2;1;0;4;4;0;2;411;377;179;197;307;311;232;180;1;0;0;1;0;0;9929
202420;Topptipset;1X1XX122;1238129;10569;0;0;0;82;0;0;0;3;3;2;0;3;3;4;3;401;357;182;213;268;272;219;144;1;0;0;1;0;0;9937
202420;Topptipset;XX222211;153189;1449;0;0;0;74;0;0;0;2;2;4;0;4;4;2;3;403;367;181;205;335;324;222;162;1;1;0;1;1;0;9938
202420;Topptipset;112XX2X1;379310;1327;0;0;0;200;0;0;0;3;3;2;0;4;4;2;2;408;379;176;195;335;324;232;184;1;1;0;1;1;0;9939
202420;Topptipset;X2X211X1;317139;898;0;0;0;247;0;0;0;3;3;2;0;5;5;1;0;466;463;144;147;360;360;322;316;0;1;1;1;0;0;9940
202419;Topptipset Stryk;2X112211;2119086;654;0;0;0;2266;0;0;0;4;1;3;0;6;6;1;0;448;436;161;170;377;380;287;266;1;1;0;1;1;0;9904
202419;Topptipset Extra;1XX2X122;1294828;1996;0;0;0;454;0;0;0;2;3;3;0;4;4;1;2;428;395;170;186;323;323;258;209;1;0;1;1;0;0;9892
202419;Topptipset Extra;2X112X11;1596739;594;0;0;0;1879;0;0;0;4;2;2;0;5;6;0;1;408;380;179;197;371;360;229;183;1;1;1;1;1;1;9908
202419;Topptipset;111X2212;134885;2145;0;0;0;44;0;0;0;4;1;3;0;5;4;3;3;403;368;177;199;327;294;226;169;0;1;1;1;0;1;9849
202419;Topptipset;121X221X;1869314;16154;0;0;0;81;0;0;0;3;2;3;0;3;2;3;0;393;351;184;210;243;269;209;141;0;1;0;0;0;0;9850
202419;Topptipset;1X11X222;192460;12247;0;0;0;11;0;0;0;3;2;3;1;4;3;2;2;428;410;167;176;281;285;261;234;0;1;0;1;0;0;9851
202419;Topptipset;221121X2;942930;3219;0;0;0;205;0;0;0;3;1;4;0;4;6;2;2;425;369;165;194;340;321;260;175;1;0;1;0;1;1;9900
202419;Topptipset;222XXX12;1333578;17287;0;0;0;54;0;0;0;1;3;4;0;2;2;2;3;424;397;168;184;249;263;256;213;0;1;0;0;1;0;9894
202419;Topptipset;XX1X2121;164738;2402;0;0;0;48;0;0;0;3;3;2;0;4;4;1;1;419;397;168;182;323;298;251;215;0;1;1;1;0;1;9895
202419;Topptipset;X21X1121;185394;323;0;0;0;401;0;0;0;4;2;2;0;5;5;3;0;443;469;154;137;394;428;289;332;1;1;1;1;1;1;9896
202419;Topptipset;1X22X1X1;870467;1761;0;0;0;346;0;0;0;3;3;2;0;3;3;3;3;412;388;173;187;323;319;239;201;1;1;1;1;1;1;9897
202419;Topptipset;21121X11;119964;198;0;0;0;423;0;0;0;5;1;2;0;6;6;0;1;437;444;164;163;418;425;273;281;1;1;1;1;1;1;9899
202419;Topptipset;X221X21X;1341223;3681;0;0;0;255;0;0;0;2;3;3;0;4;4;1;2;443;421;153;174;297;306;290;247;1;0;0;0;0;1;9909
202419;Topptipset;222X122X;131972;4619;0;0;0;20;0;0;0;1;2;5;0;4;4;2;3;400;359;185;211;294;299;215;148;1;0;0;1;0;0;9910
202419;Topptipset;1X21XX21;359624;4340;0;0;0;58;0;0;0;3;3;2;0;4;4;3;3;432;413;157;171;306;301;275;242;0;1;0;0;1;0;9917
202419;Topptipset;21221221;151627;2527;0;0;0;42;0;0;0;3;0;5;0;4;4;3;1;418;404;176;185;318;314;242;219;1;0;0;1;1;0;9912
202419;Topptipset;12X112X2;453510;2235;0;0;0;142;0;0;0;3;2;3;0;5;5;2;2;419;411;165;176;337;326;254;235;1;0;1;1;0;1;9913
202419;Topptipset;X112121X;1026726;1814;0;0;0;396;0;0;0;4;2;2;0;4;4;1;1;429;419;158;169;324;319;271;250;1;0;1;0;1;1;9905
202418;Topptipset Stryk;1X2212X1;2303842;867;0;0;0;1859;0;0;0;3;2;3;0;5;4;0;1;433;414;162;169;362;358;271;245;1;1;0;1;0;1;9840
202418;Topptipset Extra;12X12111;1527171;2692;0;0;0;397;0;0;0;5;1;2;0;6;6;2;2;424;381;156;182;346;323;268;199;0;1;1;0;1;1;9832
202418;Topptipset Extra;111XX112;2060900;2209;0;0;0;653;0;0;0;5;2;1;0;4;4;1;4;417;410;169;178;325;329;248;232;1;0;1;0;1;1;9855
202418;Topptipset;1211X112;2716816;319;0;0;0;6737;0;0;0;5;1;2;0;6;6;0;0;427;401;163;190;392;376;264;211;1;1;1;1;1;1;9823
202418;Topptipset;X2111121;175561;1068;0;0;0;115;0;0;0;5;1;2;0;5;5;2;2;437;441;150;167;349;384;287;274;1;1;1;1;1;0;9824
202418;Topptipset;X2X2X11X;1197794;2361;0;0;0;355;0;0;0;2;4;2;0;3;3;4;2;401;362;183;203;315;306;218;159;1;1;0;1;1;0;9833
202418;Topptipset;XX111X21;153518;479;0;0;0;224;0;0;0;4;3;1;1;4;4;2;2;430;419;158;170;377;379;272;249;1;1;1;1;1;1;9834
202418;Topptipset;X211121X;1350996;72745;0;0;0;13;0;0;0;4;2;2;0;2;2;3;2;434;394;144;178;221;252;290;216;0;0;1;0;0;0;9835
202418;Topptipset;11122X22;767703;25590;0;0;0;21;0;0;0;3;1;4;2;3;3;3;3;434;442;160;156;229;239;274;286;0;0;0;0;0;0;9836
202418;Topptipset;X2X2X12X;1526093;3828;0;0;0;279;0;0;0;1;4;3;0;4;3;1;2;411;386;165;189;300;291;246;197;1;0;0;0;1;0;9843
202418;Topptipset;XX112111;152738;1843;0;0;0;58;0;0;0;5;2;1;0;5;6;0;0;395;362;188;205;329;306;207;157;0;0;1;1;1;0;9837
202418;Topptipset;1211111X;845376;670;0;0;0;882;0;0;0;6;1;1;0;5;5;2;2;448;458;152;149;380;380;296;309;1;1;1;1;1;1;9845
202418;Topptipset;21X1111X;416846;3602;0;0;0;81;0;0;0;5;2;1;0;5;5;1;1;411;377;173;188;305;284;238;189;0;0;1;0;0;1;9846
202418;Topptipset;11211X21;174195;2177;0;0;0;56;0;0;0;5;1;2;0;4;4;3;2;404;386;179;196;323;306;225;190;0;1;1;1;1;0;9847
202418;Topptipset;X122X12X;514237;4389;0;0;0;82;0;0;0;2;3;3;1;3;3;3;2;425;394;157;182;312;290;268;212;0;1;0;1;1;0;9848
202418;Topptipset;21X12211;121142;642;0;0;0;132;0;0;0;4;1;3;0;5;5;1;2;419;398;169;186;350;325;250;212;1;0;1;0;1;1;9857
202417;Topptipset Stryk;XXX111XX;2647234;3093;0;0;0;599;0;0;0;3;5;0;0;3;2;2;3;431;409;174;181;309;287;257;228;1;0;1;1;0;0;9808
202417;Topptipset Extra;1112221X;1530435;5329;0;0;0;201;0;0;0;4;1;3;0;4;4;2;2;427;404;158;172;325;315;269;232;1;0;1;1;0;1;9800
202417;Topptipset Extra;221X1121;2053872;404;0;0;0;3558;0;0;0;4;1;3;0;6;6;1;1;452;467;144;150;400;398;308;317;1;0;1;1;1;1;9815
202417;Topptipset;221X2111;1625716;2380;0;0;0;478;0;0;0;4;1;3;0;5;4;2;2;431;385;155;187;327;320;276;198;1;1;0;1;0;0;9790
202417;Topptipset;1111X2X2;1528508;855;0;0;0;1251;0;0;0;4;2;2;0;5;5;2;1;405;368;176;198;360;343;229;170;1;1;1;1;1;1;9803
202417;Topptipset;11XXX112;101261;2531;0;0;0;28;0;0;0;4;3;1;0;5;4;0;1;418;395;175;188;332;319;243;207;1;0;1;1;0;1;9806
202417;Topptipset;2121221X;146618;375;0;0;0;273;0;0;0;3;1;4;0;6;6;1;1;395;364;181;204;380;354;214;160;1;1;1;1;1;1;9802
202417;Topptipset;21121222;2973569;1441;0;0;0;1617;0;0;0;3;0;5;0;5;5;2;2;420;400;170;186;347;345;250;214;1;1;1;1;1;0;9804
202417;Topptipset;12111222;192080;465;0;0;0;289;0;0;0;4;0;4;0;6;6;0;0;393;376;185;191;368;357;208;185;1;1;0;1;1;1;9805
202417;Topptipset;2111X21X;1666749;2400;0;0;0;486;0;0;0;4;2;2;0;5;4;1;2;415;395;169;188;328;307;246;207;1;0;0;1;0;0;9816
202417;Topptipset;222XX212;127820;17894;0;0;0;5;0;0;0;1;2;5;0;2;2;4;4;421;388;172;188;268;269;249;200;0;1;1;0;1;1;9817
202417;Topptipset;XX1XXX12;705620;3166;0;0;0;156;0;0;0;2;5;1;0;3;3;2;2;427;389;173;194;301;288;254;195;0;1;1;0;1;1;9818
202417;Topptipset;XX11XX12;520897;15853;0;0;0;23;0;0;0;3;4;1;0;3;3;4;4;442;416;152;162;284;274;290;254;0;1;0;0;1;1;9819
202417;Topptipset;2XX21211;146630;3947;0;0;0;26;0;0;0;3;2;3;0;4;4;2;2;426;428;168;165;296;279;258;263;0;0;1;0;0;1;9820
202417;Topptipset;XX11111X;455395;1226;0;0;0;260;0;0;0;5;3;0;0;4;5;1;2;396;369;180;201;330;334;216;168;1;1;0;1;1;0;9821
202417;Topptipset;X22111XX;124029;2346;0;0;0;37;0;0;0;3;3;2;0;4;4;2;1;423;395;165;184;304;310;258;211;1;0;0;1;0;0;9822
202416;Topptipset Stryk;122212X1;2556948;4302;0;0;0;416;0;0;0;3;1;4;0;5;5;2;1;436;441;149;157;305;325;287;284;1;0;1;0;1;0;9777
202416;Topptipset Extra;211X1221;1453141;2683;0;0;0;379;0;0;0;4;1;3;0;4;4;3;2;444;433;158;166;324;333;286;267;1;0;1;1;0;1;9768
202416;Topptipset Extra;211X1121;2046449;1149;0;0;0;1246;0;0;0;5;1;2;0;6;6;1;1;442;425;156;177;353;345;286;248;0;1;1;0;0;1;9781
202416;Topptipset;XX22212X;138215;2015;0;0;0;48;0;0;0;1;3;4;0;4;4;2;2;443;418;135;163;339;329;308;255;1;0;1;1;0;1;9759
202416;Topptipset;121X21X2;2479615;1220;0;0;0;1627;0;0;0;3;2;3;0;5;5;1;1;437;424;155;174;353;342;282;250;1;0;1;1;0;1;9760
202416;Topptipset;12121X2X;100975;2437;0;0;0;29;0;0;0;3;2;3;0;5;5;1;0;398;372;188;199;325;314;210;173;0;1;1;0;1;1;9769
202416;Topptipset;X1X12X11;1840259;2054;0;0;0;627;0;0;0;4;3;1;1;4;3;0;0;433;416;159;170;315;290;274;246;0;1;0;0;1;1;9770
202416;Topptipset;X2X11X12;88886;15555;0;0;0;4;0;0;0;3;3;2;0;2;2;3;2;443;419;147;167;261;255;296;252;0;1;0;0;1;0;9771
202416;Topptipset;12X112X1;1864031;2558;0;0;0;510;0;0;0;4;2;2;0;4;4;2;3;426;404;173;185;328;322;253;219;1;1;1;1;1;1;9772
202416;Topptipset;12X11XX1;114339;2106;0;0;0;38;0;0;0;4;3;1;0;4;5;1;1;439;451;151;150;329;348;288;301;1;1;0;1;0;0;9773
202416;Topptipset;XX11XXXX;1445836;4961;0;0;0;204;0;0;0;2;6;0;0;3;2;0;2;426;405;158;178;281;275;268;227;0;1;0;0;1;0;9784
202416;Topptipset;1222121X;124169;7243;0;0;0;12;0;0;0;3;1;4;0;3;4;3;2;402;387;174;189;271;290;228;198;1;0;0;0;1;1;9785
202416;Topptipset;X2111X21;592040;41442;0;0;0;10;0;0;0;4;2;2;0;2;2;3;2;450;450;146;157;239;246;304;293;0;1;0;0;1;0;9793
202416;Topptipset;21111221;435555;391;0;0;0;779;0;0;0;5;0;3;0;6;6;1;1;427;423;156;166;399;393;271;257;1;1;1;1;1;1;9786
202416;Topptipset;111X2221;126379;2680;0;0;0;33;0;0;0;4;1;3;0;4;4;2;3;411;412;173;174;329;310;238;238;1;1;0;1;0;1;9787
202416;Topptipset;1121X1X2;437434;158;0;0;0;1926;0;0;0;4;2;2;0;6;6;1;1;421;417;174;179;410;388;247;238;1;1;1;1;1;1;9788
202416;Topptipset;21X1X212;94178;6592;0;0;0;10;0;0;0;3;2;3;0;3;3;3;2;453;438;151;165;306;293;302;273;0;0;1;1;1;0;9789
202415;Topptipset Stryk;X1XX1X1X;2471140;8736;0;0;0;198;0;0;0;3;5;0;0;2;2;2;2;427;391;167;192;267;268;260;199;1;0;0;1;0;0;9742
202415;Topptipset Extra;2121XX11;1743330;5952;0;0;0;205;0;0;0;4;2;2;0;3;4;3;2;422;405;167;177;305;301;255;228;1;0;1;1;0;1;9733
202415;Topptipset Extra;222XXX11;1865898;93294;0;0;0;14;0;0;0;2;3;3;1;1;2;4;2;452;445;141;160;215;221;311;285;0;0;0;0;0;0;9748
202415;Topptipset;1X122X12;110327;424;0;0;0;182;0;0;0;3;2;3;0;5;5;2;2;430;423;164;172;392;381;266;251;1;1;1;1;1;1;9726
202415;Topptipset;211212X2;341485;622;0;0;0;384;0;0;0;3;1;4;0;6;6;1;2;473;431;136;168;405;392;337;263;1;1;1;1;1;0;9731
202415;Topptipset;X22XX2X2;1543756;36020;0;0;0;30;0;0;0;0;4;4;0;1;2;2;2;443;393;153;185;234;260;290;208;1;0;0;0;1;0;9725
202415;Topptipset;XXX11XX1;2167608;22646;0;0;0;67;0;0;0;3;5;0;0;2;2;2;4;422;401;172;184;244;238;250;217;0;0;0;0;0;1;9734
202415;Topptipset;11X1X1X1;134558;135;0;0;0;694;0;0;0;5;3;0;0;5;5;0;0;479;539;128;104;434;452;351;435;1;1;1;1;1;1;9735
202415;Topptipset;111X2111;108989;87;0;0;0;874;0;0;0;6;1;1;0;7;6;1;1;462;468;142;138;457;462;320;330;1;1;1;1;1;1;9736
202415;Topptipset;22111111;2730249;3811;0;0;0;567;0;0;0;6;0;2;0;5;5;3;2;448;441;145;156;329;333;303;285;0;1;1;0;1;1;9737
202415;Topptipset;11X1X121;124755;3358;0;0;0;26;0;0;0;5;2;1;0;3;3;1;1;438;454;163;156;318;323;275;298;1;0;1;0;1;1;9738
202415;Topptipset;111112XX;1421364;2618;0;0;0;380;0;0;0;5;2;1;0;4;4;2;3;452;460;146;152;342;336;306;308;1;1;0;1;1;0;9749
202415;Topptipset;X221XXX2;98804;34581;0;0;0;2;0;0;0;1;4;3;0;2;2;1;2;433;384;157;197;266;278;276;187;1;0;0;0;1;0;9750
202415;Topptipset;121X2112;689742;6352;0;0;0;76;0;0;0;4;1;3;0;4;4;2;2;442;417;156;173;330;314;286;244;1;0;0;1;0;1;9751
202415;Topptipset;2X22X22X;462377;10114;0;0;0;32;0;0;0;0;3;5;0;3;3;3;4;439;399;153;179;270;253;286;220;0;0;1;0;0;1;9752
202415;Topptipset;X2X22X22;104549;18296;0;0;0;4;0;0;0;0;3;5;0;1;1;3;3;396;369;184;195;214;231;212;174;0;0;0;0;0;0;9753
202415;Topptipset;XX112X11;486221;2559;0;0;0;133;0;0;0;4;3;1;0;5;5;0;0;437;444;159;153;301;312;278;291;0;0;1;0;0;1;9756
202415;Topptipset;222112X1;86038;987;0;0;0;61;0;0;0;3;1;4;0;5;5;2;1;392;364;181;202;347;340;211;162;1;1;1;1;1;0;9757
202414;Topptipset Stryk;2X2211X2;2509763;3126;0;0;0;562;0;0;0;2;2;4;0;4;4;1;1;418;395;169;186;306;305;249;209;1;0;1;1;0;1;9705
202414;Topptipset Extra;1X11112X;1348011;126;0;0;0;7475;0;0;0;5;2;1;0;5;6;1;1;476;498;135;130;446;458;341;368;1;1;1;1;1;1;9696
202414;Topptipset Extra;XX111222;1833576;5438;0;0;0;236;0;0;0;3;2;3;0;4;4;2;2;454;437;131;168;314;310;323;269;0;1;0;1;0;1;9711
202414;Topptipset;22222112;141775;3544;0;0;0;28;0;0;0;2;0;6;0;2;5;2;3;374;328;195;218;263;277;179;110;0;0;1;1;0;0;9679
202414;Topptipset;211X11XX;3385893;1452;0;0;0;1976;0;0;0;4;3;1;0;5;5;0;1;419;399;166;182;338;329;253;217;0;1;1;0;1;1;9680
202414;Topptipset;21121221;863175;190;0;0;0;3167;0;0;0;4;0;4;0;7;7;1;1;454;459;142;147;422;423;312;312;1;1;1;1;1;1;9684
202414;Topptipset;11X2122X;229883;11494;0;0;0;14;0;0;0;3;2;3;0;3;3;3;1;415;354;176;205;272;280;239;149;1;0;0;0;1;0;9685
202414;Topptipset;XX1X1X1X;2242236;5014;0;0;0;313;0;0;0;3;5;0;0;3;2;3;4;407;363;173;203;277;276;234;160;1;1;0;1;0;0;9697
202414;Topptipset;1212X2X2;134804;806;0;0;0;117;0;0;0;2;2;4;0;6;6;1;1;415;385;173;191;358;352;242;194;1;1;0;1;1;0;9698
202414;Topptipset;1XXX1222;160094;2801;0;0;0;40;0;0;0;2;3;3;0;3;4;4;1;404;388;178;186;317;324;226;202;1;1;1;1;1;1;9699
202414;Topptipset;112XX11X;1582992;541;0;0;0;2047;0;0;0;4;3;1;0;5;5;2;1;457;450;145;160;397;383;312;290;1;1;0;1;1;0;9700
202414;Topptipset;12XX1222;146868;1534;0;0;0;67;0;0;0;2;2;4;0;5;5;1;1;420;394;171;185;343;327;249;209;1;1;0;1;0;1;9701
202414;Topptipset;X1XX2212;1439597;5598;0;0;0;180;0;0;0;2;3;3;0;4;4;1;2;438;392;150;190;294;281;288;202;0;0;1;0;0;1;9712
202414;Topptipset;11122111;97812;1291;0;0;0;53;0;0;0;6;0;2;0;5;6;2;1;406;356;179;205;341;336;227;151;1;1;1;1;0;1;9713
202414;Topptipset;X1121121;597499;214;0;0;0;1946;0;0;0;5;1;2;0;5;6;1;1;428;390;164;188;408;368;264;202;1;1;1;1;1;1;9714
202414;Topptipset;X1111221;418715;6371;0;0;0;46;0;0;0;5;1;2;1;3;2;4;2;429;386;157;189;272;285;272;197;1;0;0;1;0;0;9715
202414;Topptipset;1XX21XX1;119094;4631;0;0;0;18;0;0;0;3;4;1;0;2;3;2;2;415;405;164;187;277;290;251;218;1;0;0;1;0;0;9716
202414;Topptipset;12221121;372268;1902;0;0;0;137;0;0;0;4;0;4;0;7;6;1;1;427;404;166;183;359;344;261;221;0;1;1;0;1;1;9717
202413;Topptipset Stryk;X1X1X1X1;2382636;3790;0;0;0;440;0;0;0;4;4;0;0;3;3;1;3;450;453;150;159;311;308;300;294;1;0;1;1;0;1;9673
202413;Topptipset Extra;1XX1X121;1139284;6087;0;0;0;131;0;0;0;4;3;1;0;4;4;3;3;449;425;149;168;334;322;300;257;1;0;1;1;0;1;9660
202413;Topptipset Extra;X1121222;1670224;1002;0;0;0;1166;0;0;0;3;1;4;0;5;6;2;2;448;421;143;175;376;367;305;246;1;1;1;1;1;1;9675
202413;Topptipset;11X12XX1;1041942;214;0;0;0;3404;0;0;0;4;3;1;0;5;5;1;1;462;429;142;162;408;368;320;267;1;1;1;1;1;1;9648
202413;Topptipset;XX111212;805493;2750;0;0;0;205;0;0;0;4;2;2;0;5;6;1;0;429;403;162;179;329;317;267;224;0;1;1;0;1;1;9666
202413;Topptipset;11X22X21;92038;692;0;0;0;93;0;0;0;3;2;3;0;5;5;2;2;453;466;153;148;394;417;300;318;1;1;1;1;1;1;9665
202413;Topptipset;X111212X;61361;1101;0;0;0;39;0;0;0;4;2;2;0;4;6;0;1;405;384;171;190;334;337;234;194;1;0;1;1;0;1;9667
202413;Topptipset;1X221X22;773846;1488;0;0;0;364;0;0;0;2;2;4;1;4;3;3;4;431;398;155;175;342;317;276;223;1;1;0;1;1;0;9668
202413;Topptipset;221211XX;115330;832;0;0;0;97;0;0;0;3;2;3;0;3;3;3;4;416;401;174;181;355;334;242;220;1;1;1;1;1;1;9669
202413;Topptipset;2X11222X;2286110;2993;0;0;0;618;0;0;0;2;2;4;0;4;4;3;3;430;389;166;196;318;308;264;193;1;0;0;1;0;0;9670
202413;Topptipset;X112122X;503086;2462;0;0;0;143;0;0;0;3;2;3;0;4;4;1;2;447;430;145;166;339;332;302;264;1;0;1;1;0;1;9681
202413;Topptipset;1211X111;84139;127;0;0;0;462;0;0;0;6;1;1;0;7;7;0;0;423;395;162;185;418;390;261;210;1;1;1;1;1;1;9682
202413;Topptipset;221X122X;543537;6136;0;0;0;62;0;0;0;2;2;4;0;3;4;2;0;431;367;156;198;285;304;275;169;1;1;0;1;0;1;9683
202413;Topptipset;X12X1XX1;365588;2508;0;0;0;102;0;0;0;3;4;1;0;3;3;1;3;421;376;171;194;310;290;250;182;1;0;0;1;0;0;9686
202413;Topptipset;XX211111;74895;1048;0;0;0;50;0;0;0;5;2;1;0;5;5;2;0;432;380;161;201;355;336;271;179;1;1;1;1;0;1;9677
202413;Topptipset;12112X21;396222;203;0;0;0;1366;0;0;0;4;1;3;0;7;7;0;0;437;402;149;178;406;381;288;224;1;1;1;1;1;1;9678
202412;Topptipset Stryk;22XX22X1;1903585;95179;0;0;0;14;0;0;0;1;3;4;0;1;1;4;4;449;402;141;184;201;213;308;218;0;0;0;0;0;0;9644
202412;Topptipset Extra;11121222;1247047;77;0;0;0;11240;0;0;0;4;0;4;0;7;7;1;0;482;493;113;125;459;484;369;368;1;1;1;1;1;1;9634
202412;Topptipset Extra;X1111X11;1059222;248;0;0;0;2989;0;0;0;6;2;0;0;5;5;0;1;436;377;157;195;403;350;279;182;1;1;1;1;1;1;9656
202412;Topptipset;X2XX1222;729936;5161;0;0;0;99;0;0;0;1;3;4;1;2;2;2;2;453;420;151;171;299;305;302;249;1;1;0;1;1;0;9617
202412;Topptipset;22211112;769843;1418;0;0;0;380;0;0;0;4;0;4;0;4;4;4;1;467;469;133;149;355;367;334;320;1;1;1;1;1;1;9636
202412;Topptipset;221122X1;828748;2762;0;0;0;210;0;0;0;3;1;4;0;5;5;2;2;447;434;154;168;349;353;293;266;1;1;0;1;0;1;9637
202412;Topptipset;211X2111;987579;644;0;0;0;1072;0;0;0;5;1;2;0;6;6;1;1;479;485;124;131;398;422;355;354;1;1;1;1;1;1;9645
202412;Topptipset;22XX1111;375503;2953;0;0;0;89;0;0;0;4;2;2;0;4;4;2;2;438;402;154;183;317;304;284;219;1;0;0;1;0;1;9647
202412;Topptipset;1X111XXX;284168;1391;0;0;0;143;0;0;0;4;4;0;0;4;4;1;2;443;391;145;184;334;320;298;207;0;1;1;0;1;0;9646
202411;Topptipset Stryk;111X21X2;2409630;3470;0;0;0;486;0;0;0;4;2;2;0;2;2;3;1;430;403;167;180;313;311;263;223;1;1;0;1;1;0;9612
202411;Topptipset Extra;11221111;1314134;89;0;0;0;10255;0;0;0;6;0;2;0;8;8;0;0;446;447;160;159;446;447;286;288;1;1;1;1;1;1;9599
202411;Topptipset Extra;XXXX1221;1848587;3243;0;0;0;399;0;0;0;2;4;2;1;3;3;1;2;433;391;154;188;312;284;279;203;0;1;0;0;1;1;9629
202411;Topptipset;11211X12;131394;1082;0;0;0;85;0;0;0;5;1;2;0;5;5;2;3;407;387;179;194;350;324;228;193;1;1;0;1;1;0;9584
202411;Topptipset;12XX1222;1579536;3045;0;0;0;363;0;0;0;2;2;4;0;4;4;2;3;426;364;153;195;318;287;273;169;1;0;0;1;1;0;9585
202411;Topptipset;112122X1;1670004;412;0;0;0;2834;0;0;0;4;1;3;0;6;6;2;0;426;399;161;187;390;382;265;212;1;1;1;1;1;1;9601
202411;Topptipset;X211112X;115855;567;0;0;0;143;0;0;0;4;2;2;0;5;5;2;2;440;430;152;168;366;384;288;262;1;1;1;1;1;0;9602
202411;Topptipset;111111X1;1993652;172;0;0;0;9537;0;0;0;7;1;0;0;6;6;1;0;450;448;148;159;427;425;302;289;1;1;1;1;1;1;9603
202411;Topptipset;1112221X;145950;1344;0;0;0;76;0;0;0;4;1;3;0;5;5;1;1;451;429;149;166;370;382;302;263;1;1;1;1;0;1;9605
202411;Topptipset;X11212X1;93718;4100;0;0;0;16;0;0;0;4;2;2;0;4;4;3;3;461;446;144;163;320;316;317;283;1;1;0;1;0;1;9604
202411;Topptipset;22222211;90779;2269;0;0;0;28;0;0;0;2;0;6;0;4;5;4;1;392;358;190;207;316;309;202;151;1;1;1;1;1;1;9600
202411;Topptipset;1222121X;1313402;361;0;0;0;2543;0;0;0;3;1;4;0;6;7;1;0;439;397;150;171;398;376;289;226;1;1;1;1;1;1;9614
202411;Topptipset;X11X2X21;131722;1881;0;0;0;49;0;0;0;3;3;2;0;4;4;3;2;411;375;164;195;330;309;247;180;1;0;0;1;1;0;9615
202411;Topptipset;22111221;499866;1345;0;0;0;260;0;0;0;4;0;4;0;5;6;3;1;446;393;150;185;363;350;296;208;1;0;1;1;1;0;9618
202411;Topptipset;212X2X1X;355463;41470;0;0;0;6;0;0;0;2;3;3;0;3;3;3;2;459;429;143;166;292;266;316;263;0;1;0;0;1;1;9619
202411;Topptipset;2X211111;416964;234;0;0;0;1244;0;0;0;5;1;2;0;5;5;0;1;454;465;138;147;410;402;316;318;1;1;1;1;1;1;9620
202411;Topptipset;1X1X111X;108595;1583;0;0;0;48;0;0;0;5;3;0;1;4;4;2;3;397;354;182;212;338;309;215;142;1;1;0;1;1;1;9616
202410;Topptipset Stryk;11XXXX11;2568252;1192;0;0;0;1508;0;0;0;4;4;0;0;4;4;0;1;463;452;138;157;352;327;325;295;1;0;1;1;1;0;9578
202410;Topptipset Extra;211X11XX;1480656;1730;0;0;0;599;0;0;0;4;3;1;0;5;4;0;1;460;438;137;162;337;332;323;276;1;0;0;1;0;0;9564
202410;Topptipset Extra;X1XX1X22;2002086;4379;0;0;0;320;0;0;0;2;4;2;0;3;3;3;2;434;409;154;178;315;317;280;231;1;1;0;1;0;0;9593
202410;Topptipset;X121X2X1;149150;4971;0;0;0;21;0;0;0;3;3;2;0;4;4;1;2;403;366;183;198;290;267;220;168;0;1;0;0;1;0;9551
202410;Topptipset;XXX2211X;2150549;1457;0;0;0;1204;0;0;0;2;4;2;0;4;4;1;2;459;456;146;151;350;337;313;305;1;0;1;1;1;0;9552
202410;Topptipset;12XX2111;2120103;272;0;0;0;5445;0;0;0;4;2;2;0;6;5;0;0;456;453;144;154;407;392;312;299;1;1;1;1;1;1;9567
202410;Topptipset;212XXXXX;157413;55094;0;0;0;2;0;0;0;1;5;2;0;1;1;3;3;404;379;165;190;227;228;239;189;0;0;1;0;0;0;9568
202410;Topptipset;X11X11X1;2449650;1031;0;0;0;1904;0;0;0;5;3;0;1;4;5;1;1;430;416;160;176;363;353;270;240;1;1;0;1;0;1;9569
202410;Topptipset;1X222121;177915;4017;0;0;0;31;0;0;0;3;1;4;0;3;3;4;3;377;377;184;192;306;295;193;185;1;0;0;1;1;0;9565
202410;Topptipset;X111122X;184596;3400;0;0;0;38;0;0;0;4;2;2;0;3;4;2;2;382;377;194;192;305;323;188;185;1;1;1;1;1;0;9566
202410;Topptipset;1X212111;1520064;789;0;0;0;1347;0;0;0;5;1;2;0;6;6;1;1;463;449;128;150;379;385;335;299;1;1;1;1;1;0;9591
202410;Topptipset;11X211XX;120885;2917;0;0;0;29;0;0;0;4;3;1;0;3;4;1;1;371;332;196;221;295;291;175;111;1;0;0;1;0;0;9579
202410;Topptipset;1X21111X;560888;1609;0;0;0;244;0;0;0;5;2;1;0;4;5;1;1;439;389;149;186;337;302;290;203;0;1;0;1;1;1;9580
202410;Topptipset;12112111;434701;390;0;0;0;779;0;0;0;6;0;2;0;7;7;1;1;416;386;176;190;391;366;240;196;1;1;1;1;1;1;9581
202410;Topptipset;12211X2X;131548;4003;0;0;0;23;0;0;0;3;2;3;1;3;3;4;4;428;425;159;171;295;308;269;254;1;1;0;1;0;0;9582
202410;Topptipset;X21X2XX1;506388;7541;0;0;0;47;0;0;0;2;4;2;0;2;2;3;2;414;368;164;194;272;287;250;174;1;0;0;1;0;0;9583
202409;Topptipset Stryk;2X121212;3055365;253;0;0;0;8434;0;0;0;3;1;4;0;6;6;1;1;444;419;155;178;408;384;289;241;1;1;1;1;1;1;9542
202409;Topptipset Extra;1121112X;1467664;1142;0;0;0;899;0;0;0;5;1;2;0;6;5;1;1;448;419;143;170;375;359;305;249;1;1;1;1;1;0;9529
202409;Topptipset Extra;1122XX11;2041299;3780;0;0;0;378;0;0;0;4;2;2;0;3;3;4;4;430;399;159;189;309;320;271;210;1;1;0;1;1;0;9544
202409;Topptipset;X2X1X11X;152201;6267;0;0;0;17;0;0;0;3;4;1;0;3;3;3;3;402;367;178;194;283;281;224;173;1;0;1;0;1;1;9514
202409;Topptipset;11111112;2063821;595;0;0;0;2848;0;0;0;7;0;1;0;7;7;1;1;456;452;138;155;404;398;318;297;1;0;1;1;1;0;9515
202409;Topptipset;XX2221XX;148434;2534;0;0;0;41;0;0;0;1;4;3;0;4;4;1;0;410;374;174;191;324;327;236;183;1;1;0;0;1;1;9516
202409;Topptipset;2XXXX211;1638316;31856;0;0;0;36;0;0;0;2;4;2;0;2;2;2;1;463;469;138;144;250;245;325;325;1;0;0;1;0;0;9530
202409;Topptipset;1X21211X;129314;15086;0;0;0;6;0;0;0;4;2;2;0;3;3;2;2;431;443;159;158;255;274;272;285;1;0;0;0;0;1;9531
202409;Topptipset;12111X2X;139148;395;0;0;0;246;0;0;0;4;2;2;0;4;4;3;3;471;505;136;127;403;417;335;378;1;1;1;1;1;1;9532
202409;Topptipset;11112211;1079051;228;0;0;0;3301;0;0;0;6;0;2;0;7;7;1;1;443;428;157;169;425;422;286;259;1;1;1;1;1;1;9533
202409;Topptipset;1X1111X2;135305;1932;0;0;0;49;0;0;0;5;2;1;0;4;4;1;1;435;451;150;147;355;363;285;304;1;1;0;1;1;0;9534
202409;Topptipset;2XX11221;2403267;3141;0;0;0;615;0;0;0;3;2;3;0;5;5;2;2;424;383;164;199;316;296;260;184;0;1;0;0;1;0;9545
202409;Topptipset;X1221121;135097;4503;0;0;0;21;0;0;0;4;1;3;0;3;3;4;2;398;365;178;199;270;285;220;166;1;1;0;1;0;0;9546
202409;Topptipset;21X112X2;487348;17954;0;0;0;19;0;0;0;3;2;3;0;4;3;2;2;424;375;166;200;252;258;258;175;0;0;0;0;0;0;9547
202409;Topptipset;XX2X1111;511504;678;0;0;0;528;0;0;0;4;3;1;0;4;4;1;0;448;418;144;174;364;351;304;244;1;0;1;1;0;1;9548
202409;Topptipset;2221X2XX;130524;30455;0;0;0;3;0;0;0;1;3;4;0;2;1;3;3;393;357;181;205;221;237;212;152;0;0;0;0;0;0;9549
202409;Topptipset;1X122221;601248;2863;0;0;0;147;0;0;0;3;1;4;0;3;4;4;3;390;329;181;221;290;301;209;108;1;1;0;1;1;1;9550
202408;Topptipset Stryk;12X211X1;2812920;2074;0;0;0;949;0;0;0;4;2;2;0;5;5;2;2;448;431;147;170;356;354;301;261;1;1;1;1;0;1;9506
202408;Topptipset Extra;2XX11X12;1232917;9697;0;0;0;89;0;0;0;3;3;2;0;2;1;2;3;414;352;167;210;266;275;247;142;1;0;0;1;0;0;9494
202408;Topptipset Extra;XX2X11XX;1797221;1897;0;0;0;663;0;0;0;2;5;1;0;2;2;2;4;432;394;155;183;326;305;277;211;1;1;0;1;1;0;9527
202408;Topptipset;121X1221;92243;1266;0;0;0;51;0;0;0;4;1;3;0;4;4;3;2;464;443;144;165;360;366;320;278;1;1;1;1;1;0;9444
202408;Topptipset;X11X2111;1228318;1569;0;0;0;548;0;0;0;5;2;1;0;4;4;2;3;425;389;160;182;338;329;265;207;1;0;1;1;0;1;9445
202408;Topptipset;111X12X1;85402;5978;0;0;0;10;0;0;0;5;2;1;0;4;4;2;2;435;401;159;175;317;310;276;226;0;1;1;0;1;1;9446
202408;Topptipset;1X12X221;2650466;1436;0;0;0;1466;0;0;0;3;2;3;0;5;5;3;3;439;429;159;171;361;349;280;258;1;0;1;1;0;1;9460
202408;Topptipset;1X122X21;105709;4110;0;0;0;18;0;0;0;3;2;3;0;4;4;1;1;437;390;159;187;317;287;278;203;0;1;0;0;1;1;9495
202408;Topptipset;X11121X2;1367151;2107;0;0;0;454;0;0;0;4;2;2;0;5;4;2;2;439;406;159;180;344;331;280;226;1;1;0;1;1;0;9496
202408;Topptipset;1X22X121;84469;721;0;0;0;82;0;0;0;3;2;3;0;6;6;0;0;472;465;132;147;388;380;340;318;0;1;1;0;1;1;9497
202408;Topptipset;21221X11;1494350;1498;0;0;0;698;0;0;0;4;1;3;0;5;5;2;3;442;416;146;170;346;328;296;246;1;1;0;1;1;0;9508
202408;Topptipset;22X2X2XX;94671;22089;0;0;0;3;0;0;0;0;4;4;0;2;2;3;3;398;343;189;218;263;264;209;125;1;0;0;1;0;0;9509
202408;Topptipset;11X12X22;448775;19633;0;0;0;16;0;0;0;3;2;3;1;2;3;4;3;435;401;162;183;255;275;273;218;1;0;0;1;0;0;9510
202408;Topptipset;1X121121;492273;2344;0;0;0;147;0;0;0;5;1;2;1;6;5;1;1;444;421;149;168;341;343;295;253;1;1;0;1;0;1;9511
202408;Topptipset;11XX2X1X;105737;14803;0;0;0;5;0;0;0;3;4;1;0;3;3;2;1;402;373;180;206;251;262;222;167;0;0;1;0;0;0;9512
202408;Topptipset;X11XXXXX;505113;4419;0;0;0;80;0;0;0;2;6;0;0;2;2;2;2;448;437;145;161;293;289;303;276;0;1;0;0;1;0;9513
202408;Topptipset;1222212X;137082;1020;0;0;0;94;0;0;0;2;1;5;0;4;5;3;3;429;408;166;181;357;345;263;227;1;1;0;1;1;1;9507
202407;Topptipset Stryk;X222X112;2492922;8554;0;0;0;204;0;0;0;2;2;4;0;3;4;2;3;448;427;152;169;276;276;296;258;1;0;0;1;0;0;9439
202407;Topptipset Extra;X11XX21X;1146906;1250;0;0;0;642;0;0;0;3;4;1;0;4;4;1;2;455;431;145;168;344;326;310;263;0;1;1;1;0;1;9426
202407;Topptipset Extra;22X21X2X;1608275;3992;0;0;0;282;0;0;0;1;3;4;0;4;4;1;1;437;393;148;189;314;308;289;204;1;0;1;1;0;0;9459
202407;Topptipset;22XX11X2;1365278;41551;0;0;0;23;0;0;0;2;3;3;0;2;2;3;3;464;431;130;159;239;250;334;272;0;0;1;0;0;1;9415
202407;Topptipset;X2222222;85933;4627;0;0;0;13;0;0;0;0;1;7;0;3;4;4;3;408;378;172;193;258;289;236;185;0;1;0;0;0;0;9416
202407;Topptipset;22111221;2779483;393;0;0;0;5581;0;0;0;4;0;4;0;7;7;1;1;442;428;154;162;407;397;288;266;1;1;1;1;1;1;9427
202407;Topptipset;1X1111XX;111461;678;0;0;0;115;0;0;0;5;3;0;0;5;5;2;1;430;429;166;163;363;371;264;266;1;1;0;1;1;0;9428
202407;Topptipset;112X111X;1744778;6137;0;0;0;199;0;0;0;5;2;1;0;3;3;3;3;427;380;158;194;290;275;269;186;0;1;0;0;1;0;9429
202407;Topptipset;X1XX111X;93541;2182;0;0;0;30;0;0;0;4;4;0;0;3;3;1;1;453;463;153;150;335;350;300;313;1;0;1;1;0;1;9430
202407;Topptipset;21X11121;111869;1740;0;0;0;45;0;0;0;5;1;2;0;5;6;1;1;442;455;157;148;346;358;285;307;1;1;0;1;1;0;9431
202407;Topptipset;21X12112;1167880;1470;0;0;0;556;0;0;0;4;1;3;0;5;4;1;0;411;375;171;198;345;334;240;177;1;0;1;1;0;0;9440
202407;Topptipset;1XXX1X1X;94258;6598;0;0;0;10;0;0;0;3;5;0;0;2;1;3;3;408;381;179;191;274;256;229;190;0;1;0;0;1;0;9441
202407;Topptipset;2111122X;414910;199;0;0;0;1453;0;0;0;4;1;3;0;6;6;1;1;498;534;107;115;440;467;391;419;1;1;1;1;1;1;9442
202407;Topptipset;X1222211;374399;2701;0;0;0;97;0;0;0;3;1;4;0;4;4;2;2;462;439;137;159;348;345;325;280;1;1;0;1;1;0;9443
202407;Topptipset;11112212;107221;1057;0;0;0;71;0;0;0;5;0;3;0;5;5;2;2;450;406;152;173;369;355;298;233;1;1;1;1;1;0;9447
202407;Topptipset;1X11X21X;450066;7326;0;0;0;43;0;0;0;4;3;1;0;3;3;2;2;431;390;159;184;289;286;272;206;0;1;0;0;1;0;9448
202406;Topptipset Stryk;21112212;2613544;1776;0;0;0;1030;0;0;0;4;0;4;0;5;5;3;2;442;399;156;185;338;342;286;214;1;0;1;1;0;1;9405
202406;Topptipset Extra;2X211121;1228221;1821;0;0;0;472;0;0;0;4;1;3;0;5;4;2;1;440;408;148;171;335;324;292;237;1;0;1;1;0;1;9392
202406;Topptipset Extra;222121X1;1838813;1587;0;0;0;811;0;0;0;3;1;4;0;4;4;2;2;431;387;141;189;347;338;290;198;1;1;1;1;1;1;9407
202406;Topptipset;212X111X;2287779;715;0;0;0;2588;0;0;0;4;2;2;0;5;4;2;1;411;390;167;180;366;345;244;210;1;1;0;1;1;1;9380
202406;Topptipset;X2X1X111;85199;14909;0;0;0;4;0;0;0;4;3;1;0;3;3;3;3;406;398;166;177;261;274;240;221;0;1;0;0;0;1;9393
202406;Topptipset;1X1X12X2;1868067;322;0;0;0;4054;0;0;0;3;3;2;1;5;5;0;0;450;428;143;168;387;364;307;260;1;1;0;1;1;1;9394
202406;Topptipset;X2X111XX;234231;163961;0;0;0;1;0;0;0;3;4;1;1;1;1;3;3;440;404;146;173;198;210;294;231;0;0;0;0;0;0;9395
202406;Topptipset;12X211X2;110152;3084;0;0;0;25;0;0;0;3;2;3;0;5;4;0;1;379;384;182;191;303;304;197;193;0;1;1;0;1;0;9396
202406;Topptipset;X12XX111;906799;560;0;0;0;1133;0;0;0;4;3;1;0;5;5;2;1;450;435;145;155;389;391;305;280;1;1;0;1;1;0;9397
202406;Topptipset;X1XX12X2;97414;9741;0;0;0;7;0;0;0;2;4;2;0;2;2;3;1;434;411;155;180;291;293;279;231;1;1;0;1;1;0;9398
202406;Topptipset;122X111X;1254757;1803;0;0;0;487;0;0;0;4;2;2;0;5;5;1;1;431;406;155;178;347;336;276;228;0;1;1;0;1;1;9408
202406;Topptipset;1111X112;106459;1910;0;0;0;39;0;0;0;6;1;1;0;4;5;2;0;420;366;167;193;331;313;253;173;1;0;0;1;1;0;9409
202406;Topptipset;21X2XX12;504121;4411;0;0;0;80;0;0;0;2;3;3;0;4;4;2;3;439;404;158;187;316;303;281;217;1;0;0;1;0;0;9410
202406;Topptipset;X1X11111;436113;419;0;0;0;727;0;0;0;6;2;0;0;6;6;1;1;399;371;188;201;381;346;211;170;1;1;1;1;1;1;9411
202406;Topptipset;12X1221X;104314;613;0;0;0;119;0;0;0;3;2;3;0;6;4;0;2;420;380;168;196;354;319;252;184;1;1;0;1;0;1;9412
202406;Topptipset;21XX2121;529563;5702;0;0;0;65;0;0;0;3;2;3;0;4;4;2;2;442;421;143;170;302;302;299;251;0;1;0;0;1;0;9413
202406;Topptipset;1221211X;92814;7218;0;0;0;9;0;0;0;4;1;3;0;4;3;2;3;418;375;168;195;298;305;250;180;1;1;0;0;1;1;9414
202405;Topptipset Stryk;21XX2111;2587036;2902;0;0;0;624;0;0;0;4;2;2;0;5;5;2;2;431;395;154;186;326;317;277;209;0;1;1;0;1;1;6274
202405;Topptipset Extra;111X112X;1278895;153;0;0;0;5816;0;0;0;5;2;1;0;5;5;2;2;472;464;136;154;439;419;336;310;1;1;1;1;1;1;6268
202405;Topptipset Extra;112X111X;2068899;2737;0;0;0;529;0;0;0;5;2;1;0;5;5;1;1;448;453;139;153;332;334;309;300;1;0;1;1;0;0;9390
202405;Topptipset;1X1X1121;128461;1096;0;0;0;82;0;0;0;5;2;1;0;5;5;1;1;429;401;143;169;353;344;286;232;1;1;0;1;0;1;6264
202405;Topptipset;21X1111X;1417350;184;0;0;0;5364;0;0;0;5;2;1;0;6;6;0;0;442;421;141;168;401;385;301;253;1;1;1;1;1;1;6265
202405;Topptipset;1X122212;294854;12899;0;0;0;16;0;0;0;3;1;4;0;3;2;3;2;434;401;147;170;282;253;287;231;0;1;0;0;1;0;6266
202405;Topptipset;21X121X2;1636398;4675;0;0;0;245;0;0;0;3;2;3;0;3;3;2;3;467;469;130;141;318;314;337;328;1;1;0;1;1;0;6269
202405;Topptipset;221X112X;89242;2602;0;0;0;24;0;0;0;3;2;3;0;4;4;0;3;429;403;164;181;329;326;265;222;1;0;1;1;0;1;6270
202405;Topptipset;2X21X2X1;1568143;4157;0;0;0;264;0;0;0;2;3;3;0;4;4;2;2;426;375;158;193;294;299;268;182;1;0;1;1;0;0;6272
202405;Topptipset;2X12X1XX;397077;1804;0;0;0;154;0;0;0;2;4;2;0;4;3;2;1;420;388;165;184;335;310;255;204;1;1;0;1;1;0;6404
202405;Topptipset;X12X11X2;98125;2081;0;0;0;33;0;0;0;3;3;2;0;5;5;0;0;442;427;156;166;349;353;286;261;1;0;1;0;1;1;6275
202405;Topptipset;112X2111;2159554;621;0;0;0;2835;0;0;0;5;1;2;0;6;6;1;2;439;414;139;163;386;375;300;251;1;1;1;1;1;1;6276
202405;Topptipset;21XX21X1;129061;4106;0;0;0;22;0;0;0;3;3;2;0;4;4;1;2;428;409;156;173;286;290;272;236;1;0;0;0;0;1;9374
202405;Topptipset;X1XX22X1;562925;2417;0;0;0;163;0;0;0;2;4;2;0;3;3;0;4;414;359;172;210;312;286;242;149;1;0;1;1;0;0;9375
202405;Topptipset;X1X1222X;507769;499;0;0;0;711;0;0;0;2;3;3;0;5;5;1;1;422;382;166;189;365;335;256;193;1;1;0;1;1;1;9376
202405;Topptipset;111X1X11;116223;366;0;0;0;222;0;0;0;6;2;0;0;5;4;1;1;443;444;144;149;387;374;299;295;1;1;1;1;1;1;9377
202405;Topptipset;1X1X1121;603304;1789;0;0;0;236;0;0;0;5;2;1;0;4;4;1;1;425;394;149;179;338;334;276;215;1;1;0;1;0;1;9378
202405;Topptipset;11122122;122029;605;0;0;0;141;0;0;0;4;0;4;0;5;6;2;2;404;374;172;190;360;347;232;184;1;1;1;1;1;1;9379
202404;Topptipset Stryk;22X12X1X;2563058;7063;0;0;0;254;0;0;0;2;3;3;0;4;4;1;1;451;451;145;158;289;289;306;293;0;0;0;0;1;0;6256
202404;Topptipset Extra;X1X111X2;1065773;1255;0;0;0;594;0;0;0;4;3;1;0;4;4;2;2;455;451;143;151;357;372;312;300;1;1;1;1;1;0;6249
202404;Topptipset Extra;X2XX11XX;1616411;1192;0;0;0;949;0;0;0;2;5;1;0;3;3;1;1;424;377;160;190;322;302;264;187;1;0;1;1;1;0;6257
202404;Topptipset;11121112;89808;281;0;0;0;223;0;0;0;6;0;2;0;7;7;1;1;449;443;145;153;404;382;304;290;1;0;1;1;1;0;6244
202404;Topptipset;1X12221X;204421;223;0;0;0;641;0;0;0;3;2;3;0;6;6;0;1;451;421;135;163;415;403;316;258;1;1;1;1;1;1;6246
202404;Topptipset;2XX2XX1X;1626846;2160;0;0;0;527;0;0;0;1;5;2;0;3;3;0;0;454;458;142;145;300;276;312;313;0;0;0;1;0;1;6247
202404;Topptipset;12112211;2009809;3274;0;0;0;506;0;0;0;5;0;3;0;4;3;3;3;427;412;166;175;313;315;261;237;1;1;0;1;1;0;6250
202404;Topptipset;11XXXX1X;243162;773;0;0;0;220;0;0;0;3;5;0;0;3;3;2;2;458;425;146;168;354;321;312;257;1;0;1;1;1;0;6251
202404;Topptipset;2XXXX211;352729;49382;0;0;0;5;0;0;0;2;4;2;0;2;3;1;0;459;449;144;155;227;260;315;294;0;0;0;0;0;0;6252
202404;Topptipset;111XX2X1;954553;239;0;0;0;2787;0;0;0;4;3;1;0;5;5;0;0;440;412;148;167;393;371;292;245;1;1;0;1;1;1;6253
202404;Topptipset;2X121X11;68558;1043;0;0;0;46;0;0;0;4;2;2;0;4;5;0;1;391;365;185;197;342;331;206;168;1;1;1;1;1;0;6254
202404;Topptipset;2XXX2212;1761495;2770;0;0;0;445;0;0;0;1;3;4;0;4;4;0;1;398;351;188;215;304;286;210;136;1;0;0;1;1;0;6259
202404;Topptipset;2212X112;119345;235;0;0;0;355;0;0;0;3;1;4;0;5;6;0;0;461;458;138;141;415;423;323;317;1;1;1;1;1;1;6260
202404;Topptipset;2X2X2X21;580096;3412;0;0;0;119;0;0;0;1;3;4;0;4;4;2;3;411;379;167;191;309;302;244;188;1;0;1;1;0;1;6261
202404;Topptipset;21X1121X;612757;3864;0;0;0;111;0;0;0;4;2;2;0;4;5;2;2;437;411;142;170;317;315;295;241;0;1;0;0;1;0;6262
202404;Topptipset;X221XX11;115533;940;0;0;0;86;0;0;0;3;3;2;0;5;5;0;2;443;396;154;187;354;327;289;209;1;0;1;1;0;1;6263
202403;Topptipset Stryk;1XXX1112;2140211;6016;0;0;0;249;0;0;0;4;3;1;0;4;5;1;0;415;383;176;195;298;286;239;188;0;1;0;0;0;1;6235
202403;Topptipset Extra;1X2221XX;1151663;4311;0;0;0;187;0;0;0;2;3;3;1;4;4;1;1;416;372;172;194;311;298;244;178;1;0;1;1;1;0;6229
202403;Topptipset Extra;2X212212;1718798;787;0;0;0;1527;0;0;0;2;1;5;0;5;6;2;2;433;380;159;199;376;344;274;181;1;1;1;1;1;1;6237
202403;Topptipset;11221XX1;124664;190;0;0;0;457;0;0;0;4;2;2;0;5;5;0;1;485;486;125;129;434;441;360;357;1;1;1;1;1;1;6225
202403;Topptipset;111X1XXX;999569;403;0;0;0;1735;0;0;0;4;4;0;0;4;4;1;2;456;426;147;167;382;356;309;259;1;1;0;1;1;0;6226
202403;Topptipset;12111222;378960;9147;0;0;0;29;0;0;0;4;0;4;0;5;5;2;3;451;417;146;159;311;290;305;258;0;0;1;0;1;0;6227
202403;Topptipset;X1212111;1878761;1056;0;0;0;1481;0;0;0;5;1;2;0;6;6;1;1;432;404;157;173;369;365;275;231;1;1;1;1;1;1;6230
202403;Topptipset;22221222;87947;544;0;0;0;113;0;0;0;1;0;7;0;5;5;2;1;437;423;156;166;385;377;281;257;1;1;1;1;1;1;6231
202403;Topptipset;X1X22112;1022960;1961;0;0;0;365;0;0;0;3;2;3;0;5;5;2;1;433;387;147;180;354;348;286;207;1;1;1;1;1;0;6232
202403;Topptipset;1X111122;105503;9231;0;0;0;8;0;0;0;5;1;2;0;4;4;4;3;468;483;132;136;308;327;336;347;1;0;0;1;0;0;6233
202403;Topptipset;11X21121;1154130;1241;0;0;0;651;0;0;0;5;1;2;1;5;5;2;1;429;387;161;182;348;331;268;205;1;1;0;1;0;1;6238
202403;Topptipset;X2X12X1X;78008;0;0;0;0;0;0;0;0;2;4;2;0;2;1;3;2;415;395;176;188;237;229;239;207;0;0;0;0;0;1;6239
202403;Topptipset;1222XX1X;535595;1283;0;0;0;292;0;0;0;2;3;3;0;4;4;2;2;449;424;142;167;356;342;307;257;1;1;0;1;1;1;6240
202403;Topptipset;222122X2;403750;1172;0;0;0;241;0;0;0;1;1;6;1;5;4;1;2;404;355;178;201;349;325;226;154;1;1;0;1;1;0;6241
202403;Topptipset;2211X111;81692;1121;0;0;0;51;0;0;0;5;1;2;0;5;5;3;2;421;442;166;157;356;368;255;285;1;1;1;1;1;1;6242
202403;Topptipset;21X11X11;482873;175;0;0;0;1921;0;0;0;5;2;1;0;6;6;1;1;437;401;153;176;404;381;284;225;1;1;1;1;1;1;6243
202402;Topptipset Stryk;21X2X212;2243230;565;0;0;0;2775;0;0;0;2;2;4;0;4;6;1;2;406;375;177;201;363;343;229;174;1;1;1;1;1;1;6216
202402;Topptipset Extra;1X2121X1;1265367;1880;0;0;0;471;0;0;0;4;2;2;0;3;3;2;3;450;424;150;170;349;344;300;254;1;1;1;1;1;1;6212
202402;Topptipset Extra;XX1X1221;1700315;10626;0;0;0;112;0;0;0;3;3;2;0;3;3;4;2;406;351;174;211;281;267;232;140;0;1;0;0;1;1;6218
202402;Topptipset;2211X222;1231074;3730;0;0;0;231;0;0;0;2;1;5;0;3;3;2;2;451;437;147;158;327;325;304;279;1;1;0;1;1;0;6210
202402;Topptipset;1X121111;1132486;609;0;0;0;1300;0;0;0;6;1;1;0;6;6;1;1;457;452;147;153;392;395;310;299;1;1;0;1;1;0;6213
202402;Topptipset;111X2112;872859;181;0;0;0;3371;0;0;0;5;1;2;0;5;5;3;2;474;475;132;134;429;427;342;341;1;1;1;1;1;1;6214
202402;Topptipset;X221X111;1216402;2729;0;0;0;312;0;0;0;4;2;2;0;3;4;1;1;433;422;158;169;333;338;275;253;1;0;1;1;1;0;6219
202402;Topptipset;X21X11X1;64419;1960;0;0;0;23;0;0;0;4;3;1;0;4;4;2;2;422;416;176;174;347;350;246;242;1;1;0;1;1;0;6220
202402;Topptipset;11X112XX;497405;11231;0;0;0;31;0;0;0;4;3;1;0;3;2;3;1;433;408;162;178;298;301;271;230;1;0;1;1;0;1;6221
202402;Topptipset;21211X21;303753;271;0;0;0;784;0;0;0;4;1;3;0;6;6;1;1;438;433;155;166;412;405;283;267;1;1;1;1;1;1;6222
202402;Topptipset;2X122112;103802;542;0;0;0;134;0;0;0;3;1;4;0;5;4;0;0;409;383;177;187;362;334;232;196;1;1;0;1;1;0;6223
202402;Topptipset;12121X12;448997;457;0;0;0;687;0;0;0;4;1;3;0;5;5;2;2;460;442;137;159;402;380;323;283;1;1;1;1;1;1;6224
202401;Topptipset Stryk;11222X1X;2154024;242;0;0;0;6216;0;0;0;3;2;3;0;6;6;0;1;464;478;142;146;406;438;322;332;1;1;1;1;1;0;6204
202401;Topptipset Extra;1X2112XX;1764680;1530;0;0;0;807;0;0;0;3;3;2;0;3;3;2;3;462;461;145;151;348;349;317;310;1;1;1;1;1;1;6198
202401;Topptipset Extra;2XXX2212;1773698;6821;0;0;0;182;0;0;0;1;3;4;0;3;4;0;0;441;416;159;179;269;269;282;237;0;0;0;0;0;0;6205
202401;Topptipset;122X1122;509489;656;0;0;0;543;0;0;0;3;1;4;1;6;6;1;1;437;421;155;174;385;388;282;247;1;1;1;1;1;1;6196
202401;Topptipset;X1X11111;1424553;8379;0;0;0;119;0;0;0;6;2;0;0;4;4;3;3;442;438;149;159;300;307;293;279;0;1;1;0;0;1;6199
202401;Topptipset;11111X11;1373669;179;0;0;0;5362;0;0;0;7;1;0;0;7;6;1;1;452;455;148;150;430;425;304;305;1;1;1;1;1;1;6200
202401;Topptipset;X212X2X2;1123243;4182;0;0;0;188;0;0;0;1;3;4;0;4;4;3;3;443;425;157;168;326;342;286;257;1;1;0;1;0;1;6201
202401;Topptipset;1X1XXX12;2022741;3017;0;0;0;552;0;0;0;3;4;1;0;2;3;1;2;433;421;158;170;320;335;275;251;1;1;0;1;1;0;6206
202401;Topptipset;22211212;597140;281;0;0;0;1483;0;0;0;3;0;5;0;6;6;2;1;443;415;161;175;403;368;282;240;1;1;0;1;1;1;6207
202401;Topptipset;211111XX;351020;606;0;0;0;405;0;0;0;5;2;1;0;4;5;1;0;447;429;157;171;379;381;290;258;1;1;1;1;1;0;6208
202401;Topptipset;X2X1211X;506248;9086;0;0;0;39;0;0;0;3;3;2;0;2;3;3;1;420;393;164;181;268;297;256;212;0;1;1;0;1;0;6209
202352;Topptipset Stryk;1212X211;2243392;1521;0;0;0;1032;0;0;0;4;1;3;0;3;5;4;1;414;378;175;194;337;343;239;184;1;1;1;1;1;1;6190
202352;Topptipset Stryk;11111111;2403346;692;0;0;0;2430;0;0;0;8;0;0;0;5;6;1;1;455;440;144;161;387;381;311;279;1;1;0;1;1;0;6192
202352;Topptipset Extra;X1X2X21X;1484243;2049;0;0;0;507;0;0;0;2;4;2;0;4;4;1;1;455;442;144;157;314;332;311;285;1;1;0;0;0;1;6188
202352;Topptipset;X12X1121;928929;5911;0;0;0;110;0;0;0;4;2;2;0;4;4;2;4;436;421;156;173;300;286;280;248;1;0;0;1;0;0;6182
202352;Topptipset;21111212;660866;6515;0;0;0;71;0;0;0;5;0;3;0;5;5;3;3;440;408;154;179;279;284;286;229;0;1;0;0;1;0;6183
202352;Topptipset;212X1XX2;383348;1369;0;0;0;196;0;0;0;2;3;3;0;3;5;2;2;415;389;170;186;346;341;245;203;1;1;1;1;1;1;6184
202352;Topptipset;122X1221;2804505;919;0;0;0;2406;0;0;0;3;1;4;1;6;6;1;1;396;365;184;201;356;341;212;164;1;1;1;1;1;1;6185
202352;Topptipset;122X1111;1557928;3245;0;0;0;336;0;0;0;5;1;2;0;5;5;1;1;444;438;147;161;332;334;297;277;1;0;0;1;0;0;6186
202352;Topptipset;21X121X1;397264;3271;0;0;0;85;0;0;0;4;2;2;0;4;4;2;2;445;419;149;173;318;322;296;246;1;1;0;1;0;1;6193
202352;Topptipset;11112X12;1113307;7566;0;0;0;103;0;0;0;5;1;2;0;3;3;4;3;437;397;166;190;297;291;271;207;0;1;1;0;1;1;6195
202352;Topptipset;111222X2;284017;782;0;0;0;254;0;0;0;3;1;4;0;5;5;1;1;459;455;136;152;379;385;323;303;1;1;1;1;1;1;6194
202351;Topptipset Stryk;X1122211;3065651;4844;0;0;0;443;0;0;0;4;1;3;0;4;4;2;3;425;387;163;186;308;294;262;201;1;0;0;1;0;0;6177
202351;Topptipset Extra;111X1211;1496413;242;0;0;0;4327;0;0;0;6;1;1;0;6;6;0;0;460;458;137;153;414;399;323;305;1;0;1;1;1;1;6173
202351;Topptipset;121111X2;1317459;531;0;0;0;1736;0;0;0;5;1;2;0;5;5;2;1;455;446;142;159;389;376;313;287;1;1;0;1;1;1;6171
202351;Topptipset;XX22XXX2;1478182;94066;0;0;0;11;0;0;0;0;5;3;0;2;2;1;1;471;466;136;148;222;225;335;318;0;0;0;0;0;0;6174
202351;Topptipset;XXX21111;1681100;434;0;0;0;2710;0;0;0;4;3;1;0;4;4;1;2;446;421;142;162;382;351;304;259;1;1;1;1;1;1;6175
202351;Topptipset;XX211122;2816687;2773;0;0;0;801;0;0;0;3;2;3;0;5;5;0;0;425;432;159;165;320;317;266;267;0;1;0;0;1;0;6178
202351;Topptipset;11121XX2;692594;1689;0;0;0;287;0;0;0;4;2;2;0;4;4;1;1;426;399;154;177;352;328;272;222;1;0;1;1;1;0;6179
202351;Topptipset;X11X1XXX;374188;12472;0;0;0;21;0;0;0;3;5;0;0;2;1;0;3;418;369;172;200;240;226;246;169;0;0;0;0;0;0;6180
202351;Topptipset;12X111X1;1138334;2545;0;0;0;313;0;0;0;5;2;1;0;3;3;2;2;434;422;159;174;329;332;275;248;1;1;0;1;1;0;6181
202350;Topptipset Stryk;211X111X;2374865;2015;0;0;0;825;0;0;0;5;2;1;1;5;5;1;0;468;475;137;144;347;349;331;331;0;1;1;0;1;1;6163
202350;Topptipset Extra;X211112X;1761548;14856;0;0;0;83;0;0;0;4;2;2;0;2;2;3;4;440;417;152;174;273;265;288;243;1;1;0;1;0;1;6159
202350;Topptipset Extra;X12112X1;1699747;375;0;0;0;3172;0;0;0;4;2;2;0;6;6;0;1;452;438;146;164;393;371;306;274;1;0;1;1;0;1;6165
202350;Topptipset;1X1X11X1;1097252;553;0;0;0;1387;0;0;0;5;3;0;0;5;5;3;3;403;349;187;204;356;319;216;145;1;1;1;1;1;1;6153
202350;Topptipset;2121X212;3235352;1147;0;0;0;2192;0;0;0;3;1;4;0;6;6;1;0;411;381;171;196;347;341;240;185;1;0;1;1;0;1;6154
202350;Topptipset;11112211;98837;536;0;0;0;129;0;0;0;6;0;2;0;4;6;1;1;415;416;169;173;377;384;246;243;1;1;1;1;1;1;6160
202350;Topptipset;12121211;2453875;940;0;0;0;2092;0;0;0;5;0;3;0;5;6;1;2;428;415;171;181;359;366;257;234;1;1;1;1;0;1;6161
202350;Topptipset;2X1X21X1;1335926;2978;0;0;0;314;0;0;0;3;3;2;0;4;4;1;2;438;392;156;185;307;307;282;207;1;1;0;0;1;0;6166
202350;Topptipset;X111X122;490309;6729;0;0;0;51;0;0;0;4;2;2;0;5;5;2;2;424;389;166;189;297;292;258;200;0;1;0;0;0;1;6167
202350;Topptipset;X112XX11;437288;17005;0;0;0;18;0;0;0;4;3;1;0;3;3;1;2;428;400;160;185;276;256;268;215;0;0;1;0;1;0;6168
202350;Topptipset;1X21XX21;49273;3449;0;0;0;10;0;0;0;3;3;2;0;4;5;1;1;412;352;174;208;313;294;238;144;1;0;0;1;0;0;6169
202350;Topptipset;21X221XX;503006;736;0;0;0;478;0;0;0;2;3;3;0;5;5;1;2;431;408;160;179;360;347;271;229;1;0;1;1;1;0;6170
202349;Topptipset Stryk;12X1X1X2;2688783;52281;0;0;0;36;0;0;0;3;3;2;0;1;1;2;3;435;400;157;185;215;220;278;215;0;0;0;0;0;0;6148
202349;Topptipset Extra;11122111;1975495;669;0;0;0;2065;0;0;0;6;0;2;0;5;5;2;1;444;423;157;175;379;365;287;248;1;0;1;1;1;0;6143
202349;Topptipset Extra;1121X212;1890371;1177;0;0;0;1124;0;0;0;4;1;3;0;5;6;1;1;429;421;160;171;354;349;269;250;1;0;1;1;0;1;6150
202349;Topptipset;1X111X21;1337625;2714;0;0;0;345;0;0;0;5;2;1;0;3;3;3;2;432;411;155;177;326;321;277;234;1;0;1;1;1;0;6114
202349;Topptipset;2111X121;2464244;146;0;0;0;13508;0;0;0;5;1;2;0;7;7;1;1;465;481;137;137;442;465;328;344;1;1;1;1;1;1;6144
202349;Topptipset;12X11112;199627;5374;0;0;0;26;0;0;0;5;1;2;0;3;4;2;2;372;350;201;206;262;283;171;144;0;0;1;0;0;0;6145
202349;Topptipset;12X12112;1337333;1814;0;0;0;516;0;0;0;4;1;3;0;4;4;2;0;456;432;147;172;326;354;309;260;1;1;1;1;0;1;6146
202349;Topptipset;1111X2X1;1372105;1212;0;0;0;792;0;0;0;5;2;1;0;6;6;0;0;414;367;171;206;346;323;243;161;1;1;0;0;1;1;6155
202349;Topptipset;221X2X11;619176;3768;0;0;0;115;0;0;0;3;2;3;0;4;4;1;1;442;404;149;180;322;312;293;224;1;0;1;1;1;0;6156
202349;Topptipset;11111XXX;376191;616;0;0;0;427;0;0;0;5;3;0;0;4;5;2;1;465;466;138;148;380;382;327;318;1;1;1;1;1;1;6157
202349;Topptipset;X222X121;110559;25797;0;0;0;3;0;0;0;2;2;4;0;2;2;4;1;403;380;174;182;237;256;229;198;0;0;1;0;1;0;6151
202349;Topptipset;2X211XX1;440378;6701;0;0;0;46;0;0;0;3;3;2;0;4;4;2;1;422;406;168;180;302;298;254;226;0;1;0;0;0;1;6152
202348;Topptipset Stryk;12111211;2588723;166;0;0;0;10900;0;0;0;6;0;2;0;7;7;1;1;449;438;150;165;430;415;299;273;1;1;1;1;1;1;6104
202348;Topptipset Extra;11XXXX11;1681819;1886;0;0;0;624;0;0;0;4;4;0;0;4;4;1;1;468;497;131;133;342;351;337;364;0;1;1;0;1;1;6098
202348;Topptipset Extra;1X1XX22X;2021779;2271;0;0;0;623;0;0;0;2;4;2;0;4;4;0;1;454;449;146;158;324;315;308;291;1;0;1;1;0;0;6106
202348;Topptipset;X1X1211X;1336345;4371;0;0;0;214;0;0;0;4;3;1;0;5;5;0;1;445;403;153;180;304;290;292;223;0;0;1;0;0;1;6093
202348;Topptipset;21111X22;172835;1163;0;0;0;104;0;0;0;4;1;3;0;4;5;0;1;406;376;176;197;341;326;230;179;1;0;1;1;0;1;6094
202348;Topptipset;X2121111;3046489;1284;0;0;0;1855;0;0;0;5;1;2;0;5;4;2;0;429;408;165;180;354;347;264;228;1;1;0;1;1;0;6095
202348;Topptipset;2X212XXX;91710;21399;0;0;0;3;0;0;0;1;4;3;0;2;3;2;2;372;345;195;205;235;244;177;140;0;0;0;0;0;0;6099
202348;Topptipset;22X1X22X;128483;2306;0;0;0;39;0;0;0;1;3;4;0;3;4;1;2;420;397;177;188;327;328;243;209;1;1;0;1;0;1;6100
202348;Topptipset;2X1X1X11;1798188;505;0;0;0;2492;0;0;0;4;3;1;0;4;4;1;1;450;440;142;165;373;362;308;275;1;1;1;1;1;1;6101
202348;Topptipset;X2212X22;122813;10746;0;0;0;8;0;0;0;1;2;5;0;3;2;4;3;377;356;189;207;258;262;188;149;1;0;0;0;1;0;6102
202348;Topptipset;11122121;1366522;1404;0;0;0;681;0;0;0;5;0;3;0;6;6;2;2;439;409;148;174;352;348;291;235;1;0;1;0;1;1;6107
202348;Topptipset;12XXX21X;168588;5900;0;0;0;20;0;0;0;2;4;2;0;2;2;2;4;352;346;202;214;276;274;150;132;1;0;0;1;0;0;6108
202348;Topptipset;21X1111X;512279;214;0;0;0;1674;0;0;0;5;2;1;1;5;6;0;1;446;434;154;165;416;402;292;269;1;1;1;1;1;1;6109
202348;Topptipset;11X12111;516530;854;0;0;0;423;0;0;0;6;1;1;0;5;5;1;1;427;399;160;182;372;365;267;217;1;1;1;1;1;0;6110
202348;Topptipset;X112212X;141699;1288;0;0;0;77;0;0;0;3;2;3;0;4;4;1;2;420;398;168;180;344;326;252;218;1;1;1;1;1;0;6111
202348;Topptipset;12122X11;601670;1063;0;0;0;396;0;0;0;4;1;3;0;6;6;1;0;406;360;175;205;350;337;231;155;1;0;1;1;0;1;6112
202348;Topptipset;12X12112;116173;1213;0;0;0;67;0;0;0;4;1;3;0;5;5;0;3;396;383;181;189;324;298;215;194;1;0;0;1;0;0;6113
202347;Topptipset Stryk;2122121X;2658064;3557;0;0;0;523;0;0;0;3;1;4;0;5;4;2;1;406;381;171;196;301;311;235;185;1;0;0;0;1;1;6084
202347;Topptipset Extra;XX111X12;1312706;3467;0;0;0;265;0;0;0;4;3;1;0;2;2;3;3;460;463;142;143;321;320;318;320;1;1;0;1;1;0;6076
202347;Topptipset Extra;22X12121;1971868;307;0;0;0;4488;0;0;0;3;1;4;0;6;7;0;0;415;373;163;187;394;361;252;186;1;1;1;1;1;1;6086
202347;Topptipset;11212222;89617;774;0;0;0;81;0;0;0;3;0;5;0;7;6;1;1;436;440;160;163;385;383;276;277;1;0;1;1;1;0;6072
202347;Topptipset;XX111X21;1830492;6438;0;0;0;199;0;0;0;4;3;1;0;3;3;2;2;479;508;123;117;279;302;356;391;0;1;0;0;0;1;6073
202347;Topptipset;11122XX2;126684;2396;0;0;0;37;0;0;0;3;2;3;0;5;5;1;2;461;456;143;148;363;359;318;308;0;1;1;0;1;1;6078
202347;Topptipset;2211X21X;178763;1646;0;0;0;76;0;0;0;3;2;3;0;4;4;4;3;442;433;153;162;371;368;289;271;1;1;0;1;1;0;6079
202347;Topptipset;122X122X;881090;700;0;0;0;881;0;0;0;2;2;4;0;4;4;2;2;441;412;156;180;360;344;285;232;1;1;0;1;1;0;6080
202347;Topptipset;X21211X1;933640;1530;0;0;0;427;0;0;0;4;2;2;0;4;5;2;1;433;412;166;184;357;343;267;228;1;1;0;1;1;0;6081
202347;Topptipset;111111XX;221515;3524;0;0;0;44;0;0;0;6;2;0;0;4;3;2;2;394;365;189;205;307;292;205;160;1;0;0;0;1;1;6082
202347;Topptipset;2121XX12;1383257;310;0;0;0;3114;0;0;0;3;2;3;0;6;6;0;0;456;448;142;160;396;363;314;288;1;0;1;1;1;0;6087
202347;Topptipset;2X21X112;168040;9802;0;0;0;12;0;0;0;3;2;3;0;3;2;1;1;407;416;168;172;284;263;239;244;0;0;1;0;1;0;6088
202347;Topptipset;XX1112X1;737258;1675;0;0;0;308;0;0;0;4;3;1;0;3;3;1;1;460;463;143;154;342;317;317;309;1;1;1;1;1;1;6089
202347;Topptipset;11X1211X;511175;1679;0;0;0;213;0;0;0;5;2;1;0;4;4;2;2;448;430;150;167;358;345;298;263;1;1;1;1;1;0;6090
202347;Topptipset;11112X11;121232;174;0;0;0;485;0;0;0;6;1;1;0;7;7;1;1;398;389;187;189;394;383;211;200;1;1;1;1;1;1;6091
202347;Topptipset;12212X2X;121555;7735;0;0;0;11;0;0;0;2;2;4;0;3;3;2;2;382;337;192;213;274;281;190;124;0;1;0;0;1;0;6092
202347;Topptipset;X211X1X2;507671;636;0;0;0;558;0;0;0;3;3;2;0;5;5;0;0;433;407;159;175;372;357;274;232;1;1;0;1;1;1;6096
202346;Topptipset Stryk;12X21111;1863669;3174;0;0;0;411;0;0;0;5;1;2;0;5;4;2;1;467;472;134;141;329;324;333;331;0;1;0;1;0;0;6066
202346;Topptipset Extra;12X1X111;1172731;2012;0;0;0;408;0;0;0;5;2;1;0;4;4;1;2;466;444;134;151;361;348;332;293;1;1;0;1;1;0;6060
202346;Topptipset Extra;1X12X1XX;1268022;1309;0;0;0;678;0;0;0;3;4;1;0;3;4;1;1;459;470;152;149;365;365;307;321;1;1;0;1;1;0;6075
202346;Topptipset;XXXXXX22;920073;6376;0;0;0;101;0;0;0;0;6;2;0;1;2;1;2;421;392;164;179;261;280;257;213;1;0;0;1;0;0;6056
202346;Topptipset;2X1211X1;997017;3855;0;0;0;181;0;0;0;4;2;2;0;4;4;3;3;454;438;155;165;332;316;299;273;0;1;1;0;1;1;6061
202346;Topptipset;XXXX2XX1;112415;39345;0;0;0;2;0;0;0;1;6;1;0;1;1;2;1;451;442;144;155;226;213;307;287;0;0;0;0;0;0;6062
202346;Topptipset;2XX1X1X2;922252;322788;0;0;0;2;0;0;0;2;4;2;0;1;1;4;4;479;469;124;143;201;197;355;326;0;0;0;0;0;0;6063
202346;Topptipset;12X12X11;223015;3321;0;0;0;47;0;0;0;4;2;2;0;4;4;2;2;461;445;129;151;341;333;332;294;1;1;0;1;1;0;6064
202346;Topptipset;X11X2X22;1126570;380;0;0;0;2074;0;0;0;2;3;3;0;5;5;0;1;428;407;162;176;382;374;266;231;1;1;1;1;1;1;6067
202346;Topptipset;212XX112;96678;11279;0;0;0;6;0;0;0;3;2;3;0;4;4;3;1;431;408;165;177;305;301;266;231;0;1;0;1;0;0;6068
202346;Topptipset;12212111;354408;1378;0;0;0;180;0;0;0;5;0;3;0;6;4;2;2;432;424;159;163;353;331;273;261;1;0;1;1;1;0;6069
202346;Topptipset;2112XX1X;74246;17324;0;0;0;3;0;0;0;3;3;2;0;2;2;2;3;408;409;173;174;252;247;235;235;0;0;1;0;0;1;6070
202346;Topptipset;X1212111;467672;141;0;0;0;2321;0;0;0;5;1;2;0;6;7;0;1;460;467;144;153;443;457;316;314;1;1;1;1;1;1;6071
202345;Topptipset Stryk;11122X11;2617719;1075;0;0;0;1703;0;0;0;5;1;2;0;4;4;3;3;450;448;150;161;373;381;300;287;1;1;1;1;1;1;6049
202345;Topptipset Extra;22111111;2099086;70;0;0;0;24384;0;0;0;6;0;2;0;7;6;0;0;477;488;129;129;474;483;348;359;1;1;1;1;1;1;6040
202345;Topptipset Extra;X111XX11;2389972;358;0;0;0;4664;0;0;0;5;3;0;0;5;5;0;1;440;414;151;176;385;366;289;238;1;1;1;1;1;0;6058
202345;Topptipset;X211X2X1;3006428;5400;0;0;0;436;0;0;0;3;3;2;0;2;3;2;0;400;344;173;212;273;281;227;132;1;1;0;1;0;0;6038
202345;Topptipset;XX12XX11;175810;61533;0;0;0;2;0;0;0;3;4;1;0;2;1;4;4;404;392;176;182;225;219;228;210;0;0;0;0;0;0;6039
202345;Topptipset;111112XX;3063273;317;0;0;0;7544;0;0;0;5;2;1;0;5;4;1;1;467;468;140;145;413;411;327;323;1;1;1;1;1;1;6042
202345;Topptipset;12112X1X;164914;1268;0;0;0;91;0;0;0;4;2;2;0;4;4;2;2;407;398;171;177;360;348;236;221;1;1;1;1;1;1;6043
202345;Topptipset;111211X1;3379215;277;0;0;0;9437;0;0;0;6;1;1;0;5;5;1;1;470;496;137;137;420;430;333;359;1;1;1;1;1;1;6044
202345;Topptipset;21222211;121785;3706;0;0;0;23;0;0;0;3;0;5;0;5;5;2;2;407;391;173;190;312;295;234;201;0;1;0;0;1;1;6045
202345;Topptipset;22X11XX2;139340;3251;0;0;0;30;0;0;0;2;3;3;0;2;2;1;2;455;445;150;160;294;272;305;285;1;1;0;1;1;0;6046
202345;Topptipset;2111XX11;2400279;1270;0;0;0;1519;0;0;0;5;2;1;0;5;5;1;2;408;368;173;195;346;324;235;173;1;1;1;1;1;1;6047
202345;Topptipset;121X2XX2;140369;16376;0;0;0;6;0;0;0;2;3;3;0;1;2;3;2;404;382;185;189;237;267;219;193;1;0;0;1;0;0;6050
202345;Topptipset;21112112;698503;248;0;0;0;1970;0;0;0;5;0;3;0;5;6;0;0;449;437;149;160;416;409;300;277;1;1;1;1;1;1;6051
202345;Topptipset;1XX212XX;492361;4534;0;0;0;76;0;0;0;2;4;2;0;3;3;0;1;437;412;156;174;307;300;281;238;1;0;0;0;1;1;6052
202345;Topptipset;111X1221;160811;686;0;0;0;164;0;0;0;5;1;2;0;5;6;2;1;405;366;176;193;372;352;229;173;1;1;1;1;1;1;6053
202345;Topptipset;1111XXX1;501544;1206;0;0;0;291;0;0;0;5;3;0;0;5;4;0;0;417;398;174;186;360;357;243;212;1;1;0;1;1;0;6054
202345;Topptipset;1X211X2X;92027;933;0;0;0;69;0;0;0;3;3;2;0;4;4;1;1;404;378;173;195;339;312;231;183;1;1;0;1;1;1;6055
202344;Topptipset Stryk;1X1121XX;2729669;4549;0;0;0;420;0;0;0;4;3;1;0;3;3;2;2;427;396;170;189;307;312;257;207;1;0;0;1;0;0;6028
202344;Topptipset Extra;211221X1;1764308;911;0;0;0;1355;0;0;0;4;1;3;0;4;4;1;2;443;434;152;168;370;368;291;266;1;1;1;1;1;1;6022
202344;Topptipset Extra;X1X22112;1944934;19731;0;0;0;69;0;0;0;3;2;3;0;3;3;1;0;451;444;150;160;247;259;301;284;0;0;1;0;0;1;6030
202344;Topptipset;X2112222;3155104;2793;0;0;0;880;0;0;0;2;1;5;0;5;5;2;2;419;378;175;195;319;306;244;183;1;0;0;0;1;0;6017
202344;Topptipset;11XX1XX2;153627;1514;0;0;0;71;0;0;0;3;4;1;0;4;5;0;0;461;453;142;152;343;350;319;301;1;0;1;1;0;0;6009
202344;Topptipset;122X2211;1349510;1418;0;0;0;666;0;0;0;3;1;4;0;4;4;2;1;448;419;153;170;349;334;295;249;1;1;1;1;1;1;6023
202344;Topptipset;111122X1;127301;8911;0;0;0;10;0;0;0;5;1;2;0;4;4;2;1;418;400;175;187;313;317;243;213;1;0;1;1;0;1;6024
202344;Topptipset;11221112;183546;452;0;0;0;284;0;0;0;5;0;3;0;6;5;2;0;415;392;171;190;374;365;244;202;1;1;1;1;1;1;6025
202344;Topptipset;X2121221;1265532;379;0;0;0;2334;0;0;0;3;1;4;0;6;6;1;1;447;416;151;177;396;377;296;239;1;1;0;1;1;0;6026
202344;Topptipset;21112XX2;1694479;7960;0;0;0;149;0;0;0;3;2;3;0;2;2;4;2;432;389;167;189;260;274;265;200;1;0;0;1;0;0;6031
202344;Topptipset;2X111222;174977;6804;0;0;0;18;0;0;0;3;1;4;0;3;2;1;2;399;369;175;195;278;252;224;174;0;1;0;0;1;0;6032
202344;Topptipset;2X212112;654530;1569;0;0;0;292;0;0;0;3;1;4;0;5;5;2;2;425;391;169;186;346;323;256;205;1;0;1;0;1;1;6033
202344;Topptipset;22XX112X;525453;30651;0;0;0;12;0;0;0;2;3;3;0;3;3;3;1;397;387;184;190;264;260;213;197;0;0;1;0;1;0;6034
202344;Topptipset;X112121X;130519;702;0;0;0;130;0;0;0;4;2;2;0;5;5;2;1;396;374;188;196;354;323;208;178;1;1;0;1;1;1;6035
202344;Topptipset;2X1111XX;544911;1108;0;0;0;344;0;0;0;4;3;1;0;5;5;0;0;443;435;154;163;350;329;289;272;0;1;0;1;0;1;6036
202344;Topptipset;12121122;99104;3651;0;0;0;19;0;0;0;4;0;4;0;4;4;3;3;397;386;180;181;285;285;217;205;0;1;0;0;1;0;6037
202343;Topptipset Stryk;X1122111;2691483;379;0;0;0;4966;0;0;0;5;1;2;0;6;5;1;0;447;437;153;168;398;387;294;269;1;1;0;1;1;0;6005
202343;Topptipset Extra;21222X12;1949304;270;0;0;0;5036;0;0;0;2;1;5;0;5;6;3;2;444;427;155;169;413;401;289;258;1;1;1;1;1;1;5999
202343;Topptipset Extra;1121X111;1685613;121;0;0;0;9718;0;0;0;6;1;1;0;6;7;1;1;466;478;144;140;452;474;322;338;1;1;1;1;1;1;6008
202343;Topptipset Extra;211XX1XX;2068351;293;0;0;0;4934;0;0;0;3;4;1;0;4;4;0;1;473;476;129;141;400;379;344;335;1;1;1;1;1;1;6019
202343;Topptipset;11X112XX;2749851;8805;0;0;0;247;0;0;0;4;3;1;0;3;3;2;3;441;416;151;173;311;299;290;243;0;1;1;0;1;1;5996
202343;Topptipset;2X1X2122;179250;1695;0;0;0;74;0;0;0;2;2;4;0;3;3;3;2;448;438;151;161;344;339;297;277;1;1;1;1;1;0;5997
202343;Topptipset;122X121X;2545922;1551;0;0;0;1149;0;0;0;3;2;3;0;4;4;2;3;472;470;132;149;364;356;340;321;1;1;0;1;1;0;6001
202343;Topptipset;112112X1;217506;3107;0;0;0;49;0;0;0;5;1;2;0;4;4;2;2;399;383;177;182;279;294;222;201;0;1;1;0;1;0;6002
202343;Topptipset;2121X1X1;175737;3000;0;0;0;41;0;0;0;4;2;2;0;3;3;2;3;391;359;181;202;310;298;210;157;1;1;0;1;1;0;6003
202343;Topptipset;211X2211;1632666;157;0;0;0;7243;0;0;0;4;1;3;0;6;6;1;1;431;384;155;188;414;369;276;196;1;1;1;1;1;1;6010
202343;Topptipset;X211X211;138924;661;0;0;0;147;0;0;0;4;2;2;0;5;5;1;1;449;455;150;148;378;375;299;307;1;1;1;1;1;1;6006
202343;Topptipset;12X11121;158123;1366;0;0;0;81;0;0;0;5;1;2;0;5;5;2;2;431;414;163;177;346;331;268;237;1;1;0;1;1;0;6011
202343;Topptipset;212XX1XX;620092;11422;0;0;0;38;0;0;0;2;4;2;0;3;2;4;5;415;371;173;197;282;267;242;174;1;0;0;1;0;0;6012
202343;Topptipset;1X1X1X1X;496226;770;0;0;0;451;0;0;0;4;4;0;0;4;4;1;1;449;438;149;161;361;348;300;277;1;1;1;1;1;0;6013
202343;Topptipset;1122X2X1;149819;1379;0;0;0;76;0;0;0;3;2;3;0;4;4;1;2;414;402;168;177;340;328;246;225;1;0;1;1;0;1;6014
202343;Topptipset;X11221X2;523185;2597;0;0;0;141;0;0;0;3;2;3;1;4;4;2;3;472;452;132;152;348;350;340;300;0;1;1;1;0;1;6015
202343;Topptipset;122X1112;117759;2113;0;0;0;39;0;0;0;4;1;3;0;5;5;2;1;441;452;162;156;327;356;279;296;1;0;1;1;0;0;6020
202342;Topptipset Stryk;X211X212;2662176;266;0;0;0;6993;0;0;0;3;2;3;0;6;5;0;1;449;448;146;159;405;395;303;289;1;1;1;1;1;1;5987
202342;Topptipset Extra;121X21X1;1286768;349;0;0;0;2580;0;0;0;4;2;2;0;6;6;0;0;483;482;123;135;412;403;360;347;1;1;0;1;0;1;5980
202342;Topptipset Extra;121X1XX1;1940290;956;0;0;0;1420;0;0;0;4;3;1;0;4;4;2;3;446;414;147;180;366;349;299;234;1;1;1;1;1;1;5989
202342;Topptipset;121XX11X;153164;850;0;0;0;126;0;0;0;4;3;1;0;4;4;2;1;460;471;136;141;374;360;324;330;1;1;1;1;1;1;5981
202342;Topptipset;222211XX;1975323;671;0;0;0;2058;0;0;0;2;2;4;1;5;5;1;2;441;383;155;192;360;327;286;191;1;0;1;1;0;1;5975
202342;Topptipset;2XX1X112;77685;13594;0;0;0;4;0;0;0;3;3;2;0;2;2;3;4;438;411;153;172;250;236;285;239;0;0;0;0;1;0;5976
202342;Topptipset;12122X22;817764;7735;0;0;0;74;0;0;0;2;1;5;0;3;3;5;5;465;448;136;162;301;309;329;286;1;0;1;1;0;1;5982
202342;Topptipset;X221111X;244134;8137;0;0;0;21;0;0;0;4;2;2;0;4;4;3;3;405;359;169;197;291;282;236;162;0;1;1;0;1;0;5983
202342;Topptipset;2221111X;714783;2996;0;0;0;167;0;0;0;4;1;3;0;4;4;3;3;410;374;173;194;320;296;237;180;1;0;0;1;0;0;5984
202342;Topptipset;2XXX2211;108183;797;0;0;0;95;0;0;0;2;3;3;0;5;5;0;0;420;397;170;183;354;344;250;214;1;0;1;1;0;1;5985
202342;Topptipset;11X212X2;1174375;832;0;0;0;987;0;0;0;3;2;3;1;4;4;2;2;461;463;133;145;354;343;328;318;1;1;0;1;1;0;5990
202342;Topptipset;11XX222X;135232;6761;0;0;0;14;0;0;0;2;3;3;0;3;3;3;2;406;392;172;187;278;292;234;205;1;0;0;1;0;0;5991
202342;Topptipset;1X211XXX;576423;1001;0;0;0;403;0;0;0;3;4;1;0;4;4;2;2;450;419;149;172;351;324;301;247;1;1;0;1;1;0;5992
202342;Topptipset;22211212;408304;575;0;0;0;497;0;0;0;3;0;5;0;6;7;2;1;409;369;184;204;375;343;225;165;1;0;1;1;1;1;5993
202342;Topptipset;X221X22X;134561;7849;0;0;0;12;0;0;0;1;3;4;0;3;3;2;1;404;370;178;192;274;276;226;178;0;1;0;0;1;0;5994
202342;Topptipset;21212111;506232;2048;0;0;0;173;0;0;0;5;0;3;0;5;5;3;3;452;427;138;160;353;347;314;267;1;1;1;1;1;0;5995
202341;Topptipset Stryk;11221X22;2058969;6405;0;0;0;225;0;0;0;3;1;4;0;4;4;2;3;425;376;164;194;290;276;261;182;0;1;1;0;0;0;5968
202341;Topptipset Extra;12122122;1287180;198;0;0;0;4529;0;0;0;3;0;5;1;6;6;2;2;496;528;111;106;451;465;385;422;1;1;1;1;1;1;5961
202341;Topptipset Extra;211X2211;1400369;1183;0;0;0;828;0;0;0;4;1;3;0;6;6;1;1;476;456;128;147;372;369;348;309;0;1;1;0;1;1;5978
202341;Topptipset;112211X2;172043;5474;0;0;0;22;0;0;0;4;1;3;0;2;4;4;1;377;371;195;198;286;301;182;173;1;0;1;1;0;0;5957
202341;Topptipset;221112X1;1088492;2358;0;0;0;323;0;0;0;4;1;3;0;4;5;1;1;394;370;176;200;334;330;218;170;1;0;1;1;1;0;5958
202341;Topptipset;X11X1X2X;192785;4217;0;0;0;32;0;0;0;3;4;1;0;3;4;1;3;408;380;171;189;293;285;237;191;0;0;1;0;0;1;5959
202341;Topptipset;X12X1121;933093;431;0;0;0;1514;0;0;0;4;2;2;0;6;6;1;2;440;411;161;178;386;372;279;233;1;1;0;1;1;0;5962
202341;Topptipset;X212X1X1;853659;871;0;0;0;686;0;0;0;3;3;2;0;3;5;2;2;431;428;164;165;374;376;267;263;1;1;0;1;1;1;5964
202341;Topptipset;1212X121;124478;127;0;0;0;684;0;0;0;4;1;3;0;7;7;1;1;448;459;154;153;429;446;294;306;1;1;1;1;1;1;5963
202341;Topptipset;X1X11221;151405;1394;0;0;0;76;0;0;0;4;2;2;0;4;5;2;2;433;413;162;173;348;351;271;240;1;1;0;1;1;1;5965
202341;Topptipset;121X2X11;218242;966;0;0;0;158;0;0;0;4;2;2;0;6;6;0;0;505;526;110;114;402;420;395;412;1;0;1;0;1;1;5966
202341;Topptipset;2212X112;1489808;554;0;0;0;1881;0;0;0;3;1;4;0;5;5;2;2;417;402;173;179;381;361;244;223;1;1;0;1;1;0;5969
202341;Topptipset;1X221111;132537;2262;0;0;0;41;0;0;0;5;1;2;0;6;3;1;1;413;391;171;176;329;304;242;215;0;1;0;1;0;0;5970
202341;Topptipset;1121XXX1;408146;1623;0;0;0;176;0;0;0;4;3;1;0;4;4;0;1;434;424;163;170;337;334;271;254;1;0;0;1;0;1;5971
202341;Topptipset;X1XX121X;103797;3159;0;0;0;23;0;0;0;3;4;1;0;3;2;1;1;422;359;164;200;316;286;258;159;0;1;1;0;1;1;5972
202341;Topptipset;21X121X1;488357;1367;0;0;0;250;0;0;0;4;2;2;0;5;5;1;1;459;447;137;151;350;351;322;296;1;0;1;1;0;1;5973
202341;Topptipset;XXX122X1;111994;4355;0;0;0;18;0;0;0;2;4;2;0;3;3;2;2;407;384;179;192;325;302;228;192;1;0;1;1;0;1;5974
202340;Topptipset Stryk;X2111XX1;2667715;273;0;0;0;6839;0;0;0;4;3;1;0;5;5;1;1;441;419;155;172;395;384;286;247;1;1;1;1;1;1;5943
202340;Topptipset Extra;122X2X11;2274445;598;0;0;0;2661;0;0;0;3;2;3;0;5;6;1;2;411;379;174;191;364;352;237;188;1;1;1;1;1;0;5942
202340;Topptipset Extra;1XXX1221;2276129;14099;0;0;0;113;0;0;0;3;3;2;0;2;2;4;3;426;377;172;195;261;259;254;182;0;1;0;0;1;1;5949
202340;Topptipset;211122XX;223775;4746;0;0;0;33;0;0;0;3;2;3;0;4;3;2;2;430;448;158;156;305;302;272;292;1;0;0;1;0;0;5937
202340;Topptipset;11XX1211;2944156;276;0;0;0;8346;0;0;0;5;2;1;0;6;5;1;1;453;447;152;160;415;399;301;287;1;1;1;1;1;1;5938
202340;Topptipset;XXXX11X2;288890;5947;0;0;0;34;0;0;0;2;5;1;0;2;2;0;1;390;373;185;196;257;275;205;177;0;1;0;0;0;0;5939
202340;Topptipset;22121X21;4021061;2929;0;0;0;1046;0;0;0;3;1;4;0;5;5;2;2;452;452;145;149;342;332;307;303;1;0;1;1;1;1;5940
202340;Topptipset;11X11212;230376;241;0;0;0;669;0;0;0;5;1;2;0;6;5;1;1;437;455;155;150;400;398;282;305;1;1;1;1;1;1;5945
202340;Topptipset;2112X111;246802;1451;0;0;0;119;0;0;0;5;1;2;1;5;5;2;2;407;420;172;175;332;354;235;245;1;1;1;0;1;1;5946
202340;Topptipset;221X111X;2160696;690;0;0;0;2190;0;0;0;4;2;2;0;5;6;1;1;435;403;159;180;377;371;276;223;1;1;1;1;1;0;5947
202340;Topptipset;XX21XXX1;178566;8928;0;0;0;14;0;0;0;2;5;1;0;3;3;0;1;434;446;151;151;275;281;283;295;0;0;1;0;0;0;5948
202340;Topptipset;1XX121X2;1421589;7159;0;0;0;139;0;0;0;3;3;2;0;3;2;4;4;411;377;178;196;295;289;233;181;1;0;1;1;1;0;5951
202340;Topptipset;11121212;201901;182;0;0;0;773;0;0;0;5;0;3;0;7;7;0;1;405;389;171;182;398;380;234;207;1;1;1;1;1;1;5952
202340;Topptipset;1X211112;758013;354;0;0;0;1495;0;0;0;5;1;2;0;6;6;1;1;459;438;152;164;409;397;307;274;1;1;1;1;1;1;5953
202340;Topptipset;2X2X1X22;577633;5464;0;0;0;74;0;0;0;1;3;4;0;3;3;3;2;406;363;167;195;288;284;239;168;1;0;0;1;1;0;5954
202340;Topptipset;21X12X1X;205014;4100;0;0;0;35;0;0;0;3;3;2;0;3;3;1;1;381;369;187;196;289;292;194;173;1;0;0;0;1;0;5955
202340;Topptipset;X2221221;667672;31158;0;0;0;15;0;0;0;2;1;5;0;3;3;4;4;449;447;147;154;232;244;302;293;0;0;0;0;0;0;5956
202339;Topptipset Stryk;1222111X;2701707;13905;0;0;0;136;0;0;0;4;1;3;0;3;3;3;4;474;480;126;137;301;305;348;343;1;0;1;1;0;1;5928
202339;Topptipset Extra;12211111;1776882;353;0;0;0;3515;0;0;0;6;0;2;0;6;6;1;1;444;414;158;180;396;371;286;234;1;1;0;1;1;1;5921
202339;Topptipset Extra;X1X121XX;2124558;1314;0;0;0;1131;0;0;0;3;4;1;0;3;3;3;3;410;388;182;192;334;324;228;196;1;1;0;1;1;0;5930
202339;Topptipset;XXX12222;193077;67576;0;0;0;2;0;0;0;1;3;4;0;1;2;5;3;398;387;178;190;223;230;220;197;0;0;0;0;1;0;5917
202339;Topptipset;22X2111X;1917102;5411;0;0;0;248;0;0;0;3;2;3;0;2;3;1;1;391;348;183;212;253;279;208;136;1;0;0;0;1;0;5918
202339;Topptipset;211111X2;302350;460;0;0;0;460;0;0;0;5;1;2;0;7;7;0;0;431;444;156;153;381;384;275;291;0;1;1;1;0;1;5919
202339;Topptipset;X12112X1;1915735;854;0;0;0;1570;0;0;0;4;2;2;0;5;4;2;1;442;420;149;164;358;343;293;256;1;0;1;1;0;1;5922
202339;Topptipset;X212X211;172347;15080;0;0;0;8;0;0;0;3;2;3;0;3;3;3;2;412;389;170;187;271;273;242;202;0;0;1;0;0;1;5923
202339;Topptipset;2XXX11XX;195120;4405;0;0;0;31;0;0;0;2;5;1;0;2;2;3;3;425;415;169;172;282;278;256;243;1;1;0;1;0;1;5924
202339;Topptipset;211XXX21;1600179;3836;0;0;0;292;0;0;0;3;3;2;0;4;4;1;2;435;390;157;188;307;298;278;202;0;1;0;0;0;1;5925
202339;Topptipset;X12X222X;253594;0;0;0;0;0;0;0;0;1;3;4;0;1;1;2;2;406;374;177;186;201;240;229;188;0;0;0;0;0;0;5926
202339;Topptipset;11222111;1495371;537;0;0;0;1948;0;0;0;5;0;3;0;7;7;1;1;428;421;159;173;383;376;269;248;1;0;1;1;1;0;5931
202339;Topptipset;XX11X212;182023;2235;0;0;0;57;0;0;0;3;3;2;0;3;3;1;2;408;384;176;185;317;317;232;199;1;1;0;1;1;0;5932
202339;Topptipset;11X12112;785619;2190;0;0;0;251;0;0;0;5;1;2;0;5;5;3;2;439;404;157;175;345;337;282;229;1;1;1;1;1;0;5933
202339;Topptipset;12122XX1;495997;235;0;0;0;1473;0;0;0;3;2;3;1;6;6;0;1;439;416;159;178;403;383;280;238;1;1;1;1;1;1;5934
202339;Topptipset;X2XX11XX;210324;2629;0;0;0;56;0;0;0;2;5;1;0;3;3;2;2;410;384;178;189;293;277;232;195;1;0;0;1;0;1;5935
202339;Topptipset;1112211X;696488;1177;0;0;0;414;0;0;0;5;1;2;0;4;5;3;2;426;406;167;177;343;354;259;229;1;1;1;1;1;1;5936
202338;Topptipset Stryk;22XX1111;2634490;933;0;0;0;1975;0;0;0;4;2;2;0;5;5;1;2;436;401;155;187;364;345;281;214;1;1;1;1;1;1;5908
202338;Topptipset Extra;112XX2XX;2206266;5030;0;0;0;307;0;0;0;2;4;2;0;3;3;2;4;451;427;147;175;322;323;304;252;1;1;0;1;1;0;5901
202338;Topptipset Extra;X12121X1;2398158;1545;0;0;0;1086;0;0;0;4;2;2;0;3;4;2;2;434;419;160;175;349;342;274;244;1;1;1;1;1;1;5910
202338;Topptipset;2XX2X112;162506;56877;0;0;0;2;0;0;0;2;3;3;1;1;0;4;2;387;361;193;209;217;223;194;152;0;0;0;0;0;0;5873
202338;Topptipset;122XXX21;2899884;3392;0;0;0;672;0;0;0;2;3;3;0;3;3;1;3;406;381;177;192;310;297;229;189;1;1;0;1;1;0;5874
202338;Topptipset;2XXXX121;290415;10699;0;0;0;19;0;0;0;2;4;2;0;2;2;4;3;381;369;189;193;254;258;192;176;0;0;1;0;1;0;5875
202338;Topptipset;X11112XX;2447896;158;0;0;0;10826;0;0;0;4;3;1;0;5;5;1;3;462;471;147;152;431;437;315;319;1;1;1;1;1;1;5902
202338;Topptipset;2X1X111X;174852;906;0;0;0;135;0;0;0;4;3;1;0;4;4;1;0;421;412;166;174;364;355;255;238;1;1;0;1;1;0;5903
202338;Topptipset;11XX1211;226336;900;0;0;0;176;0;0;0;5;2;1;0;6;6;1;1;406;393;176;186;360;348;230;207;1;0;1;1;1;0;5904
202338;Topptipset;X2212XX1;1939538;38790;0;0;0;35;0;0;0;2;3;3;0;3;3;2;3;426;397;167;184;269;264;259;213;0;1;1;0;1;0;5905
202338;Topptipset;11111211;198624;215;0;0;0;646;0;0;0;7;0;1;0;6;6;1;1;427;444;156;151;394;415;271;293;1;1;1;1;1;1;5906
202338;Topptipset;11X21121;1362406;1053;0;0;0;905;0;0;0;5;1;2;0;6;6;1;0;417;367;169;198;357;336;248;169;1;0;1;1;0;1;5911
202338;Topptipset;121XX122;200737;1479;0;0;0;95;0;0;0;3;2;3;0;4;3;1;2;380;354;191;210;335;313;189;144;1;1;1;1;1;0;5912
202338;Topptipset;2XX11211;660518;297;0;0;0;1556;0;0;0;4;2;2;0;5;4;2;2;441;451;159;157;404;383;282;294;1;1;1;1;1;1;5913
202338;Topptipset;2XX12X12;505382;12634;0;0;0;28;0;0;0;2;3;3;0;3;2;2;3;429;387;160;189;250;242;269;198;0;0;0;0;0;0;5914
202338;Topptipset;12X12X1X;157054;2389;0;0;0;46;0;0;0;3;3;2;0;3;3;3;4;392;377;193;197;302;291;199;180;1;0;1;1;0;1;5915
202338;Topptipset;11XX12XX;560901;3635;0;0;0;108;0;0;0;3;4;1;0;2;2;3;2;407;378;180;195;290;302;227;183;1;1;0;1;1;0;5916
202337;Topptipset Stryk;1221111X;2636927;194;0;0;0;9472;0;0;0;5;1;2;0;6;6;0;0;444;433;152;167;418;401;292;266;1;1;1;1;1;1;5864
202337;Topptipset Extra;21121122;2409568;555;0;0;0;3039;0;0;0;4;0;4;0;5;6;2;1;448;417;141;165;385;377;307;252;1;1;1;1;1;1;5858
202337;Topptipset Extra;2X111121;2115385;136;0;0;0;10860;0;0;0;5;1;2;0;7;6;0;1;459;448;135;153;432;419;324;295;1;1;1;1;1;1;5866
202337;Topptipset;X121X222;168478;770;0;0;0;153;0;0;0;2;2;4;0;4;4;3;3;445;450;146;156;367;363;299;294;1;1;1;1;1;1;5852
202337;Topptipset;211XXX12;1472462;2944;0;0;0;350;0;0;0;3;3;2;0;2;2;3;2;428;389;159;190;313;329;269;199;1;1;0;1;1;0;5853
202337;Topptipset;X1211221;122143;1613;0;0;0;53;0;0;0;4;1;3;0;4;4;3;3;417;384;171;195;334;320;246;189;1;1;0;1;1;0;5854
202337;Topptipset;11X2X1X1;143422;647;0;0;0;155;0;0;0;4;3;1;0;5;5;0;0;473;486;135;135;381;404;338;351;1;1;1;1;1;1;5859
202337;Topptipset;12211X21;920263;3745;0;0;0;172;0;0;0;4;1;3;0;4;4;3;3;413;356;167;206;294;295;246;150;1;0;1;0;1;1;5860
202337;Topptipset;21122111;668914;324;0;0;0;1442;0;0;0;5;0;3;0;5;5;1;2;397;372;184;195;370;349;213;177;1;1;1;1;1;1;5861
202337;Topptipset;1121XX21;181601;2492;0;0;0;51;0;0;0;4;2;2;0;5;5;0;0;432;411;165;177;315;331;267;234;1;0;1;0;0;1;5862
202337;Topptipset;X212X2X1;1590384;10808;0;0;0;103;0;0;0;2;3;3;0;3;3;2;2;426;391;164;192;292;282;262;199;0;1;0;0;1;0;5867
202337;Topptipset;X121X1X1;185631;1856;0;0;0;70;0;0;0;4;3;1;0;4;4;1;1;410;407;170;170;321;336;240;237;1;1;0;1;0;1;5868
202337;Topptipset;211122XX;733663;3890;0;0;0;132;0;0;0;3;2;3;0;4;4;1;1;455;439;147;163;340;330;308;276;1;0;0;0;1;1;5869
202337;Topptipset;1X1221X1;449433;4431;0;0;0;71;0;0;0;4;2;2;0;3;4;2;2;438;429;154;166;314;317;284;263;1;1;0;1;1;0;5870
202337;Topptipset;X212X111;161636;2407;0;0;0;47;0;0;0;4;2;2;0;5;5;1;1;408;376;182;196;329;321;226;180;1;0;0;1;0;1;5871
202337;Topptipset;11X12X11;500869;1001;0;0;0;350;0;0;0;5;2;1;0;5;5;1;1;449;425;144;161;369;363;305;264;1;1;1;1;1;1;5872
202336;Topptipset Stryk;2XXXX22X;2528650;18061;0;0;0;98;0;0;0;0;5;3;0;1;1;1;1;467;478;131;138;247;231;336;340;0;1;0;1;0;0;5846
202336;Topptipset Extra;11X2111X;1531717;292;0;0;0;3667;0;0;0;5;2;1;0;5;5;1;1;481;500;116;115;414;410;365;385;1;1;1;1;1;1;5838
202336;Topptipset Extra;22121X11;1773665;517;0;0;0;2401;0;0;0;4;1;3;0;5;4;2;1;421;399;158;177;382;373;263;222;1;1;1;1;1;1;5856
202336;Topptipset;12211121;222629;1287;0;0;0;121;0;0;0;5;0;3;1;5;6;1;1;386;354;184;210;321;284;202;144;0;1;0;1;0;0;5833
202336;Topptipset;XX1X1X12;1116825;26957;0;0;0;29;0;0;0;3;4;1;0;3;3;2;2;416;395;173;180;244;228;243;215;0;0;0;0;0;0;5834
202336;Topptipset;X1212111;1531136;1745;0;0;0;614;0;0;0;5;1;2;0;5;5;1;1;378;337;194;219;326;302;184;118;0;1;1;1;0;1;5839
202336;Topptipset;2X12X211;154089;738;0;0;0;146;0;0;0;3;2;3;0;5;5;2;1;443;446;150;150;365;382;293;296;1;1;1;1;1;1;5840
202336;Topptipset;X1122X21;154284;2571;0;0;0;42;0;0;0;3;2;3;0;5;5;1;1;521;566;103;93;378;396;418;473;1;0;0;1;0;0;5841
202336;Topptipset;2X12111X;188282;990;0;0;0;133;0;0;0;4;2;2;0;5;5;0;1;427;473;171;147;362;410;256;326;1;1;1;1;1;1;5844
202336;Topptipset;221X1221;1614810;659;0;0;0;1713;0;0;0;3;1;4;0;6;5;1;0;451;445;147;152;387;381;304;293;0;1;1;1;0;1;5847
202336;Topptipset;2XX2X12X;1017928;12285;0;0;0;58;0;0;0;1;4;3;0;2;2;1;1;428;373;159;190;267;282;269;183;1;0;0;1;0;0;5843
202336;Topptipset;111X2112;143028;490;0;0;0;204;0;0;0;5;1;2;0;4;6;1;1;415;375;164;183;373;353;251;192;1;1;1;1;1;1;5848
202336;Topptipset;XXX21122;503577;35250;0;0;0;10;0;0;0;2;3;3;0;2;2;3;2;454;448;143;155;232;215;311;293;0;0;0;0;0;0;5849
202336;Topptipset;1XX1X11X;174924;5565;0;0;0;22;0;0;0;4;4;0;0;3;3;2;0;411;399;175;181;275;276;236;218;1;0;0;0;0;0;5850
202336;Topptipset;212XX112;418782;3022;0;0;0;97;0;0;0;3;2;3;0;4;4;2;3;428;412;155;171;327;329;273;241;1;1;0;1;1;0;5851
202335;Topptipset Stryk;122XX12X;3051804;32865;0;0;0;65;0;0;0;2;3;3;0;2;2;2;3;452;446;141;155;242;245;311;291;0;0;0;0;0;0;5827
202335;Topptipset Extra;222X21XX;1528817;8360;0;0;0;128;0;0;0;1;3;4;0;4;4;3;4;432;401;157;182;287;291;275;219;0;1;1;0;1;0;5819
202335;Topptipset Extra;111121X2;2542546;326;0;0;0;5459;0;0;0;5;1;2;0;6;7;0;0;441;428;151;173;395;378;290;255;0;1;1;0;1;1;5836
202335;Topptipset;111X1222;157740;2349;0;0;0;47;0;0;0;4;1;3;0;4;3;1;1;411;400;171;184;314;320;240;216;1;0;1;1;0;1;5813
202335;Topptipset;11211122;2359005;68;0;0;0;24112;0;0;0;5;0;3;0;8;8;0;0;456;476;146;143;456;476;310;333;1;1;1;1;1;1;5814
202335;Topptipset;1XX1X2XX;286204;18212;0;0;0;11;0;0;0;2;5;1;0;2;2;2;0;419;378;171;192;242;254;248;186;0;0;0;0;0;0;5815
202335;Topptipset;211X222X;2046670;1626;0;0;0;881;0;0;0;2;2;4;0;4;4;1;2;439;414;161;183;341;335;278;231;1;1;0;1;1;0;5820
202335;Topptipset;11122X21;175766;1308;0;0;0;94;0;0;0;4;1;3;0;5;5;1;0;415;368;174;199;346;353;241;169;1;1;1;1;1;0;5821
202335;Topptipset;12X1222X;1786371;1351;0;0;0;925;0;0;0;2;2;4;0;4;4;2;2;479;499;128;134;357;370;351;365;1;1;0;1;1;0;5822
202335;Topptipset;X2111X12;228039;9976;0;0;0;16;0;0;0;4;2;2;0;3;3;3;1;412;396;178;186;271;276;234;210;0;1;1;0;0;1;5823
202335;Topptipset;211XX211;175673;2459;0;0;0;50;0;0;0;4;2;2;0;4;4;1;0;432;418;159;173;331;320;273;245;1;1;0;1;1;0;5824
202335;Topptipset;22X12X22;2729485;3047;0;0;0;709;0;0;0;1;2;5;0;4;2;2;1;420;385;175;193;317;301;245;192;1;0;1;1;0;1;5825
202335;Topptipset;1XX11112;247477;2220;0;0;0;78;0;0;0;5;2;1;0;4;4;1;1;388;354;195;216;317;304;193;138;0;1;1;1;0;0;5828
202335;Topptipset;111X1X2X;838063;15042;0;0;0;39;0;0;0;4;3;1;0;2;1;3;2;421;368;167;200;249;251;254;168;1;0;0;0;0;1;5829
202335;Topptipset;21111XXX;618260;3462;0;0;0;125;0;0;0;4;3;1;0;4;4;3;2;426;398;173;189;321;305;253;209;0;1;1;0;1;1;5830
202335;Topptipset;122X1XXX;207366;10368;0;0;0;14;0;0;0;2;4;2;0;3;2;4;4;388;384;184;195;256;258;204;189;0;0;1;0;0;1;5831
202335;Topptipset;2212XXX1;600535;257;0;0;0;1634;0;0;0;2;3;3;0;5;5;0;1;442;423;149;166;390;366;293;257;1;1;1;1;1;1;5832
202334;Topptipset Stryk;2X12X211;3541957;8579;0;0;0;289;0;0;0;3;2;3;0;3;3;2;1;448;428;146;168;293;285;302;260;0;1;0;0;1;0;5807
202334;Topptipset Extra;X21121X1;1385394;3367;0;0;0;288;0;0;0;4;2;2;0;5;3;2;1;434;390;161;189;323;288;273;201;0;0;1;1;0;0;5800
202334;Topptipset Extra;22212X21;2406198;13806;0;0;0;122;0;0;0;2;1;5;0;3;3;2;2;439;400;157;179;261;261;282;221;0;0;0;0;0;1;5817
202334;Topptipset;22112212;140099;1607;0;0;0;61;0;0;0;3;0;5;2;4;3;2;2;412;401;171;185;319;302;241;216;1;0;0;1;0;1;5794
202334;Topptipset;212122XX;2052050;2967;0;0;0;484;0;0;0;2;2;4;0;4;4;3;2;397;331;179;220;309;294;218;111;1;1;0;1;1;0;5795
202334;Topptipset;X111X11X;176921;416;0;0;0;297;0;0;0;5;3;0;1;5;5;3;2;404;369;178;200;360;340;226;169;1;1;1;1;1;1;5796
202334;Topptipset;X1222212;1468917;447;0;0;0;2299;0;0;0;2;1;5;0;5;6;0;1;427;423;172;170;383;400;255;253;1;1;1;1;1;1;5801
202334;Topptipset;21212111;245218;2909;0;0;0;59;0;0;0;5;0;3;0;5;4;3;3;404;383;177;186;316;303;227;197;1;0;0;1;0;1;5802
202334;Topptipset;21X2X221;1270316;338;0;0;0;2624;0;0;0;2;2;4;0;5;5;0;1;447;428;153;170;398;392;294;258;1;1;1;1;1;1;5803
202334;Topptipset;XX1X2111;252557;935;0;0;0;189;0;0;0;4;3;1;0;4;4;1;1;438;410;155;171;351;337;283;239;1;1;1;1;1;1;5804
202334;Topptipset;11X2122X;246186;1188;0;0;0;145;0;0;0;3;2;3;0;5;5;2;0;442;448;150;159;365;368;292;289;1;1;0;1;1;0;5805
202334;Topptipset;121XX122;2056699;1351;0;0;0;1065;0;0;0;3;2;3;0;5;5;2;2;449;408;148;184;366;353;301;224;1;1;1;1;1;1;5808
202334;Topptipset;121X111X;204267;15887;0;0;0;9;0;0;0;5;2;1;0;3;3;3;3;427;403;159;178;266;257;268;225;0;0;0;0;0;1;5809
202334;Topptipset;1121XX22;650688;11109;0;0;0;41;0;0;0;3;2;3;0;3;3;4;5;433;393;156;182;287;284;277;211;1;1;0;1;1;0;5810
202334;Topptipset;21111112;207819;619;0;0;0;235;0;0;0;6;0;2;0;5;5;1;1;397;376;179;198;347;335;218;178;1;1;0;1;1;0;5811
202334;Topptipset;112X1111;592892;1948;0;0;0;213;0;0;0;6;1;1;0;5;6;1;2;428;397;163;185;348;337;265;212;1;0;1;1;0;1;5812
202333;Topptipset Stryk;1112222X;2927168;2004;0;0;0;1022;0;0;0;3;1;4;0;4;4;2;1;429;423;163;172;317;337;266;251;1;1;0;1;0;0;5788
202333;Topptipset Extra;1X111212;1254771;305;0;0;0;2874;0;0;0;5;1;2;0;6;7;0;0;441;416;155;179;397;382;286;237;1;1;0;1;1;1;5781
202333;Topptipset Extra;11X11X21;1791515;1959;0;0;0;640;0;0;0;5;2;1;0;4;4;2;2;450;414;149;175;339;340;301;239;1;1;0;1;1;0;5798
202333;Topptipset;11221111;2099747;2482;0;0;0;592;0;0;0;6;0;2;0;5;5;3;3;447;447;147;158;333;341;300;289;1;1;0;1;1;0;5777
202333;Topptipset;12X112X2;769791;1032;0;0;0;522;0;0;0;3;2;3;0;4;5;2;2;417;387;178;189;361;348;239;198;1;1;0;1;1;1;5779
202333;Topptipset;12X22111;1359064;2337;0;0;0;407;0;0;0;4;1;3;0;4;4;3;2;421;367;173;203;323;305;248;164;1;0;1;1;1;1;5782
202333;Topptipset;21XX222X;170575;2985;0;0;0;40;0;0;0;1;3;4;0;5;5;0;0;448;447;154;156;318;328;294;291;0;1;0;0;1;0;5783
202333;Topptipset;X2221111;1220335;791;0;0;0;1079;0;0;0;4;1;3;0;6;6;1;1;447;443;150;160;371;365;297;283;0;1;1;1;0;1;5784
202333;Topptipset;11X11122;175687;136;0;0;0;903;0;0;0;5;1;2;0;7;7;1;0;436;426;160;168;419;411;276;258;1;1;1;1;1;1;5785
202333;Topptipset;1X211X1X;231953;3529;0;0;0;46;0;0;0;4;3;1;0;3;3;1;2;418;369;172;196;300;306;246;173;1;0;1;1;0;1;5786
202333;Topptipset;1X21XXX1;1755199;982;0;0;0;1251;0;0;0;3;4;1;0;4;4;0;0;445;423;149;172;349;330;296;251;1;1;0;1;0;1;5789
202333;Topptipset;1212111X;563443;731;0;0;0;539;0;0;0;5;1;2;0;6;6;1;2;383;336;195;220;345;298;188;116;0;1;1;1;1;1;5790
202333;Topptipset;1122X112;539365;1320;0;0;0;286;0;0;0;4;1;3;0;5;5;2;2;430;411;166;183;353;341;264;228;1;1;0;1;1;0;5791
202333;Topptipset;11112X11;567302;990;0;0;0;401;0;0;0;6;1;1;0;4;5;3;1;458;431;145;172;366;348;313;259;1;1;0;1;1;1;5792
202333;Topptipset;X12XXX11;564406;11620;0;0;0;34;0;0;0;3;4;1;0;2;3;2;2;399;356;180;205;237;256;219;151;0;1;0;0;0;0;5793
202332;Topptipset Stryk;12X12122;2878184;2271;0;0;0;887;0;0;0;3;1;4;0;4;4;4;4;427;400;166;184;340;338;261;216;1;1;0;1;1;1;5768
202332;Topptipset Extra;111X1211;1298329;2306;0;0;0;394;0;0;0;6;1;1;0;4;4;3;2;422;381;171;192;332;326;251;189;1;1;0;1;0;1;5761
202332;Topptipset Extra;XX112112;2135766;5496;0;0;0;272;0;0;0;4;2;2;0;3;2;3;3;405;370;177;201;304;290;228;169;1;1;0;1;0;0;5776
202332;Topptipset;X1112X21;495379;3210;0;0;0;108;0;0;0;4;2;2;0;5;5;1;2;437;404;155;179;323;316;282;225;0;1;1;1;0;0;5754
202332;Topptipset;112X1211;1956155;1325;0;0;0;1033;0;0;0;5;1;2;0;5;5;2;2;425;394;171;191;344;351;254;203;1;1;0;1;1;0;5755
202332;Topptipset;112212X2;584917;1527;0;0;0;268;0;0;0;3;1;4;1;5;5;2;1;446;455;147;152;337;366;299;303;1;0;1;1;0;0;5757
202332;Topptipset;2X111222;1833917;3546;0;0;0;362;0;0;0;3;1;4;1;4;4;3;2;435;397;159;187;315;322;276;210;1;0;1;1;0;1;5762
202332;Topptipset;111X111X;297086;191;0;0;0;1086;0;0;0;6;2;0;0;6;6;1;1;441;467;159;145;417;437;282;322;1;1;1;1;1;1;5763
202332;Topptipset;12111211;1796480;813;0;0;0;1546;0;0;0;6;0;2;0;6;5;2;2;438;420;157;171;369;362;281;249;1;1;1;1;1;1;5764
202332;Topptipset;XXX21111;207258;3086;0;0;0;47;0;0;0;4;3;1;0;4;4;0;0;439;412;158;172;295;307;281;240;1;0;0;0;0;1;5765
202332;Topptipset;2X12X121;772734;591;0;0;0;914;0;0;0;3;2;3;0;4;4;1;2;421;396;169;188;375;357;252;208;1;1;1;1;1;1;5769
202332;Topptipset;22X1221X;1530361;3226;0;0;0;332;0;0;0;2;2;4;0;4;4;3;4;450;430;145;161;341;335;305;269;1;1;0;1;1;0;5766
202332;Topptipset;X1X1122X;356455;4158;0;0;0;60;0;0;0;3;3;2;0;4;4;1;1;471;471;134;141;342;333;337;330;1;0;1;1;0;0;5770
202332;Topptipset;22X221XX;516921;45230;0;0;0;8;0;0;0;1;3;4;0;2;3;2;2;446;441;145;159;239;244;301;282;0;0;0;0;0;0;5771
202332;Topptipset;12112X21;159138;6962;0;0;0;16;0;0;0;4;1;3;0;3;3;4;3;417;380;172;196;279;266;245;184;0;1;0;0;1;1;5772
202332;Topptipset;X1121211;613207;2358;0;0;0;182;0;0;0;5;1;2;0;5;5;2;2;425;394;156;179;331;318;269;215;0;1;1;0;1;1;5773
202332;Topptipset;1X112X22;125708;1833;0;0;0;48;0;0;0;3;2;3;0;4;5;1;1;409;393;174;184;326;342;235;209;1;1;1;0;1;1;5774
202331;Topptipset Stryk;1X2111X1;2269177;2161;0;0;0;735;0;0;0;5;2;1;0;4;4;1;1;422;383;166;193;330;319;256;190;1;1;1;1;1;1;5749
202331;Topptipset Extra;1X12212X;1610609;3636;0;0;0;310;0;0;0;3;2;3;0;4;4;2;2;422;395;170;187;310;302;252;208;1;0;0;0;1;1;5742
202331;Topptipset Extra;XX21XX21;1505130;1721;0;0;0;612;0;0;0;2;4;2;0;3;4;0;1;454;454;142;159;331;319;312;295;0;1;0;1;0;0;5759
202331;Topptipset;2XX2221X;677552;4432;0;0;0;107;0;0;0;1;3;4;0;4;4;1;2;479;510;128;126;320;320;351;384;0;0;1;0;1;0;5740
202331;Topptipset;12XX1222;1932554;525;0;0;0;2573;0;0;0;2;2;4;0;6;5;1;2;423;388;171;194;370;345;252;194;1;1;0;1;1;1;5736
202331;Topptipset;X222X2X1;330688;552;0;0;0;419;0;0;0;1;3;4;0;4;5;2;0;485;523;137;113;404;418;348;410;1;0;1;1;1;0;5737
202331;Topptipset;X1X12X11;1543191;1367;0;0;0;790;0;0;0;4;3;1;0;4;3;1;1;423;404;162;183;331;308;261;221;1;0;1;1;1;0;5743
202331;Topptipset;212X1121;548724;662;0;0;0;580;0;0;0;4;1;3;0;6;6;1;1;456;481;145;137;376;369;311;344;1;0;0;1;0;1;5744
202331;Topptipset;XX111X21;1772466;2372;0;0;0;523;0;0;0;4;3;1;0;3;3;3;1;450;462;149;151;341;349;301;311;1;1;0;0;1;1;5745
202331;Topptipset;1XX12X21;360578;42067;0;0;0;6;0;0;0;3;3;2;0;2;1;2;3;402;364;181;202;217;222;221;162;0;0;0;0;0;0;5746
202331;Topptipset;11X211X1;356660;423;0;0;0;589;0;0;0;5;2;1;0;5;5;0;1;428;423;163;176;383;375;265;247;1;1;1;1;1;1;5747
202331;Topptipset;222221X1;1709866;906;0;0;0;1321;0;0;0;2;1;5;0;6;6;1;0;416;376;174;202;352;337;242;174;1;1;0;1;0;1;5750
202331;Topptipset;211XX111;722361;398;0;0;0;1268;0;0;0;5;2;1;0;6;6;1;0;459;500;136;126;400;425;323;374;1;1;0;1;0;1;5756
202331;Topptipset;121XX1X1;553432;5614;0;0;0;69;0;0;0;4;3;1;0;3;4;1;0;404;365;179;200;273;273;225;165;0;1;0;0;1;0;5751
202331;Topptipset;X1112XXX;642254;1454;0;0;0;309;0;0;0;3;4;1;0;4;3;3;3;410;379;168;196;329;300;242;183;1;1;1;1;1;0;5752
202331;Topptipset;12112XX1;505464;3804;0;0;0;93;0;0;0;4;2;2;0;3;4;3;1;381;356;185;209;303;303;196;147;1;0;1;1;0;1;5753
202330;Topptipset Stryk;1212XX11;1907101;38142;0;0;0;35;0;0;0;4;2;2;0;2;2;5;4;425;370;170;196;223;248;255;174;0;0;1;0;0;0;5729
202330;Topptipset Extra;2211XX11;1597691;1955;0;0;0;572;0;0;0;4;2;2;0;4;4;3;2;432;402;161;181;336;332;271;221;1;1;0;1;1;0;5722
202330;Topptipset Extra;1211112X;1616180;937;0;0;0;1207;0;0;0;5;1;2;0;5;5;1;1;435;432;160;170;361;358;275;262;1;1;0;1;1;0;5739
202330;Topptipset;112X1X2X;352137;41082;0;0;0;6;0;0;0;3;3;2;0;2;3;3;3;457;442;138;158;242;266;319;284;0;1;0;0;0;1;5716
202330;Topptipset;2221122X;1613253;3962;0;0;0;285;0;0;0;2;1;5;0;3;3;2;4;419;429;170;174;295;310;249;255;1;0;0;1;0;0;5717
202330;Topptipset;12X12111;298204;9075;0;0;0;23;0;0;0;5;1;2;0;4;3;4;4;410;376;170;192;291;270;240;184;0;1;1;0;1;1;5718
202330;Topptipset;2X1221XX;1678631;2140;0;0;0;549;0;0;0;2;3;3;0;3;3;2;2;403;367;169;198;331;318;234;169;1;1;0;1;0;1;5723
202330;Topptipset;11111X12;343335;496;0;0;0;484;0;0;0;6;1;1;0;5;5;1;0;435;445;162;162;395;421;273;283;1;1;1;1;1;1;5724
202330;Topptipset;X1X1212X;1695954;3421;0;0;0;347;0;0;0;3;3;2;0;4;3;1;2;424;405;167;182;297;270;257;223;0;1;0;1;0;1;5725
202330;Topptipset;111122X1;1206883;8620;0;0;0;127;0;0;0;5;1;2;0;4;5;2;2;438;455;145;154;310;329;293;301;0;1;1;0;1;1;5727
202330;Topptipset;11X2X12X;1234623;4019;0;0;0;215;0;0;0;3;3;2;0;4;4;3;3;373;329;197;222;295;278;176;107;0;1;1;0;1;0;5731
202330;Topptipset;1121X1X2;533842;1164;0;0;0;321;0;0;0;4;2;2;0;5;5;1;1;413;396;168;175;346;346;245;221;1;1;0;1;1;0;5732
202330;Topptipset;21X2221X;229744;32164;0;0;0;5;0;0;0;2;2;4;0;3;3;2;2;455;474;146;139;291;294;309;335;1;0;1;0;1;1;5734
202330;Topptipset;1121XX11;489204;577;0;0;0;593;0;0;0;5;2;1;0;6;5;1;1;393;360;182;211;358;343;211;149;1;1;1;1;1;1;5735
202330;Topptipset;212X212X;437430;1254;0;0;0;244;0;0;0;2;2;4;0;4;4;2;3;434;419;154;168;341;319;280;251;1;1;0;1;1;1;5733
202330;Topptipset;X122X221;322459;3092;0;0;0;73;0;0;0;2;2;4;0;3;4;1;2;433;437;158;165;333;338;275;272;1;1;0;1;1;0;5730
202329;Topptipset Stryk;112121X1;1755312;999;0;0;0;1229;0;0;0;5;1;2;0;6;5;1;1;462;455;135;156;363;370;327;299;0;1;1;0;1;1;5710
202329;Topptipset Extra;12111X22;1111503;1666;0;0;0;467;0;0;0;4;1;3;0;3;3;2;2;411;373;170;198;318;287;241;175;1;0;0;1;0;1;5705
202329;Topptipset Extra;X1X12111;1580918;1661;0;0;0;666;0;0;0;5;2;1;0;5;5;1;0;413;360;176;205;339;317;237;155;1;1;0;1;1;0;5720
202329;Topptipset;112XX111;201398;1424;0;0;0;99;0;0;0;5;2;1;0;4;4;4;1;417;379;165;194;340;326;252;185;1;1;1;1;1;1;5703
202329;Topptipset;12X122X2;1769861;4456;0;0;0;278;0;0;0;2;2;4;0;3;3;1;2;395;369;181;199;289;286;214;170;1;1;0;1;1;0;5700
202329;Topptipset;X122X212;224379;17451;0;0;0;9;0;0;0;2;2;4;0;3;2;3;3;374;338;194;219;234;243;180;119;0;0;0;0;0;0;5701
202329;Topptipset;11X22111;892197;494;0;0;0;1767;0;0;0;5;1;2;0;6;6;1;1;507;582;105;85;438;467;402;497;1;1;1;1;1;1;5702
202329;Topptipset;212X1112;1478402;2041;0;0;0;507;0;0;0;4;1;3;0;5;5;2;3;428;406;162;179;350;325;266;227;0;1;1;1;1;0;5706
202329;Topptipset;21X1XX12;1265310;9841;0;0;0;90;0;0;0;3;3;2;0;3;3;1;2;423;376;166;192;286;273;257;184;0;1;0;0;1;1;5707
202329;Topptipset;X2111X1X;241481;676;0;0;0;250;0;0;0;4;3;1;0;5;5;0;0;478;534;130;116;393;401;348;418;1;0;1;1;1;0;5708
202329;Topptipset;112X2111;1414048;6469;0;0;0;153;0;0;0;5;1;2;0;3;3;3;2;415;371;173;192;303;301;242;179;1;0;0;1;0;1;5711
202329;Topptipset;21122X1X;417940;1581;0;0;0;185;0;0;0;3;2;3;0;3;3;3;2;438;448;160;162;358;366;278;286;1;1;1;1;1;0;5712
202329;Topptipset;X1X1X121;259349;2836;0;0;0;64;0;0;0;4;3;1;0;3;4;3;1;430;413;159;168;302;319;271;245;0;1;1;0;1;1;5713
202329;Topptipset;11X112X1;296052;3573;0;0;0;58;0;0;0;5;2;1;0;5;5;2;1;464;490;139;136;350;391;325;354;1;0;1;0;1;1;5714
202329;Topptipset;XX12XX22;467011;21793;0;0;0;15;0;0;0;1;4;3;0;3;3;1;4;421;395;169;186;275;266;252;209;1;0;0;1;0;0;5715
202328;Topptipset Stryk;12121112;1976354;285;0;0;0;4845;0;0;0;5;0;3;0;7;7;1;0;418;386;171;190;401;373;247;196;1;1;1;1;1;1;5690
202328;Topptipset Extra;11X1X112;1166167;1600;0;0;0;510;0;0;0;5;2;1;0;3;4;0;0;450;423;148;167;348;333;302;256;1;0;1;1;0;1;5684
202328;Topptipset Extra;X121X122;1780145;10560;0;0;0;118;0;0;0;3;2;3;0;3;3;2;1;437;420;161;174;251;261;276;246;0;0;1;0;0;0;5694
202328;Topptipset;2212XXX1;1797989;11040;0;0;0;114;0;0;0;2;3;3;0;3;3;2;2;413;382;165;184;262;262;248;198;0;0;1;0;0;1;5679
202328;Topptipset;111XX11X;319624;661;0;0;0;338;0;0;0;5;3;0;0;5;5;0;2;412;394;172;180;358;345;240;214;1;1;0;1;1;0;5680
202328;Topptipset;1121X211;1321066;1006;0;0;0;919;0;0;0;5;1;2;0;5;5;1;2;449;470;149;140;377;394;300;330;1;1;1;1;1;1;5685
202328;Topptipset;22X11221;264938;4031;0;0;0;46;0;0;0;3;1;4;0;4;4;3;2;392;379;184;197;298;291;208;182;0;1;0;0;0;1;5687
202328;Topptipset;21XXX111;370558;6826;0;0;0;38;0;0;0;4;3;1;1;3;2;3;2;395;389;185;186;286;266;210;203;0;1;0;1;0;0;5688
202328;Topptipset;11111X1X;231380;1420;0;0;0;114;0;0;0;6;2;0;0;4;5;2;2;402;365;182;192;331;342;220;173;1;1;1;1;1;1;5686
202328;Topptipset;1XXX1X1X;1321746;1028;0;0;0;900;0;0;0;3;5;0;0;3;3;2;2;416;382;170;195;334;332;246;187;1;1;1;1;1;1;5692
202328;Topptipset;12X22221;1269324;446;0;0;0;1992;0;0;0;2;1;5;1;5;5;2;2;455;486;141;142;386;418;314;344;1;1;1;1;1;1;5695
202328;Topptipset;2X112112;245582;851;0;0;0;202;0;0;0;4;1;3;0;5;6;1;1;405;399;175;186;363;351;230;213;1;0;1;1;1;1;5696
202328;Topptipset;121X11X1;267585;1309;0;0;0;143;0;0;0;5;2;1;0;4;4;2;2;432;420;158;170;346;351;274;250;1;1;1;1;1;1;5697
202328;Topptipset;11XX11X1;154873;1246;0;0;0;87;0;0;0;5;3;0;0;5;5;2;1;404;390;179;188;340;329;225;202;0;1;1;1;0;1;5698
202328;Topptipset;X21X112X;476767;3061;0;0;0;109;0;0;0;3;3;2;0;4;4;3;3;412;368;171;193;316;306;241;175;1;1;0;1;0;1;5699
202327;Topptipset Stryk;211X2X11;1935018;4369;0;0;0;310;0;0;0;4;2;2;0;4;4;2;4;426;385;167;190;312;294;259;195;1;0;1;1;0;0;5672
202327;Topptipset Extra;XXX1XX11;1349715;9262;0;0;0;102;0;0;0;3;5;0;0;3;3;1;0;436;428;161;171;271;268;275;257;0;0;1;0;0;1;5665
202327;Topptipset Extra;2221X2X1;1660542;29059;0;0;0;40;0;0;0;2;2;4;0;3;3;2;2;430;384;166;189;252;247;264;195;0;0;0;0;0;1;5682
202327;Topptipset;2112122X;242539;24253;0;0;0;7;0;0;0;3;1;4;0;3;3;4;4;424;436;160;162;276;305;264;274;1;0;0;0;1;1;5636
202327;Topptipset;1XX222X1;1746571;24451;0;0;0;50;0;0;0;2;3;3;0;2;3;3;2;446;442;146;160;250;272;300;282;0;1;1;0;0;1;5637
202327;Topptipset;221X1212;342646;10428;0;0;0;23;0;0;0;3;1;4;0;3;3;4;4;438;423;157;168;286;295;281;255;1;1;0;1;0;1;5638
202327;Topptipset;122X1221;1232632;15137;0;0;0;57;0;0;0;3;1;4;1;2;2;5;3;431;395;164;185;254;268;267;210;0;1;1;1;0;0;5666
202327;Topptipset;XX12X11X;283957;4622;0;0;0;43;0;0;0;3;4;1;1;2;2;4;3;419;372;176;198;281;287;243;174;1;1;0;1;1;0;5667
202327;Topptipset;212X12X1;1312054;1172;0;0;0;783;0;0;0;3;2;3;0;5;5;1;1;428;417;161;170;359;361;267;247;1;0;1;1;0;1;5668
202327;Topptipset;111XX111;372107;451;0;0;0;577;0;0;0;6;2;0;0;5;6;0;0;421;404;169;184;384;383;252;220;1;1;1;1;1;1;5669
202327;Topptipset;22X2X222;1178391;3172;0;0;0;260;0;0;0;0;2;6;0;3;3;3;2;423;381;160;189;299;300;263;192;1;0;0;1;0;1;5670
202327;Topptipset;XX2122X2;358952;13959;0;0;0;18;0;0;0;1;3;4;0;2;2;3;3;412;381;164;194;253;262;248;187;0;0;1;0;0;1;5673
202327;Topptipset;1122XXX2;231073;2450;0;0;0;66;0;0;0;2;3;3;0;3;4;2;2;374;363;197;193;303;321;177;170;1;1;0;1;0;0;5674
202327;Topptipset;X2122X2X;362238;21130;0;0;0;12;0;0;0;1;3;4;0;2;2;4;4;395;364;181;193;230;233;214;171;0;0;0;0;0;0;5675
202327;Topptipset;1X21XXX2;488688;4171;0;0;0;82;0;0;0;2;4;2;0;3;3;0;1;418;400;166;182;291;297;252;218;1;0;0;0;0;1;5677
202327;Topptipset;XXXX1221;184453;8069;0;0;0;16;0;0;0;2;4;2;1;2;2;1;2;421;414;169;175;269;289;252;239;1;0;1;0;1;0;5678
202327;Topptipset;11X21112;203155;1871;0;0;0;76;0;0;0;5;1;2;0;3;5;1;2;380;391;190;186;303;335;190;205;1;0;1;1;0;0;5676
202326;Topptipset Stryk;12X12XX1;2060317;3142;0;0;0;459;0;0;0;3;3;2;0;3;3;1;2;439;409;157;174;319;306;282;235;0;1;1;0;1;1;5628
202326;Topptipset Extra;12212211;1240434;926;0;0;0;937;0;0;0;4;0;4;0;6;6;2;1;442;430;157;171;362;372;285;259;0;1;1;0;1;1;5621
202326;Topptipset Extra;X1X12112;1836206;2764;0;0;0;465;0;0;0;4;2;2;0;4;4;2;2;461;455;138;153;346;325;323;302;1;1;0;1;1;0;5630
202326;Topptipset;XX2X1112;1480342;7097;0;0;0;146;0;0;0;3;3;2;0;4;4;2;3;430;388;163;189;275;259;267;199;0;0;0;0;0;0;5619
202326;Topptipset;1XXX2X12;1512093;1743;0;0;0;607;0;0;0;2;4;2;0;4;4;1;1;448;433;155;167;326;308;293;266;1;0;1;1;1;0;5622
202326;Topptipset;1X12X211;337778;3876;0;0;0;61;0;0;0;4;2;2;0;5;5;2;1;447;464;145;143;345;352;302;321;0;1;1;1;1;0;5623
202326;Topptipset;11111211;254564;218;0;0;0;814;0;0;0;7;0;1;0;7;6;1;1;428;446;172;149;406;399;256;297;1;1;1;1;1;1;5624
202326;Topptipset;11X1221X;1295311;2184;0;0;0;415;0;0;0;4;2;2;0;4;4;3;1;446;434;152;163;338;331;294;271;0;1;1;1;1;1;5625
202326;Topptipset;1XXX12X2;297935;1027;0;0;0;203;0;0;0;2;4;2;0;4;3;1;1;453;439;151;158;355;342;302;281;1;1;0;1;1;0;5626
202326;Topptipset;2X111X2X;1287525;2666;0;0;0;338;0;0;0;3;3;2;0;2;3;4;3;426;391;170;190;310;324;256;201;1;1;0;1;1;0;5631
202326;Topptipset;X1112X21;222644;11988;0;0;0;13;0;0;0;4;2;2;0;4;4;2;2;408;375;176;192;271;271;232;183;0;1;0;0;1;0;5632
202326;Topptipset;X1212X1X;457731;2563;0;0;0;125;0;0;0;3;3;2;0;3;4;1;2;408;403;164;175;312;294;244;228;0;1;0;0;1;0;5633
202326;Topptipset;111111XX;216105;1112;0;0;0;136;0;0;0;6;2;0;0;5;5;1;1;408;386;178;193;337;335;230;193;1;1;1;1;0;1;5634
202326;Topptipset;2X1X1111;536201;2421;0;0;0;155;0;0;0;5;2;1;0;4;4;3;2;409;379;168;184;292;277;241;195;0;0;1;0;1;0;5635
202325;Topptipset Stryk;1X122112;1739056;10585;0;0;0;115;0;0;0;4;1;3;0;3;3;4;2;431;386;162;191;281;286;269;195;1;0;0;0;1;1;5610
202325;Topptipset Extra;12X21122;1971472;4339;0;0;0;318;0;0;0;3;1;4;0;5;5;2;2;487;500;107;115;353;352;380;385;1;1;0;1;1;0;5604
202325;Topptipset Extra;X12X1211;1568737;1082;0;0;0;1014;0;0;0;4;2;2;0;4;4;2;1;425;383;165;190;356;333;260;193;1;1;0;1;1;0;5612
202325;Topptipset;11X2X111;1080871;273;0;0;0;2769;0;0;0;5;2;1;1;5;6;0;1;488;506;130;127;426;416;358;379;1;1;1;1;1;1;5599
202325;Topptipset;11X2X111;961935;507;0;0;0;1327;0;0;0;5;2;1;0;5;5;1;1;493;529;113;111;403;418;380;418;1;1;1;1;1;1;5600
202325;Topptipset;112XX21X;278435;9745;0;0;0;20;0;0;0;3;3;2;1;3;3;5;5;391;382;183;195;268;284;208;187;1;1;0;0;0;1;5606
202325;Topptipset;221XX221;1429214;466;0;0;0;2145;0;0;0;2;2;4;0;5;6;2;2;411;399;171;180;375;362;240;219;1;1;1;1;1;1;5605
202325;Topptipset;2221111X;348205;1346;0;0;0;181;0;0;0;4;1;3;0;4;3;4;3;404;375;184;196;339;313;220;179;1;1;0;1;1;0;5608
202325;Topptipset;1121222X;1632268;1687;0;0;0;677;0;0;0;3;1;4;0;5;5;2;1;392;351;185;198;328;322;207;153;1;1;1;1;1;0;5607
202325;Topptipset;X121111X;1336234;7482;0;0;0;125;0;0;0;5;2;1;0;4;4;3;3;437;413;149;169;298;284;288;244;0;0;1;0;0;1;5613
202325;Topptipset;12X12112;187350;5464;0;0;0;24;0;0;0;4;1;3;0;2;2;3;2;392;362;190;204;268;275;202;158;1;0;1;1;0;0;5614
202325;Topptipset;11XX111X;221171;420;0;0;0;368;0;0;0;5;3;0;0;5;5;1;0;432;417;160;170;377;367;272;247;1;1;1;1;1;1;5615
202325;Topptipset;X12X22XX;176698;0;0;0;0;0;0;0;0;1;4;3;0;1;1;3;3;421;415;168;178;196;199;253;237;0;0;0;0;0;0;5616
202325;Topptipset;212212X1;407349;748;0;0;0;381;0;0;0;3;1;4;0;5;5;1;2;442;426;152;168;363;330;290;258;1;0;1;1;1;1;5617
202325;Topptipset;112121X1;181114;773;0;0;0;164;0;0;0;5;1;2;0;4;5;0;1;408;394;170;188;362;343;238;206;1;1;0;1;1;0;5618
202324;Topptipset Stryk;X22XX122;2038918;1158;0;0;0;1232;0;0;0;1;3;4;0;4;3;1;1;458;409;137;171;352;331;321;238;1;1;0;1;1;0;5595
202324;Topptipset Extra;11122X21;1428988;2646;0;0;0;378;0;0;0;4;1;3;0;5;5;3;2;479;470;118;137;368;370;361;333;1;1;1;1;1;0;5590
202324;Topptipset Extra;22X1XX22;1366312;50337;0;0;0;19;0;0;0;1;3;4;0;2;2;2;4;453;409;142;171;225;237;311;238;0;0;1;0;0;0;5602
202324;Topptipset;XX2221XX;1001651;6204;0;0;0;113;0;0;0;1;4;3;0;3;3;1;1;474;473;129;135;270;265;345;338;0;0;0;0;0;1;5586
202324;Topptipset;X22X2XX1;345563;6537;0;0;0;37;0;0;0;1;4;3;1;2;1;2;2;414;372;174;196;269;256;240;176;0;0;1;0;1;0;5587
202324;Topptipset;21111122;1006546;181;0;0;0;3875;0;0;0;5;0;3;0;7;6;1;2;445;453;143;150;426;432;302;303;1;1;1;1;1;1;5591
202324;Topptipset;X2112211;1048103;588;0;0;0;1247;0;0;0;4;1;3;0;6;6;1;1;465;463;132;149;402;391;333;314;1;1;0;1;1;1;5592
202324;Topptipset;11111221;1229747;91;0;0;0;9393;0;0;0;6;0;2;0;7;7;0;0;471;489;136;137;462;483;335;352;1;1;1;1;1;1;5593
202324;Topptipset;X21122XX;415072;269;0;0;0;1080;0;0;0;2;3;3;0;5;4;1;1;452;440;141;155;405;384;311;285;1;1;1;1;1;1;5596
202324;Topptipset;12121XX1;139574;1628;0;0;0;60;0;0;0;4;2;2;0;4;4;1;3;439;436;155;162;334;336;284;274;1;1;0;1;0;1;5597
202324;Topptipset;12122122;324256;10317;0;0;0;22;0;0;0;3;0;5;1;3;2;4;5;415;386;163;186;270;260;252;200;0;1;0;0;1;1;5598
202323;Topptipset Stryk;12112121;2299917;133;0;0;0;12028;0;0;0;5;0;3;0;7;6;1;0;456;438;148;165;436;416;308;273;1;1;1;1;1;1;5578
202323;Topptipset Extra;21212212;1357418;182;0;0;0;5201;0;0;0;3;0;5;0;7;7;0;1;428;409;166;183;415;380;262;226;1;1;1;1;1;1;5573
202323;Topptipset Extra;2X111122;1944075;1113;0;0;0;1222;0;0;0;4;1;3;0;5;6;2;1;431;400;160;184;350;355;271;216;1;0;1;1;0;1;5580
202323;Topptipset;12112121;2092031;170;0;0;0;8570;0;0;0;5;0;3;0;7;7;1;0;441;422;155;169;427;412;286;253;1;1;1;1;1;1;5569
202323;Topptipset;1X222111;1674004;5501;0;0;0;213;0;0;0;4;1;3;0;3;3;5;1;415;378;176;197;282;303;239;181;1;1;1;1;0;1;5570
202323;Topptipset;1211112X;334166;194;0;0;0;1205;0;0;0;5;1;2;0;6;6;0;1;441;455;152;144;421;409;289;311;1;1;1;1;1;1;5571
202323;Topptipset;X1122XXX;228865;3080;0;0;0;52;0;0;0;2;4;2;0;3;3;1;1;450;489;153;135;312;299;297;354;1;0;0;1;0;1;5574
202323;Topptipset;X1X11221;1325394;320;0;0;0;2899;0;0;0;4;2;2;0;5;6;0;0;447;434;141;153;394;386;306;281;1;1;1;1;1;1;5575
202323;Topptipset;11X11XX2;196177;2860;0;0;0;48;0;0;0;4;3;1;0;4;4;3;2;397;393;192;179;305;324;205;214;1;0;1;1;0;1;5576
202323;Topptipset;12X2222X;1617487;1449;0;0;0;781;0;0;0;1;2;5;0;5;4;2;2;425;391;163;177;338;318;262;214;1;1;0;1;0;1;5581
202323;Topptipset;1XX1211X;211344;5479;0;0;0;27;0;0;0;4;3;1;1;3;3;3;3;431;406;168;179;319;289;263;227;0;1;1;0;1;1;5582
202323;Topptipset;1XXXXXX1;400253;6367;0;0;0;44;0;0;0;2;6;0;0;1;1;2;1;413;372;169;190;253;273;244;182;1;0;0;0;0;1;5583
202323;Topptipset;X211X1X1;140559;2399;0;0;0;41;0;0;0;4;3;1;0;3;3;2;2;417;377;166;195;309;302;251;182;1;1;0;1;0;1;5584
202323;Topptipset;22XX112X;416382;3886;0;0;0;75;0;0;0;2;3;3;0;3;4;1;1;388;350;191;211;289;293;197;139;1;0;1;1;0;0;5588
202323;Topptipset;1X221122;154077;35951;0;0;0;3;0;0;0;3;1;4;1;3;2;4;4;426;393;163;181;246;236;263;212;0;0;1;0;0;1;5585
202322;Topptipset Stryk;121222XX;2568243;4633;0;0;0;388;0;0;0;2;2;4;0;3;3;2;4;436;401;160;185;313;297;276;216;0;1;1;0;1;1;5560
202322;Topptipset Extra;X12X1X22;1420420;8498;0;0;0;117;0;0;0;2;3;3;0;3;4;1;2;397;356;179;209;274;277;218;147;0;0;1;0;0;1;5554
202322;Topptipset Extra;XXX11121;2115776;327;0;0;0;4527;0;0;0;4;3;1;0;5;5;1;0;424;420;173;171;376;373;251;249;1;1;1;1;1;0;5562
202322;Topptipset;11X1X221;159883;1130;0;0;0;99;0;0;0;4;2;2;0;5;5;0;0;418;393;173;189;350;338;245;204;1;0;1;1;0;1;5551
202322;Topptipset;12XX2XXX;1947257;19754;0;0;0;69;0;0;0;1;5;2;0;2;2;2;3;445;404;153;181;254;259;292;223;1;0;0;1;0;0;5552
202322;Topptipset;1X212212;1401407;341;0;0;0;2873;0;0;0;3;1;4;0;6;5;1;1;408;405;164;175;393;389;244;230;1;1;1;1;1;1;5555
202322;Topptipset;2XX21X21;1859579;5469;0;0;0;238;0;0;0;2;3;3;0;3;3;2;2;445;441;146;165;283;290;299;276;1;0;1;0;1;1;5557
202322;Topptipset;1X1X1121;168712;1663;0;0;0;71;0;0;0;5;2;1;0;4;5;1;1;414;399;172;186;324;338;242;213;1;0;1;1;0;1;5556
202322;Topptipset;1X1X1111;283602;1167;0;0;0;170;0;0;0;6;2;0;0;5;6;1;1;432;425;154;170;356;353;278;255;1;1;1;1;0;1;5558
202322;Topptipset;1111X211;1564083;267;0;0;0;4086;0;0;0;6;1;1;1;7;7;0;0;443;456;154;154;402;407;289;302;1;1;0;1;1;0;5563
202322;Topptipset;1211XX21;221270;661;0;0;0;234;0;0;0;4;2;2;1;6;6;1;1;408;371;178;197;364;340;230;174;1;1;1;1;1;0;5564
202322;Topptipset;XX221221;331128;5150;0;0;0;45;0;0;0;2;2;4;0;5;4;1;3;440;429;161;175;299;286;279;254;0;0;1;0;1;0;5565
202322;Topptipset;X212X2XX;183085;11650;0;0;0;11;0;0;0;1;4;3;0;2;3;2;1;400;368;178;203;256;255;222;165;0;0;1;1;0;0;5566
202322;Topptipset;1121X1XX;699007;790;0;0;0;619;0;0;0;4;3;1;0;5;4;2;2;410;394;174;181;347;353;236;213;1;1;1;1;1;1;5567
202322;Topptipset;22111212;72801;1274;0;0;0;40;0;0;0;4;0;4;0;5;5;2;2;421;393;165;183;349;332;256;210;1;0;1;1;0;1;5568
202321;Topptipset Stryk;11X1112X;2892638;1430;0;0;0;1415;0;0;0;5;2;1;0;5;5;2;1;448;415;154;175;347;336;294;240;1;0;1;0;1;1;5543
202321;Topptipset Extra;X21X12X1;1576280;3254;0;0;0;339;0;0;0;3;3;2;0;3;4;3;2;418;403;164;182;312;294;254;221;1;0;0;1;0;1;5536
202321;Topptipset Extra;211X1112;1668508;260;0;0;0;4491;0;0;0;5;1;2;0;6;6;0;0;424;416;174;182;400;376;250;234;1;1;0;1;1;1;5545
202321;Topptipset;221XX112;1627233;25887;0;0;0;44;0;0;0;3;2;3;0;4;4;3;3;434;414;157;169;261;267;277;245;0;1;0;0;1;0;5532
202321;Topptipset;1X1112X2;1334403;1533;0;0;0;609;0;0;0;4;2;2;0;4;4;2;2;445;453;153;157;357;350;292;296;1;1;1;1;1;1;5537
202321;Topptipset;21122X21;171504;976;0;0;0;123;0;0;0;3;1;4;0;4;5;1;3;418;401;170;187;351;341;248;214;1;1;1;1;1;1;5538
202321;Topptipset;1XX21X21;186349;4498;0;0;0;29;0;0;0;3;3;2;0;3;2;1;2;421;393;165;186;283;266;256;207;0;1;0;1;0;0;5539
202321;Topptipset;1X111X12;1721143;2889;0;0;0;417;0;0;0;5;2;1;0;3;3;2;2;392;365;187;205;302;304;205;160;1;0;1;1;0;0;5540
202321;Topptipset;12X222X2;219474;1155;0;0;0;133;0;0;0;1;2;5;0;5;5;2;1;428;447;158;155;351;356;270;292;1;0;1;1;1;1;5541
202321;Topptipset;1X111X12;1472289;2442;0;0;0;422;0;0;0;5;2;1;0;4;5;2;1;415;391;172;188;323;319;243;203;1;0;1;1;1;0;5546
202321;Topptipset;111211X2;204859;146;0;0;0;979;0;0;0;5;1;2;0;6;7;0;0;437;428;148;161;419;407;289;267;1;1;1;1;1;1;5547
202321;Topptipset;111XX111;588166;1282;0;0;0;321;0;0;0;6;2;0;0;5;5;2;2;438;413;159;176;360;359;279;237;1;1;1;1;1;0;5548
202321;Topptipset;21XX1221;158672;1194;0;0;0;93;0;0;0;3;2;3;0;5;3;1;3;395;374;183;200;326;285;212;174;0;1;1;1;1;0;5549
202321;Topptipset;2111XX11;345054;1178;0;0;0;205;0;0;0;5;2;1;0;4;4;2;2;395;347;195;212;336;315;200;135;1;1;1;1;1;1;5550
202320;Topptipset Stryk;1X2XX111;2768698;2061;0;0;0;940;0;0;0;4;3;1;0;4;4;3;2;453;429;146;173;336;316;307;256;1;1;0;1;0;1;5525
202320;Topptipset Extra;21XX2211;1361258;265;0;0;0;3585;0;0;0;3;2;3;0;6;6;0;1;427;392;166;190;387;359;261;202;1;1;1;1;1;1;5518
202320;Topptipset Extra;1XX1122X;1897996;1876;0;0;0;708;0;0;0;3;3;2;0;3;3;2;2;437;405;160;181;330;301;277;224;1;1;0;1;1;1;5534
202320;Topptipset;1111X121;131578;598;0;0;0;154;0;0;0;6;1;1;0;5;6;2;0;414;385;169;192;372;366;245;193;1;1;1;1;1;1;5512
202320;Topptipset;2XX12X11;1666733;8454;0;0;0;138;0;0;0;3;3;2;0;3;4;2;3;410;393;173;187;283;278;237;206;0;1;0;1;0;0;5513
202320;Topptipset;1XXX1X2X;162643;37950;0;0;0;3;0;0;0;2;5;1;0;1;1;6;2;380;342;197;213;208;237;183;129;0;0;0;0;0;0;5514
202320;Topptipset;1X11X22X;1305129;982;0;0;0;930;0;0;0;3;3;2;0;4;4;1;2;425;380;174;193;352;336;251;187;1;1;1;1;1;1;5519
202320;Topptipset;122X11X2;1732434;2301;0;0;0;527;0;0;0;3;2;3;0;4;5;2;2;452;444;148;155;340;352;304;289;1;1;0;1;1;0;5520
202320;Topptipset;1XX111X2;155725;4541;0;0;0;24;0;0;0;4;3;1;0;4;4;4;4;417;406;174;184;316;321;243;222;1;0;1;0;1;1;5521
202320;Topptipset;1XX22112;559214;4035;0;0;0;97;0;0;0;3;2;3;0;4;4;2;3;425;380;166;196;312;294;259;184;0;1;1;0;1;1;5522
202320;Topptipset;1211XX2X;133436;15567;0;0;0;6;0;0;0;3;3;2;0;2;2;4;3;434;408;166;180;269;267;268;228;0;1;1;0;1;1;5523
202320;Topptipset;111121X1;1573141;439;0;0;0;2508;0;0;0;6;1;1;0;7;7;0;0;411;373;178;199;374;348;233;174;0;1;1;0;1;1;5526
202320;Topptipset;211X21XX;386343;686;0;0;0;394;0;0;0;3;3;2;0;4;3;2;2;457;464;145;145;366;348;312;319;1;1;1;1;1;1;5528
202320;Topptipset;XX121112;143556;4567;0;0;0;22;0;0;0;4;2;2;0;3;4;3;3;411;393;171;194;304;304;240;199;1;0;0;1;0;0;5529
202320;Topptipset;X22X1XX2;417596;1391;0;0;0;210;0;0;0;1;4;3;0;4;4;2;1;449;452;146;157;355;353;303;295;1;0;1;0;1;1;5530
202320;Topptipset;XX11X2X1;103600;5578;0;0;0;13;0;0;0;3;4;1;0;2;2;3;1;404;384;181;191;292;292;223;193;1;0;0;1;0;0;5531
202320;Topptipset;22X1X21X;144662;50631;0;0;0;2;0;0;0;2;3;3;1;2;2;2;2;407;350;179;212;260;257;228;138;0;0;1;0;1;0;5527
202319;Topptipset Stryk;11X121X1;2826356;1949;0;0;0;1015;0;0;0;5;2;1;0;5;5;1;1;423;376;171;194;339;324;252;182;1;0;1;1;0;1;5506
202319;Topptipset Extra;X112X12X;1519298;14770;0;0;0;72;0;0;0;3;3;2;0;3;3;3;3;446;409;142;169;266;265;304;240;0;1;0;0;1;0;5499
202319;Topptipset Extra;22112121;2025504;883;0;0;0;1605;0;0;0;4;0;4;0;5;6;2;2;456;440;141;163;378;373;315;277;1;1;1;1;1;1;5516
202319;Topptipset;X111211X;125302;1790;0;0;0;49;0;0;0;5;2;1;0;5;5;2;2;430;404;162;174;352;347;268;230;1;0;1;0;1;1;5494
202319;Topptipset;122X2111;1078939;10070;0;0;0;75;0;0;0;4;1;3;0;2;3;2;3;394;379;177;193;263;253;217;186;0;0;1;0;1;0;5497
202319;Topptipset;1X22X111;1611891;384;0;0;0;2936;0;0;0;4;2;2;0;6;6;1;1;413;381;181;193;376;356;232;188;1;1;1;1;1;1;5495
202319;Topptipset;X2121XX2;210086;1616;0;0;0;91;0;0;0;2;3;3;0;4;4;2;1;424;414;165;175;335;337;259;239;1;1;0;1;1;0;5496
202319;Topptipset;XX112111;2142196;1455;0;0;0;1030;0;0;0;5;2;1;0;4;6;1;1;404;383;178;191;320;331;226;192;0;1;1;1;0;1;5500
202319;Topptipset;1112X212;197984;3079;0;0;0;45;0;0;0;4;1;3;0;4;5;3;2;429;419;168;177;317;331;261;242;1;0;1;1;0;1;5501
202319;Topptipset;221X2112;1274839;1628;0;0;0;548;0;0;0;3;1;4;0;6;6;1;1;435;394;156;183;353;346;279;211;1;1;0;1;1;0;5502
202319;Topptipset;2212X211;93484;1982;0;0;0;33;0;0;0;3;1;4;0;3;4;2;3;390;356;183;203;319;298;207;153;1;0;1;1;1;0;5503
202319;Topptipset;1XXX21X1;142703;3027;0;0;0;33;0;0;0;3;4;1;0;2;2;0;1;422;401;162;184;305;286;260;217;1;0;0;1;0;1;5504
202319;Topptipset;X1112122;1197899;1166;0;0;0;719;0;0;0;4;1;3;0;6;6;1;0;414;366;174;198;349;331;240;168;1;0;1;1;0;1;5507
202319;Topptipset;X2X12122;123592;3460;0;0;0;25;0;0;0;2;2;4;0;3;3;4;3;381;345;187;208;284;280;194;137;1;0;0;1;0;0;5508
202319;Topptipset;111X11X2;392634;840;0;0;0;327;0;0;0;5;2;1;0;5;5;1;1;439;416;164;174;362;363;275;242;1;1;1;1;1;1;5509
202319;Topptipset;21X2XX11;494256;1729;0;0;0;200;0;0;0;3;3;2;0;4;4;1;1;441;438;152;154;339;341;289;284;1;1;0;1;0;1;5511
202319;Topptipset;11X12222;129683;1592;0;0;0;57;0;0;0;3;1;4;0;3;3;1;1;367;331;201;222;315;285;166;109;1;1;1;1;1;1;5510
202318;Topptipset Stryk;11211221;3232189;90;0;0;0;25049;0;0;0;5;0;3;0;7;7;0;0;462;478;141;148;455;468;321;330;1;1;1;1;1;1;5484
202318;Topptipset Extra;111X1X21;1815890;115;0;0;0;11023;0;0;0;5;2;1;0;6;6;1;1;471;474;134;144;444;452;337;330;1;1;1;1;1;1;5481
202318;Topptipset Extra;21111212;2324494;2921;0;0;0;557;0;0;0;5;0;3;0;4;4;3;2;450;420;151;167;322;318;299;253;0;1;1;1;1;0;5488
202318;Topptipset;1XX11X11;160238;1809;0;0;0;62;0;0;0;5;3;0;1;4;5;2;1;385;360;188;205;304;320;197;155;0;1;1;0;1;1;5475
202318;Topptipset;X121121X;1980985;7415;0;0;0;187;0;0;0;4;2;2;0;4;4;3;2;437;426;159;173;310;303;278;253;0;1;1;0;1;1;5476
202318;Topptipset;XX221212;1202788;1990;0;0;0;423;0;0;0;2;2;4;0;4;3;2;3;428;398;162;183;328;330;266;215;1;1;1;1;1;1;5477
202318;Topptipset;11111X22;1670595;309;0;0;0;3783;0;0;0;5;1;2;0;5;5;0;0;438;432;157;170;400;370;281;262;1;0;1;1;1;1;5478
202318;Topptipset;1X21XX11;174011;4350;0;0;0;28;0;0;0;4;3;1;0;4;4;1;1;395;417;179;168;295;299;216;249;0;1;0;0;1;0;5479
202318;Topptipset;112211X2;5268926;5327;0;0;0;880;0;0;0;4;1;3;0;3;3;2;3;409;404;170;183;297;300;239;221;1;0;0;1;0;0;5482
202318;Topptipset;2211XX22;179879;850;0;0;0;148;0;0;0;2;2;4;0;4;4;1;3;424;422;167;173;353;359;257;249;1;1;1;1;1;0;5485
202318;Topptipset;211X11X1;195811;1575;0;0;0;87;0;0;0;5;2;1;0;5;5;0;1;431;417;163;173;336;335;268;244;1;0;1;1;0;0;5486
202318;Topptipset;22X1X221;1613871;6455;0;0;0;175;0;0;0;2;2;4;0;4;4;3;3;421;392;168;187;288;284;253;205;0;0;1;0;0;1;5489
202318;Topptipset;X2111212;159542;3018;0;0;0;37;0;0;0;4;1;3;0;4;4;2;2;424;406;169;180;310;315;255;226;1;0;0;1;0;1;5490
202318;Topptipset;111X1222;403385;3003;0;0;0;94;0;0;0;4;1;3;0;5;5;2;1;422;407;170;183;319;337;252;224;1;0;1;1;0;1;5491
202318;Topptipset;121121XX;106501;8283;0;0;0;9;0;0;0;4;2;2;0;1;3;1;2;372;350;186;213;249;252;186;137;0;0;0;0;0;0;5493
202318;Topptipset;1222X112;459120;3531;0;0;0;91;0;0;0;3;1;4;0;3;3;3;2;456;447;146;152;330;335;310;295;1;1;0;1;1;0;5492
202317;Topptipset Stryk;111X12X1;3015212;448;0;0;0;4702;0;0;0;5;2;1;0;6;6;0;0;445;439;154;162;379;386;291;277;1;1;1;1;0;1;5467
202317;Topptipset Extra;12211112;2107867;5855;0;0;0;252;0;0;0;5;0;3;0;4;4;4;4;444;428;146;165;289;283;298;263;0;1;0;1;0;0;5461
202317;Topptipset Extra;1211111X;2368458;298;0;0;0;5563;0;0;0;6;1;1;0;6;6;1;1;463;457;138;150;418;421;325;307;1;1;1;1;1;1;5469
202317;Topptipset;112X1112;1820279;1088;0;0;0;1171;0;0;0;5;1;2;0;5;6;1;1;418;374;171;198;354;341;247;176;1;1;1;1;1;1;5454
202317;Topptipset;2212X121;162069;8103;0;0;0;14;0;0;0;3;1;4;0;4;4;2;3;424;427;166;168;293;302;258;259;0;1;1;0;1;1;5459
202317;Topptipset;1X112X22;5636645;5791;0;0;0;854;0;0;0;3;2;3;0;4;4;4;4;379;371;193;196;297;290;186;175;0;1;1;0;1;1;5455
202317;Topptipset;12X22121;141838;386;0;0;0;257;0;0;0;3;1;4;0;6;7;0;0;398;366;181;205;372;350;217;161;1;1;1;1;1;0;5462
202317;Topptipset;112XX111;149727;375;0;0;0;279;0;0;0;5;2;1;0;6;6;0;0;470;498;140;127;399;407;330;371;1;0;1;1;1;1;5463
202317;Topptipset;X222112X;2185572;2875;0;0;0;532;0;0;0;2;2;4;0;4;4;2;2;431;411;162;172;316;301;269;239;0;1;1;1;0;1;5464
202317;Topptipset;2X111X12;147332;3819;0;0;0;27;0;0;0;4;2;2;0;4;4;2;1;408;382;174;192;292;282;234;190;0;0;1;0;0;1;5465
202317;Topptipset;X2222111;1545007;455;0;0;0;2376;0;0;0;3;1;4;0;7;7;0;0;410;375;179;197;359;327;231;178;0;1;1;0;1;1;5470
202317;Topptipset;X12122XX;89360;1060;0;0;0;59;0;0;0;2;3;3;0;5;5;1;1;414;391;175;192;347;326;239;199;1;1;0;1;0;1;5471
202317;Topptipset;1221X111;507632;602;0;0;0;590;0;0;0;5;1;2;0;5;7;1;1;409;392;176;187;370;370;233;205;1;1;1;1;1;1;5472
202317;Topptipset;X11X2XXX;99800;23286;0;0;0;3;0;0;0;2;5;1;0;1;2;3;4;386;351;185;214;230;243;201;137;0;0;0;0;0;0;5473
202317;Topptipset;X211X211;423062;696;0;0;0;425;0;0;0;4;2;2;0;5;5;1;1;450;432;148;170;385;367;302;262;1;1;0;1;1;0;5474
202316;Topptipset Stryk;11XX21X1;2835017;1229;0;0;0;1614;0;0;0;4;3;1;0;4;4;2;2;428;389;159;189;347;334;269;200;1;1;0;1;1;0;5448
202316;Topptipset Extra;XXX1XX12;1783516;5916;0;0;0;211;0;0;0;2;5;1;0;2;2;3;4;412;380;174;188;279;275;238;192;1;0;1;1;0;1;5441
202316;Topptipset Extra;X1221111;2096626;513;0;0;0;2858;0;0;0;5;1;2;0;4;6;1;1;403;381;170;188;374;356;233;193;1;1;1;1;1;1;5450
202316;Topptipset;22X112X2;2289083;2163;0;0;0;856;0;0;0;2;2;4;0;5;5;2;2;419;391;172;185;344;330;247;206;1;1;0;1;0;1;5405
202316;Topptipset;X2112112;94894;2290;0;0;0;29;0;0;0;4;1;3;1;4;5;3;1;380;362;185;201;277;295;195;161;0;1;1;0;1;1;5404
202316;Topptipset;11XXX121;136338;5022;0;0;0;19;0;0;0;4;3;1;0;2;2;3;0;373;323;196;224;278;281;177;99;1;1;0;1;0;1;5406
202316;Topptipset;X222X12X;2083622;20257;0;0;0;72;0;0;0;1;3;4;0;3;3;2;2;453;437;149;152;273;261;304;285;1;0;0;1;0;0;5442
202316;Topptipset;1111112X;84246;220;0;0;0;268;0;0;0;6;1;1;0;5;5;0;1;439;471;149;136;415;413;290;335;1;1;1;1;1;1;5443
202316;Topptipset;X121111X;93692;288;0;0;0;227;0;0;0;5;2;1;0;5;5;2;3;452;454;155;154;410;422;297;300;1;1;1;1;1;1;5444
202316;Topptipset;1X121X12;1870816;1937;0;0;0;676;0;0;0;4;2;2;0;4;4;2;2;435;420;158;169;339;339;277;251;1;1;0;1;0;1;5445
202316;Topptipset;11212X11;102976;1264;0;0;0;57;0;0;0;5;1;2;0;4;5;2;2;445;451;156;152;362;370;289;299;1;1;0;1;1;0;5446
202316;Topptipset;X2XX122X;1428278;5153;0;0;0;194;0;0;0;1;4;3;0;3;3;2;2;446;437;154;161;310;301;292;276;1;0;1;1;0;1;5451
202316;Topptipset;1X2222X2;86002;3010;0;0;0;20;0;0;0;1;2;5;0;4;4;4;3;376;370;201;200;299;315;175;170;1;0;1;1;0;1;5452
202316;Topptipset;11211X1X;94018;6581;0;0;0;10;0;0;0;5;2;1;0;3;4;4;3;386;368;191;202;290;301;195;166;1;1;0;1;1;0;5456
202316;Topptipset;22111XX1;435009;1879;0;0;0;162;0;0;0;4;2;2;0;4;3;0;0;374;342;192;212;314;313;182;130;1;1;0;1;1;0;5457
202316;Topptipset;11X112X2;95943;5166;0;0;0;13;0;0;0;4;2;2;0;4;4;3;4;399;369;177;201;306;310;222;168;1;0;1;1;0;0;5458
202316;Topptipset;X11X1221;445369;793;0;0;0;393;0;0;0;4;2;2;0;5;5;1;1;432;428;158;162;366;371;274;266;1;0;1;1;0;1;5453
202315;Topptipset Stryk;12222112;3080909;2991;0;0;0;721;0;0;0;3;0;5;0;5;5;2;2;432;397;162;187;332;331;270;210;1;0;1;1;0;0;5398
202315;Topptipset Extra;X11X1XX2;1575347;4836;0;0;0;228;0;0;0;3;4;1;0;4;4;0;1;440;407;153;175;292;283;287;232;0;0;1;0;0;1;5396
202315;Topptipset Extra;2X11X111;2018698;6859;0;0;0;206;0;0;0;5;2;1;0;3;3;3;1;444;406;146;176;285;295;298;230;0;0;1;0;0;1;5408
202315;Topptipset;2X1X2121;2524361;8100;0;0;0;249;0;0;0;3;2;3;0;2;2;2;2;431;421;161;166;268;270;270;255;1;0;0;1;0;0;5392
202315;Topptipset;12211112;1726066;1257;0;0;0;961;0;0;0;5;0;3;0;6;6;2;2;454;438;148;165;365;364;306;273;1;0;1;0;1;1;5394
202315;Topptipset;X1XXX121;818807;6163;0;0;0;93;0;0;0;3;4;1;0;4;4;0;0;417;393;172;185;264;273;245;208;0;0;0;0;0;0;5393
202315;Topptipset;11121X12;1526960;3698;0;0;0;289;0;0;0;5;1;2;0;6;6;1;1;391;348;175;203;313;292;216;145;1;0;0;1;0;0;5399
202315;Topptipset;2121111X;1567456;178;0;0;0;6139;0;0;0;5;1;2;0;7;7;0;1;402;369;183;199;392;365;219;170;1;1;1;1;1;1;5400
202315;Topptipset;221X1XX1;560433;28021;0;0;0;14;0;0;0;3;3;2;0;3;3;3;2;447;429;150;170;266;270;297;259;0;1;0;0;1;0;5401
202315;Topptipset;211211X1;505830;273;0;0;0;1293;0;0;0;5;1;2;0;6;6;1;1;442;427;154;169;403;406;288;258;1;1;1;1;1;1;5403
202315;Topptipset;XXX1X211;87995;7699;0;0;0;8;0;0;0;3;4;1;0;1;2;2;2;370;340;197;219;237;250;173;121;0;0;0;0;0;0;5402
202314;Topptipset Stryk;21112221;3283462;1708;0;0;0;1345;0;0;0;4;0;4;0;5;5;2;2;430;389;159;188;350;329;271;201;1;1;0;1;1;0;5385
202314;Topptipset Extra;X212X122;1995813;19403;0;0;0;72;0;0;0;2;2;4;0;4;4;3;4;439;444;145;158;297;298;294;286;0;1;1;0;1;1;5381
202314;Topptipset Extra;X212211X;2188152;12658;0;0;0;121;0;0;0;3;2;3;0;3;3;3;3;426;381;158;190;282;273;268;191;0;1;0;0;0;1;5387
202314;Topptipset;X2XXXXXX;2531257;8752;0;0;0;231;0;0;0;0;7;1;0;1;0;2;1;395;359;184;201;235;236;211;158;0;0;0;0;0;0;5379
202314;Topptipset;21212121;2283272;549;0;0;0;2907;0;0;0;4;0;4;0;5;5;1;0;414;379;166;196;369;353;248;183;1;1;1;1;1;1;5382
202314;Topptipset;X1X211XX;1061240;3659;0;0;0;203;0;0;0;3;4;1;0;4;3;2;3;406;371;174;189;290;274;232;182;0;1;1;0;1;0;5383
202314;Topptipset;222X12X2;1856736;20630;0;0;0;63;0;0;0;1;2;5;0;2;2;5;5;401;376;178;190;258;257;223;186;1;0;0;1;0;0;5389
202314;Topptipset;X2X11212;800778;4379;0;0;0;128;0;0;0;3;2;3;0;3;4;2;3;411;379;174;196;284;286;237;183;0;1;0;0;1;0;5388
202314;Topptipset;1221X121;497517;4582;0;0;0;76;0;0;0;4;1;3;0;4;3;3;4;407;402;173;184;334;325;234;218;1;0;1;1;0;1;5390
202314;Topptipset;2X2X22X1;543816;13126;0;0;0;29;0;0;0;1;3;4;0;2;3;2;2;430;406;149;171;251;259;281;235;0;0;0;0;0;0;5391
202313;Topptipset Stryk;211X1XX2;3338457;6955;0;0;0;336;0;0;0;3;3;2;0;4;3;1;1;421;399;165;183;285;288;256;216;1;0;0;1;0;0;5373
202313;Topptipset Extra;1211X2X2;1573830;20786;0;0;0;53;0;0;0;3;2;3;0;3;3;3;3;488;488;115;132;278;283;373;356;0;1;1;0;1;1;5369
202313;Topptipset Extra;1122111X;2325416;3356;0;0;0;485;0;0;0;5;1;2;0;5;5;2;2;429;388;156;186;325;326;273;202;1;1;0;1;0;1;5375
202313;Topptipset;122111X1;2266222;207;0;0;0;7644;0;0;0;5;1;2;0;7;7;0;0;505;525;103;104;446;457;402;421;1;0;1;1;1;0;5365
202313;Topptipset;1X2XXX21;1017057;32360;0;0;0;22;0;0;0;2;4;2;0;1;1;2;3;422;386;173;196;218;235;249;190;0;0;0;0;0;0;5370
202313;Topptipset;2X112X22;940317;728;0;0;0;903;0;0;0;2;2;4;0;4;6;2;1;389;360;183;198;349;342;206;162;1;1;1;1;1;0;5371
202313;Topptipset;XXXX21X1;1237473;5588;0;0;0;155;0;0;0;2;5;1;0;2;2;0;0;455;440;140;147;284;272;315;293;0;0;0;0;1;0;5376
202313;Topptipset;2112XX22;475365;432;0;0;0;769;0;0;0;2;2;4;0;6;7;1;1;397;372;169;192;380;367;228;180;1;1;1;1;1;1;5377
202313;Topptipset;2211X2X2;514661;8187;0;0;0;44;0;0;0;2;2;4;0;3;3;3;3;446;442;151;160;301;308;295;282;1;1;0;1;0;1;5378
202312;Topptipset Stryk;1XX22X11;2454111;368;0;0;0;4664;0;0;0;3;3;2;0;5;5;1;1;467;466;127;140;403;389;340;326;1;0;1;1;1;0;5361
202312;Topptipset Extra;211X1211;1309063;233;0;0;0;3927;0;0;0;5;1;2;0;7;7;0;0;453;436;144;163;416;396;309;273;1;1;0;1;1;1;5357
202312;Topptipset Extra;11122221;1400489;412;0;0;0;2378;0;0;0;4;0;4;0;5;6;2;2;532;581;94;86;464;501;438;495;1;1;1;1;1;1;5367
202312;Topptipset;221X2X11;912595;8189;0;0;0;78;0;0;0;3;2;3;0;3;4;2;1;360;333;201;216;280;278;159;117;0;1;1;0;1;1;5355
202312;Topptipset;212X1X12;1231001;598;0;0;0;1439;0;0;0;3;2;3;0;4;4;2;0;431;411;167;182;372;374;264;229;1;1;1;1;1;1;5358
202312;Topptipset;21X211X1;1032007;275;0;0;0;2625;0;0;0;4;2;2;0;6;5;0;0;463;447;134;151;411;386;329;296;1;1;1;1;1;1;5359
202312;Topptipset;2111X112;2099137;1198;0;0;0;1226;0;0;0;5;1;2;0;5;5;2;1;440;418;154;176;368;363;286;242;1;1;1;1;1;0;5362
202312;Topptipset;1X11XX12;409914;6105;0;0;0;47;0;0;0;4;3;1;0;3;2;4;4;449;423;143;164;304;298;306;259;1;0;1;1;1;0;5363
202312;Topptipset;212XXX2X;582110;6572;0;0;0;62;0;0;0;1;4;3;0;2;2;2;2;433;415;155;170;280;293;278;245;1;0;0;1;0;0;5364
202311;Topptipset Stryk;XXX21121;3108146;1120;0;0;0;1941;0;0;0;3;3;2;0;4;4;1;2;459;440;137;162;349;332;322;278;1;0;1;1;0;1;5349
202311;Topptipset Extra;1121X12X;1863114;210;0;0;0;6185;0;0;0;4;2;2;0;6;6;0;0;445;435;144;156;409;393;301;279;1;1;1;1;1;1;5345
202311;Topptipset Extra;11121211;2066904;371;0;0;0;3898;0;0;0;6;0;2;0;6;6;2;2;433;405;158;178;400;375;275;227;1;1;1;1;1;1;5351
202311;Topptipset;121XX2X2;1556215;3222;0;0;0;338;0;0;0;2;3;3;0;4;4;0;0;414;383;163;188;320;297;251;195;0;1;1;0;1;1;5341
202311;Topptipset;1X1X121X;2837193;1485;0;0;0;1505;0;0;0;4;3;1;0;4;5;1;1;412;384;173;191;341;326;239;193;1;0;1;1;0;1;5346
202311;Topptipset;XX121211;1834125;5440;0;0;0;236;0;0;0;4;2;2;0;3;3;2;3;462;477;137;137;313;323;325;340;1;0;1;1;0;0;5347
202311;Topptipset;21X2XXX2;1627117;3235;0;0;0;352;0;0;0;1;4;3;0;3;3;1;3;438;411;152;175;306;308;286;236;1;0;1;1;0;0;5352
202311;Topptipset;1112X21X;417349;6215;0;0;0;47;0;0;0;4;2;2;0;3;3;4;4;445;415;148;171;308;307;297;244;1;1;0;1;1;0;5353
202311;Topptipset;12221212;388236;6039;0;0;0;45;0;0;0;3;0;5;0;4;4;4;3;389;352;187;209;282;284;202;143;1;0;0;1;0;0;5354
202310;Topptipset Stryk;22X111X1;3837645;648;0;0;0;4530;0;0;0;4;2;2;0;5;6;0;0;431;405;155;180;367;359;276;225;1;1;0;1;1;0;5337
202310;Topptipset Extra;11X111XX;1581140;538;0;0;0;2055;0;0;0;5;3;0;0;5;5;1;0;447;428;145;157;375;361;302;271;1;1;0;1;1;1;5332
202310;Topptipset Extra;X21XX2XX;2333279;5268;0;0;0;310;0;0;0;1;5;2;0;3;3;1;1;436;424;152;172;294;301;284;252;0;1;1;0;1;1;5343
202310;Topptipset;11X1X111;1846686;2585;0;0;0;500;0;0;0;6;2;0;0;4;4;2;2;382;331;190;217;320;301;192;114;1;1;0;1;1;1;5330
202310;Topptipset;11X21111;3093429;188;0;0;0;12843;0;0;0;6;1;1;0;7;6;0;1;430;422;162;166;419;414;268;256;1;1;1;1;1;1;5333
202310;Topptipset;1X21XXX2;2137535;1536;0;0;0;974;0;0;0;2;4;2;0;3;3;2;3;426;399;163;188;338;334;263;211;1;1;1;1;1;0;5334
202310;Topptipset;111X11XX;411764;262;0;0;0;1099;0;0;0;5;3;0;0;5;5;1;0;458;462;143;140;402;401;315;322;1;1;1;1;1;1;5335
202310;Topptipset;11X2X2X1;1731674;31899;0;0;0;38;0;0;0;3;3;2;0;3;3;3;3;422;397;162;181;237;245;260;216;0;0;0;0;0;0;5338
202310;Topptipset;X21122XX;525216;881;0;0;0;417;0;0;0;2;3;3;0;5;4;2;1;433;416;154;170;363;352;279;246;1;1;0;1;1;0;5339
202310;Topptipset;21X1X111;591716;329;0;0;0;1256;0;0;0;5;2;1;0;6;6;0;0;466;486;129;129;393;399;337;357;1;1;0;1;1;0;5340
202309;Topptipset Stryk;11111121;3509563;277;0;0;0;8841;0;0;0;7;0;1;0;6;6;1;0;439;411;153;177;411;398;286;234;1;1;1;1;1;1;5324
202309;Topptipset Extra;11112112;1946180;934;0;0;0;1458;0;0;0;6;0;2;0;5;5;3;3;474;505;129;121;382;384;345;384;1;1;0;1;1;0;5320
202309;Topptipset Extra;1X11X1XX;2375022;1205;0;0;0;1379;0;0;0;4;4;0;0;4;4;2;2;413;377;175;195;342;323;238;182;1;1;0;1;1;0;5326
202309;Topptipset;11X11211;1668982;708;0;0;0;1648;0;0;0;6;1;1;0;6;6;1;1;443;416;148;170;371;358;295;246;1;1;0;1;1;0;5316
202309;Topptipset;2122XX11;1725319;1689;0;0;0;715;0;0;0;3;2;3;0;5;5;2;2;442;429;150;161;366;353;292;268;1;0;1;1;0;1;5321
202309;Topptipset;2122111X;1351727;3754;0;0;0;252;0;0;0;4;1;3;0;4;4;4;3;458;465;146;145;332;335;312;320;1;1;0;1;1;0;5322
202309;Topptipset;21XX111X;1750568;26639;0;0;0;46;0;0;0;4;3;1;0;2;2;4;3;452;432;148;160;253;255;304;272;1;0;0;1;0;0;5327
202309;Topptipset;111X1211;474237;589;0;0;0;563;0;0;0;6;1;1;0;5;6;0;0;427;415;159;168;364;370;268;247;1;1;0;1;1;0;5328
202309;Topptipset;1X212XX2;568840;3721;0;0;0;107;0;0;0;2;3;3;0;2;2;2;1;380;342;190;212;286;290;190;130;1;0;0;1;0;0;5329
202308;Topptipset Stryk;X2212121;3890377;278;0;0;0;10690;0;0;0;3;1;4;0;6;6;0;0;433;415;158;175;401;376;275;240;1;1;1;1;1;1;5312
202308;Topptipset Extra;11221211;1466453;154;0;0;0;6655;0;0;0;5;0;3;0;7;7;0;0;433;397;162;183;408;386;271;214;1;1;1;1;1;1;5307
202308;Topptipset Extra;11X11222;2309890;14183;0;0;0;114;0;0;0;4;1;3;0;4;4;3;3;437;408;149;178;263;270;288;230;0;1;0;0;0;1;5318
202308;Topptipset;1X121212;1476553;905;0;0;0;1142;0;0;0;4;1;3;0;6;3;0;2;390;365;181;196;337;311;209;169;1;0;1;1;0;1;5305
202308;Topptipset;221X1121;2970128;4057;0;0;0;574;0;0;0;4;1;3;0;3;3;3;3;412;360;174;207;293;289;238;153;1;1;0;1;1;0;5308
202308;Topptipset;1X2XXX21;1324732;2202;0;0;0;421;0;0;0;2;4;2;0;4;4;0;0;442;413;150;172;326;312;292;241;0;1;1;0;1;1;5309
202308;Topptipset;11111111;353912;128;0;0;0;1923;0;0;0;8;0;0;0;8;8;0;0;415;391;178;189;415;391;237;202;1;1;1;1;1;1;5310
202308;Topptipset;X121X121;1632724;1056;0;0;0;1082;0;0;0;4;2;2;0;5;5;3;3;422;381;169;195;362;338;253;186;1;1;1;1;1;1;5313
202308;Topptipset;X12X11XX;455552;9965;0;0;0;32;0;0;0;3;4;1;0;1;1;5;3;411;371;178;198;250;265;233;173;1;0;0;1;0;0;5314
202308;Topptipset;212X11X2;487142;14826;0;0;0;23;0;0;0;3;2;3;0;4;5;3;2;413;396;169;183;286;281;244;213;0;1;0;0;1;0;5315
202307;Topptipset Stryk;22X12X21;3580042;91867;0;0;0;30;0;0;0;2;2;4;0;2;0;3;3;430;421;151;163;191;193;279;258;0;0;0;0;0;0;5299
202307;Topptipset Extra;2121XX21;1857861;900;0;0;0;1445;0;0;0;3;2;3;0;5;5;1;1;431;399;161;183;369;357;270;216;1;1;1;1;1;1;5295
202307;Topptipset Extra;111X12X2;1914903;231;0;0;0;5779;0;0;0;4;2;2;0;6;6;0;0;442;427;145;160;397;385;297;267;1;1;0;1;1;0;5301
202307;Topptipset;1X21X1XX;2404764;5753;0;0;0;336;0;0;0;3;4;1;0;3;3;2;2;397;369;178;196;290;286;219;173;0;1;1;0;1;0;5293
202307;Topptipset;212X1121;2859268;2457;0;0;0;916;0;0;0;4;1;3;0;5;5;1;2;387;355;185;203;314;298;202;152;0;1;1;0;1;1;5296
202307;Topptipset;XX121121;1763961;2638;0;0;0;468;0;0;0;4;2;2;0;5;5;0;0;445;422;158;169;313;296;287;253;0;1;0;0;0;1;5297
202307;Topptipset;21111XX1;1598068;1604;0;0;0;697;0;0;0;5;2;1;0;5;4;1;1;414;384;162;188;333;317;252;196;1;0;1;1;1;0;5302
202307;Topptipset;12112X21;471722;1610;0;0;0;205;0;0;0;4;1;3;0;6;6;1;1;454;436;138;163;351;345;316;273;1;0;0;0;0;1;5303
202307;Topptipset;112X1X11;428878;157;0;0;0;1905;0;0;0;5;2;1;0;6;6;0;0;437;417;152;169;418;399;285;248;1;1;1;1;1;1;5304
202306;Topptipset Stryk;XX11X212;3298597;5458;0;0;0;423;0;0;0;3;3;2;0;3;3;0;0;428;398;159;186;275;261;269;212;0;0;0;0;0;1;5287
202306;Topptipset Extra;2X1111X2;1411011;1929;0;0;0;512;0;0;0;4;2;2;0;4;4;2;2;442;425;154;167;340;336;288;258;1;1;0;1;1;1;5283
202306;Topptipset Extra;2122X122;2028535;289;0;0;0;4906;0;0;0;2;1;5;0;5;5;1;1;424;390;160;188;401;365;264;202;1;1;1;1;1;1;5289
202306;Topptipset;X1X12X21;1576343;1067;0;0;0;1034;0;0;0;3;3;2;0;4;4;0;0;419;390;169;180;345;337;250;210;1;0;1;1;1;0;5252
202306;Topptipset;X21222X1;1700563;1660;0;0;0;717;0;0;0;2;2;4;1;4;4;1;0;468;464;140;147;341;344;328;317;0;1;1;1;0;0;5284
202306;Topptipset;XXX12122;1153708;9730;0;0;0;83;0;0;0;2;3;3;0;4;3;1;1;389;356;191;208;268;266;198;148;0;0;1;0;0;1;5285
202306;Topptipset;111X1X1X;1623216;3737;0;0;0;304;0;0;0;5;3;0;0;2;2;4;4;408;376;173;193;295;286;235;183;1;0;1;1;0;1;5290
202306;Topptipset;22221X11;413669;582;0;0;0;497;0;0;0;3;1;4;0;5;5;2;3;420;390;166;189;370;348;254;201;1;1;1;1;1;1;5291
202306;Topptipset;2112X1X1;481935;191;0;0;0;1763;0;0;0;4;2;2;0;6;6;0;0;439;418;149;165;409;391;290;253;1;1;1;1;1;1;5292
202305;Topptipset Stryk;X11211X1;3205406;1218;0;0;0;1841;0;0;0;5;2;1;0;4;4;2;3;447;434;148;165;358;349;299;269;1;1;0;1;1;0;5246
202305;Topptipset Extra;1222121X;1638928;1667;0;0;0;688;0;0;0;3;1;4;0;5;5;2;2;477;510;116;116;370;374;361;394;1;1;1;1;1;1;5242
202305;Topptipset Extra;11121121;2009296;3551;0;0;0;396;0;0;0;6;0;2;0;5;4;3;3;436;407;160;177;308;294;276;230;1;0;0;1;0;0;5248
202305;Topptipset;22X21X2X;1519465;3194;0;0;0;333;0;0;0;1;3;4;0;3;4;1;1;413;387;166;194;300;290;247;193;1;0;0;0;1;1;5240
202305;Topptipset;111X1112;1573621;510;0;0;0;2156;0;0;0;6;1;1;0;6;6;2;2;409;358;180;205;370;342;229;153;1;1;1;1;1;1;5243
202305;Topptipset;11211121;1304140;186;0;0;0;4894;0;0;0;6;0;2;0;7;8;0;0;409;362;171;208;398;362;238;154;1;1;1;1;1;1;5244
202305;Topptipset;X1112211;1452373;2264;0;0;0;449;0;0;0;5;1;2;0;4;5;2;1;428;395;161;181;325;325;267;214;1;0;1;1;0;0;5249
202305;Topptipset;212X1211;484931;6527;0;0;0;52;0;0;0;4;1;3;0;3;3;4;2;393;352;183;209;273;280;210;143;1;0;0;0;1;0;5250
202305;Topptipset;112XX2X2;548439;6192;0;0;0;62;0;0;0;2;3;3;0;2;3;4;3;434;400;157;179;283;282;277;221;1;0;0;1;0;1;5251
202304;Topptipset Stryk;12X1XX1X;2665760;1908;0;0;0;978;0;0;0;3;4;1;0;3;3;1;1;464;476;137;141;339;348;327;335;1;1;0;1;0;1;5234
202304;Topptipset Extra;12X2XX2X;1354781;7526;0;0;0;126;0;0;0;1;4;3;0;3;3;1;1;447;429;156;164;297;300;291;265;0;1;1;0;1;0;5230
202304;Topptipset Extra;12XX1222;1962105;7505;0;0;0;183;0;0;0;2;2;4;0;3;3;2;2;427;394;158;181;284;289;269;213;0;1;0;0;1;0;5236
202304;Topptipset;22XXX212;1358488;86449;0;0;0;11;0;0;0;1;3;4;0;2;2;3;3;431;399;154;174;226;229;277;225;0;0;0;0;0;0;5228
202304;Topptipset;21X1X121;2788059;409;0;0;0;5370;0;0;0;4;2;2;0;5;5;1;1;426;416;159;173;389;384;267;243;1;1;1;1;1;1;5231
202304;Topptipset;X22X111X;1402771;2139;0;0;0;459;0;0;0;3;3;2;0;5;5;0;1;452;449;141;153;348;330;311;296;0;1;1;0;1;1;5232
202304;Topptipset;1112111X;1805636;1100;0;0;0;1148;0;0;0;6;1;1;0;6;6;2;2;430;429;161;164;360;371;269;265;1;1;1;1;1;1;5237
202304;Topptipset;1X12X221;443187;454;0;0;0;683;0;0;0;3;2;3;0;5;5;2;2;454;447;145;157;390;377;309;290;1;1;1;1;1;0;5238
202304;Topptipset;1XX11XX2;594286;2971;0;0;0;140;0;0;0;3;4;1;0;4;3;2;1;435;426;160;165;318;314;275;261;0;1;0;0;1;1;5239
202303;Topptipset Stryk;XX21X21X;3318291;9123;0;0;0;282;0;0;0;2;4;2;1;2;2;2;2;397;360;181;205;251;262;216;155;0;0;1;0;0;1;5223
202303;Topptipset Extra;X1212X22;1314106;930;0;0;0;989;0;0;0;2;2;4;0;5;5;1;1;453;432;145;161;351;348;308;271;1;1;0;1;1;0;5218
202303;Topptipset Extra;11XX2X2X;2017246;734;0;0;0;1922;0;0;0;2;4;2;0;4;4;2;2;423;389;166;190;352;337;257;199;1;1;1;1;1;0;5225
202303;Topptipset;1X112122;1281787;2260;0;0;0;397;0;0;0;4;1;3;1;5;5;1;1;379;334;192;219;319;298;187;115;0;1;1;0;1;1;5216
202303;Topptipset;22X2X212;1724476;1956;0;0;0;617;0;0;0;1;2;5;0;6;6;0;0;427;390;173;187;334;316;254;203;0;1;1;0;1;1;5219
202303;Topptipset;121X1122;1426360;809;0;0;0;1234;0;0;0;4;1;3;1;6;6;1;1;436;404;158;180;375;373;278;224;1;1;1;1;1;1;5220
202303;Topptipset;X1111211;2075997;407;0;0;0;4175;0;0;0;6;1;1;1;5;6;1;1;415;395;173;188;376;366;242;207;1;1;1;1;1;1;5221
202303;Topptipset;21112211;391057;258;0;0;0;1061;0;0;0;5;0;3;1;7;7;1;1;454;438;134;160;421;419;320;278;1;1;1;1;1;1;5226
202303;Topptipset;2X22X2X1;433188;2062;0;0;0;147;0;0;0;1;3;4;0;4;4;2;1;388;364;185;200;324;312;203;164;1;1;0;1;0;1;5227
202302;Topptipset Stryk;112111XX;3002358;2802;0;0;0;750;0;0;0;5;2;1;0;4;4;0;1;403;358;177;204;303;298;226;154;1;0;0;1;0;0;5210
202302;Topptipset Extra;1XXX22X1;1289359;112818;0;0;0;8;0;0;0;2;4;2;0;2;2;3;3;442;398;147;182;209;219;295;216;0;0;0;0;0;0;5206
202302;Topptipset Extra;1212112X;1869355;1038;0;0;0;1260;0;0;0;4;1;3;0;5;5;2;2;446;439;142;157;357;343;304;282;1;1;0;1;1;0;5212
202302;Topptipset;1212XX21;1278219;707;0;0;0;1264;0;0;0;3;2;3;0;5;5;1;0;432;421;157;172;380;375;275;249;1;0;1;1;1;0;5202
202302;Topptipset;11X1XXXX;1436425;1648;0;0;0;610;0;0;0;3;5;0;0;3;4;1;0;434;425;162;167;335;338;272;258;1;0;1;1;0;1;5207
202302;Topptipset;11X11212;1258840;727;0;0;0;1212;0;0;0;5;1;2;0;5;5;1;0;452;442;143;158;370;373;309;284;1;1;0;1;0;1;5208
202302;Topptipset;11X2X11X;1577051;2276;0;0;0;485;0;0;0;4;3;1;0;3;3;1;1;406;359;175;208;302;302;231;151;1;1;0;1;0;0;5213
202302;Topptipset;1121X111;462770;499;0;0;0;649;0;0;0;6;1;1;0;6;6;1;1;460;482;131;134;397;398;329;348;1;1;1;1;1;1;5214
202302;Topptipset;11X12111;453632;1306;0;0;0;243;0;0;0;6;1;1;0;4;6;1;1;432;430;161;166;345;365;271;264;1;1;0;1;1;0;5215
202301;Topptipset Stryk;X2221122;2509367;9813;0;0;0;179;0;0;0;2;1;5;0;2;3;2;2;424;424;162;172;266;272;262;252;0;0;1;0;0;1;5198
202301;Topptipset Extra;X2X212XX;1750993;5727;0;0;0;214;0;0;0;1;4;3;0;3;3;2;1;420;373;167;196;285;276;253;177;0;1;0;1;0;0;5194
202301;Topptipset Extra;1X2212X2;1637105;1406;0;0;0;815;0;0;0;2;2;4;0;4;4;1;2;441;424;155;168;345;325;286;256;1;1;0;1;1;0;5204
202301;Topptipset;1X21X122;1811936;1786;0;0;0;710;0;0;0;3;2;3;0;4;4;2;2;444;423;154;176;339;330;290;247;1;0;0;1;0;1;5190
202301;Topptipset;X2121122;2118145;1966;0;0;0;754;0;0;0;3;1;4;0;4;4;2;1;430;421;159;171;334;337;271;250;1;1;0;1;1;0;5195
202301;Topptipset;2221XX21;1325359;2428;0;0;0;382;0;0;0;2;2;4;0;4;4;2;3;409;392;176;187;319;300;233;205;1;1;0;1;1;0;5196
202301;Topptipset;121X1111;1399325;876;0;0;0;1117;0;0;0;6;1;1;0;6;6;2;2;447;423;148;168;378;369;299;255;1;1;0;1;0;1;5199
202301;Topptipset;XXXX1X12;406266;10532;0;0;0;27;0;0;0;2;5;1;1;2;2;1;1;449;453;148;149;236;213;301;304;0;0;0;0;0;0;5200
202301;Topptipset;2X12112X;526705;2997;0;0;0;123;0;0;0;3;2;3;0;4;4;2;2;415;392;176;188;331;320;239;204;1;1;0;1;1;0;5201
202252;Topptipset Stryk;1222222X;3418605;1216;0;0;0;1967;0;0;0;1;1;6;0;5;5;3;1;413;366;171;205;350;336;242;161;1;1;1;1;1;0;5173
202252;Topptipset Stryk;2X1X2X21;2758021;13989;0;0;0;138;0;0;0;2;3;3;0;4;4;1;1;455;437;144;165;247;245;311;272;0;0;0;0;0;0;5188
202252;Topptipset Extra;X11X122X;1529416;458;0;0;0;2336;0;0;0;3;3;2;0;4;4;2;2;436;410;157;180;382;361;279;230;1;1;1;1;1;1;5179
202252;Topptipset Extra;2XXX1221;1614513;21323;0;0;0;53;0;0;0;2;3;3;0;2;2;3;4;438;402;156;184;252;250;282;218;1;0;0;1;0;0;5192
202252;Topptipset;11221X22;405348;886;0;0;0;320;0;0;0;3;1;4;0;5;5;2;2;353;330;201;223;333;318;152;107;1;1;1;1;1;1;5183
202252;Topptipset;1111X11X;1846200;151;0;0;0;8531;0;0;0;6;2;0;0;5;5;2;2;457;442;146;153;427;418;311;289;1;1;1;1;1;1;5184
202252;Topptipset;22121X21;1573635;453;0;0;0;2430;0;0;0;3;1;4;0;5;5;1;2;441;410;159;178;398;380;282;232;1;1;1;1;1;1;5186
202252;Topptipset;122X1221;2856214;2203;0;0;0;1021;0;0;0;3;1;4;0;4;4;3;2;445;443;151;160;328;332;294;283;1;1;0;1;1;0;5187
202252;Topptipset;1X222122;544129;4378;0;0;0;87;0;0;0;2;1;5;0;3;4;3;4;395;369;188;201;286;285;207;168;1;0;0;1;0;0;5189
202251;Topptipset Extra;12X1X12X;1236565;17311;0;0;0;50;0;0;0;3;3;2;0;3;3;2;1;466;455;142;154;289;292;324;301;0;1;1;0;1;0;5175
202251;Topptipset;12121111;1082086;161;0;0;0;4698;0;0;0;6;0;2;0;6;7;1;0;454;473;144;147;427;453;310;326;1;1;1;1;1;1;5176
202251;Topptipset;2111X112;901453;613;0;0;0;1029;0;0;0;5;1;2;0;6;6;1;1;437;435;159;171;374;361;278;264;1;1;0;1;1;1;5169
202251;Topptipset;111222XX;1428982;5237;0;0;0;191;0;0;0;3;2;3;0;4;3;3;2;407;360;183;205;282;277;224;155;0;1;1;0;1;1;5177
202251;Topptipset;2XXXXX2X;1216090;5159;0;0;0;165;0;0;0;0;6;2;0;2;1;2;1;428;384;163;192;279;271;265;192;1;0;0;1;0;0;5180
202251;Topptipset;11X12121;928572;1107;0;0;0;587;0;0;0;5;1;2;0;4;5;3;1;405;397;184;187;352;363;221;210;1;1;1;1;1;1;5181
202251;Topptipset;XX121X21;946323;1540;0;0;0;430;0;0;0;3;3;2;0;4;4;1;3;443;425;148;175;340;339;295;250;1;1;0;1;1;0;5182
202250;Topptipset Stryk;121XX2X2;2254430;5636;0;0;0;280;0;0;0;2;3;3;0;3;3;2;3;408;341;175;216;281;280;233;125;0;1;1;0;1;0;5167
202250;Topptipset Extra;1X122221;819746;2173;0;0;0;264;0;0;0;3;1;4;0;4;4;2;1;410;351;174;203;313;290;236;148;0;1;0;1;0;0;5165
202250;Topptipset Extra;X11XX112;1486801;2557;0;0;0;407;0;0;0;4;3;1;0;3;3;2;3;385;329;184;223;311;291;201;106;1;1;0;1;0;1;5171
202250;Topptipset;2221X1X1;1092375;1749;0;0;0;437;0;0;0;3;2;3;2;3;2;2;2;390;362;187;202;318;292;203;160;1;0;1;1;0;1;5158
202250;Topptipset;12222X2X;1219600;4124;0;0;0;207;0;0;0;1;2;5;0;3;3;3;3;419;373;169;199;296;284;250;174;1;0;0;1;0;1;5161
202250;Topptipset;1X22121X;979773;610;0;0;0;1124;0;0;0;3;2;3;0;4;5;1;1;427;420;156;166;383;380;271;254;1;1;1;1;1;1;5162
202250;Topptipset;1XXX11XX;230255;7326;0;0;0;22;0;0;0;3;5;0;1;3;2;2;4;380;362;189;201;266;255;191;161;0;1;0;0;1;0;5168
202250;Topptipset;11211111;837100;240;0;0;0;2434;0;0;0;7;0;1;0;7;7;1;0;433;407;159;176;413;395;274;231;1;1;1;1;1;1;5163
202249;Topptipset Stryk;21X1X1X2;2440768;6058;0;0;0;282;0;0;0;3;3;2;0;3;3;2;2;423;382;162;188;299;285;261;194;1;0;1;1;0;0;5152
202249;Topptipset Extra;11121112;1002245;2960;0;0;0;237;0;0;0;6;0;2;0;6;5;2;2;425;440;169;161;326;332;256;279;0;1;1;1;0;0;5148
202249;Topptipset Extra;X12121XX;1133905;11672;0;0;0;68;0;0;0;3;3;2;0;3;3;2;2;430;398;153;168;282;280;277;230;1;0;0;0;0;1;5154
202249;Topptipset;12XX1XXX;1385599;2024;0;0;0;479;0;0;0;2;5;1;0;3;2;1;1;423;386;162;186;317;310;261;200;1;0;1;1;0;0;5146
202249;Topptipset;1XXX11X2;1059172;1993;0;0;0;372;0;0;0;3;4;1;0;4;4;0;0;405;369;172;197;320;310;233;172;0;1;1;1;0;1;5149
202249;Topptipset;XXXX12XX;1156442;5952;0;0;0;136;0;0;0;1;6;1;0;2;2;1;1;431;399;165;185;274;271;266;214;0;1;0;1;0;0;5150
202249;Topptipset;X2X22112;1282637;33253;0;0;0;27;0;0;0;2;2;4;0;2;2;4;3;413;363;168;202;213;227;245;161;0;0;0;0;0;0;5155
202249;Topptipset;2XX1221X;307434;969;0;0;0;222;0;0;0;2;3;3;0;5;5;1;2;386;349;187;209;337;318;199;140;1;1;0;1;1;1;5156
202249;Topptipset;11221X12;281410;1894;0;0;0;104;0;0;0;4;1;3;0;5;5;2;2;434;411;146;169;346;332;288;242;1;0;0;1;0;1;5157
202248;Topptipset Stryk;1X121X21;2042424;1404;0;0;0;1018;0;0;0;4;2;2;0;4;4;3;2;435;385;159;189;337;327;276;196;1;1;1;1;1;1;5140
202248;Topptipset Extra;221122X2;1175630;3372;0;0;0;244;0;0;0;2;1;5;0;5;5;3;3;441;475;155;135;323;349;286;340;0;1;0;0;0;1;5135
202248;Topptipset Extra;11211XX2;1379886;951;0;0;0;1015;0;0;0;4;2;2;0;4;4;2;1;440;410;148;171;371;358;292;239;1;1;1;1;1;1;5142
202248;Topptipset;11221222;1332474;111;0;0;0;8392;0;0;0;3;0;5;0;7;6;1;1;449;428;149;169;439;416;300;259;1;1;1;1;1;1;5133
202248;Topptipset;12222111;736897;6214;0;0;0;83;0;0;0;4;0;4;0;4;3;4;2;466;445;144;152;317;321;322;293;1;1;0;1;1;0;5136
202248;Topptipset;222XXX2X;1271385;2472;0;0;0;360;0;0;0;0;4;4;0;3;3;4;3;408;401;175;177;315;311;233;224;1;1;0;1;1;1;5137
202248;Topptipset;12X12121;1579631;13163;0;0;0;84;0;0;0;4;1;3;0;3;3;3;3;458;479;147;139;275;280;311;340;1;0;0;1;0;0;5138
202248;Topptipset;21XXX222;1406575;164100;0;0;0;6;0;0;0;1;3;4;0;0;0;3;3;445;426;151;170;184;190;294;256;0;0;0;0;0;0;5143
202248;Topptipset;111X1X1X;588391;192;0;0;0;2143;0;0;0;5;3;0;0;5;5;0;0;455;488;141;126;417;436;314;362;1;1;1;1;1;1;5144
202248;Topptipset;1112XXX1;347130;796;0;0;0;305;0;0;0;4;3;1;0;4;4;1;1;447;440;149;155;363;360;298;285;1;1;1;1;1;1;5145
202247;Topptipset Stryk;11111111;2186634;141;0;0;0;10819;0;0;0;8;0;0;0;6;6;1;0;438;394;156;188;420;370;282;206;1;1;1;1;1;1;5127
202247;Topptipset Extra;X2XX1X21;1174773;164468;0;0;0;5;0;0;0;2;4;2;0;2;2;3;3;494;489;120;136;292;295;374;353;1;0;1;0;1;1;5116
202247;Topptipset Extra;X2111221;1380586;7321;0;0;0;132;0;0;0;4;1;3;0;4;4;3;2;460;426;136;163;291;300;324;263;0;1;0;0;0;1;5128
202247;Topptipset;12X2XX11;681998;39783;0;0;0;12;0;0;0;3;3;2;0;4;3;2;2;453;420;149;169;302;291;304;251;0;1;0;0;1;0;5121
202247;Topptipset;1XX12X21;1049960;5975;0;0;0;123;0;0;0;3;3;2;1;3;3;3;4;461;448;143;159;323;320;318;289;1;1;0;1;1;0;5122
202247;Topptipset;11X121X1;1249905;581;0;0;0;1504;0;0;0;5;2;1;0;6;5;0;0;454;424;144;164;379;368;310;260;1;1;0;1;1;1;5123
202247;Topptipset;11XX22XX;1277286;3679;0;0;0;243;0;0;0;2;4;2;0;3;3;1;1;454;427;137;163;310;296;317;264;1;0;1;1;0;1;5124
202247;Topptipset;2XXX1121;611817;2549;0;0;0;168;0;0;0;3;3;2;0;4;3;1;1;434;396;157;178;318;304;277;218;0;1;1;0;1;0;5129
202247;Topptipset;11212122;336152;3795;0;0;0;62;0;0;0;4;0;4;0;5;5;3;3;461;463;134;136;337;341;327;327;1;0;1;1;0;1;5130
202247;Topptipset;21XX1X1X;1533223;13585;0;0;0;79;0;0;0;3;4;1;0;3;3;2;4;393;327;187;220;257;252;206;107;0;0;1;0;0;1;5131
202247;Topptipset;X111X211;704494;507;0;0;0;971;0;0;0;5;2;1;0;5;5;1;1;428;398;156;175;375;351;272;223;1;0;1;1;1;0;5132
202246;Topptipset Stryk;1111X112;2232594;1397;0;0;0;1118;0;0;0;6;1;1;0;4;4;2;1;423;358;171;201;339;309;252;157;1;1;0;1;1;0;5114
202246;Topptipset Extra;22222112;1203023;1582;0;0;0;532;0;0;0;2;0;6;0;5;5;3;3;431;381;156;192;341;324;275;189;1;0;1;1;0;1;5110
202246;Topptipset;1X12XXX1;1341994;4349;0;0;0;216;0;0;0;3;4;1;0;2;3;1;2;401;380;179;194;282;279;222;186;1;0;0;1;0;0;5108
202246;Topptipset;X11111X2;1237603;2067;0;0;0;419;0;0;0;5;2;1;0;5;5;2;2;482;489;123;129;369;366;359;360;1;0;0;1;0;0;5111
202246;Topptipset;12XXXX1X;1189209;4313;0;0;0;193;0;0;0;2;5;1;0;3;2;1;2;443;409;157;175;296;293;286;234;1;0;1;1;0;0;5112
202246;Topptipset;X112X2X2;1265185;1994;0;0;0;444;0;0;0;2;3;3;0;5;5;1;2;397;357;179;199;324;309;218;158;1;0;1;0;1;1;5117
202246;Topptipset;1X12XX11;327311;732;0;0;0;313;0;0;0;4;3;1;0;4;4;1;1;420;381;161;188;357;322;259;193;1;1;0;1;1;1;5118
202246;Topptipset;1122X2XX;866735;3193;0;0;0;190;0;0;0;2;3;3;0;3;3;2;2;418;376;159;189;304;315;259;187;1;1;0;1;1;0;5120
202246;Topptipset;2X1X2211;1498018;3102;0;0;0;338;0;0;0;3;2;3;0;5;5;2;2;427;394;153;175;321;315;274;219;0;1;1;0;0;1;5119
202245;Topptipset Stryk;2111112X;2156676;620;0;0;0;2434;0;0;0;5;1;2;0;4;4;1;3;434;406;166;185;375;359;268;221;1;1;1;1;1;1;5102
202245;Topptipset Extra;12X1X1X1;1838627;6187;0;0;0;208;0;0;0;4;3;1;0;3;3;2;1;463;477;142;141;289;305;321;336;0;1;1;1;0;0;5100
202245;Topptipset Extra;2211X212;2265945;1647;0;0;0;963;0;0;0;3;1;4;0;4;4;1;2;435;404;157;177;333;314;278;227;1;0;0;1;1;0;5104
202245;Topptipset;1XX1X112;1602915;11687;0;0;0;96;0;0;0;4;3;1;0;1;2;3;3;385;329;186;221;241;255;199;108;0;1;0;0;1;0;5096
202245;Topptipset;2X111X11;2901258;1410;0;0;0;1617;0;0;0;5;2;1;0;4;4;0;1;419;380;170;191;337;327;249;189;0;1;1;1;0;1;5098
202245;Topptipset;2X21X111;1863031;459;0;0;0;2836;0;0;0;4;2;2;0;5;4;0;1;434;394;163;183;385;360;271;211;1;1;1;1;1;1;5099
202245;Topptipset;1X12X121;1806240;6985;0;0;0;181;0;0;0;4;2;2;0;3;3;2;2;403;369;181;199;276;273;222;170;1;0;0;1;0;0;5105
202245;Topptipset;21121212;765867;1126;0;0;0;476;0;0;0;4;0;4;1;5;5;2;1;444;433;155;168;362;357;289;265;1;0;1;1;1;1;5106
202245;Topptipset;12X22X12;634075;582;0;0;0;762;0;0;0;2;2;4;0;5;5;2;2;410;371;176;199;358;335;234;172;1;1;1;1;1;1;5107
202244;Topptipset Stryk;211X22X2;3274148;1495;0;0;0;1533;0;0;0;2;2;4;0;4;5;1;1;422;387;171;187;347;345;251;200;1;1;0;1;0;1;5090
202244;Topptipset Extra;1211X2X1;2274117;122;0;0;0;13029;0;0;0;4;2;2;0;6;6;0;0;476;502;130;130;443;460;346;372;1;1;1;1;1;1;5086
202244;Topptipset Extra;2122122X;2503151;5860;0;0;0;299;0;0;0;2;1;5;0;3;3;4;2;424;374;165;199;278;289;259;175;1;0;1;1;0;1;5092
202244;Topptipset;21221211;1696744;948;0;0;0;1252;0;0;0;4;0;4;0;5;5;2;3;436;394;163;192;359;336;273;202;1;0;1;1;0;1;5051
202244;Topptipset;22121221;3964560;232;0;0;0;13024;0;0;0;3;0;5;0;7;7;0;0;428;422;171;172;410;414;257;250;1;1;1;1;1;1;5087
202244;Topptipset;12212211;2343374;121;0;0;0;13465;0;0;0;4;0;4;0;6;6;0;0;450;427;152;165;442;414;298;262;1;1;1;1;1;1;5088
202244;Topptipset;11XX2212;1754659;15353;0;0;0;80;0;0;0;3;2;3;0;2;2;3;1;411;359;181;206;244;254;230;153;0;0;0;0;0;0;5093
202244;Topptipset;112X2111;515829;155;0;0;0;2325;0;0;0;5;1;2;0;6;6;0;0;475;497;134;128;439;447;341;369;1;1;1;1;1;1;5094
202244;Topptipset;11X122X2;688516;3301;0;0;0;146;0;0;0;3;2;3;0;4;4;2;1;407;373;183;204;322;321;224;169;1;0;0;1;1;0;5095
202243;Topptipset Stryk;2X1121X2;3433548;19700;0;0;0;122;0;0;0;3;2;3;0;3;3;4;3;445;402;149;185;278;283;296;217;0;1;1;0;1;1;5047
202243;Topptipset Extra;2X112X12;1851162;4729;0;0;0;274;0;0;0;3;2;3;0;4;4;3;1;458;451;142;156;317;313;316;295;1;0;1;1;0;1;5043
202243;Topptipset Extra;11121221;2305732;1519;0;0;0;1062;0;0;0;5;0;3;0;5;5;3;3;456;447;138;157;343;353;318;290;1;0;1;1;0;1;5053
202243;Topptipset;1XX1111X;2241646;1570;0;0;0;999;0;0;0;5;3;0;0;4;4;2;1;415;375;175;196;321;301;240;179;1;0;0;1;0;1;5041
202243;Topptipset;X1211X1X;2934880;1461;0;0;0;1406;0;0;0;4;3;1;0;4;5;0;0;443;455;159;156;346;356;284;299;1;0;1;1;0;0;5044
202243;Topptipset;22X1X1X2;2969093;1664;0;0;0;1249;0;0;0;2;3;3;0;4;4;0;0;450;444;150;158;328;311;300;286;1;0;0;1;0;0;5045
202243;Topptipset;11X1122X;1638857;1815;0;0;0;632;0;0;0;4;2;2;0;3;4;2;1;416;376;167;198;323;328;249;178;1;1;1;1;1;0;5048
202243;Topptipset;212X1111;516230;5018;0;0;0;72;0;0;0;5;1;2;0;5;5;3;3;467;487;134;137;336;363;333;350;1;0;1;0;1;0;5049
202243;Topptipset;12112X12;511527;3850;0;0;0;93;0;0;0;4;1;3;0;3;3;3;3;420;384;171;194;285;281;249;190;1;0;1;1;0;0;5050
202242;Topptipset Stryk;X111X111;3569594;551;0;0;0;4982;0;0;0;6;2;0;0;6;5;0;1;429;385;167;191;376;334;262;194;1;0;1;1;0;1;5035
202242;Topptipset Extra;11X12212;2008725;440;0;0;0;3195;0;0;0;4;1;3;0;5;6;0;0;432;389;162;185;386;358;270;204;1;1;1;1;1;1;5031
202242;Topptipset Extra;2X212112;2312744;5740;0;0;0;282;0;0;0;3;1;4;0;3;3;2;0;419;383;174;198;274;274;245;185;0;1;0;0;1;0;5037
202242;Topptipset;11112X11;1730183;2073;0;0;0;584;0;0;0;6;1;1;0;5;3;2;2;426;397;165;183;335;314;261;214;1;1;0;1;1;0;5027
202242;Topptipset;X1221122;2634473;14149;0;0;0;148;0;0;0;3;1;4;0;4;3;3;3;427;396;163;186;257;244;264;210;0;0;0;0;0;0;5032
202242;Topptipset;2X211111;2246915;6928;0;0;0;227;0;0;0;5;1;2;0;4;4;1;2;444;437;151;162;297;297;293;275;0;1;1;0;0;1;5033
202242;Topptipset;21211211;1617413;813;0;0;0;1391;0;0;0;5;0;3;0;6;6;2;1;447;441;150;160;385;388;297;281;1;1;0;1;1;0;5038
202242;Topptipset;1221X121;538963;314;0;0;0;1201;0;0;0;4;1;3;0;6;6;1;2;432;403;159;182;402;380;273;221;1;1;1;1;1;1;5039
202242;Topptipset;2111112X;702870;300;0;0;0;1639;0;0;0;5;1;2;0;7;7;0;0;420;389;156;181;390;366;264;208;1;1;1;1;1;1;5040
202241;Topptipset Stryk;1X121222;3456182;2771;0;0;0;963;0;0;0;3;1;4;0;3;3;4;2;422;397;172;186;324;319;250;211;1;1;1;1;1;1;5023
202241;Topptipset Extra;1X111121;1713826;461;0;0;0;2599;0;0;0;6;1;1;0;6;5;1;1;469;476;134;133;398;404;335;343;1;1;0;1;1;0;5019
202241;Topptipset Extra;1X22X112;2536535;2211;0;0;0;803;0;0;0;3;2;3;0;4;4;2;3;423;373;173;201;327;305;250;172;1;0;1;1;1;0;5029
202241;Topptipset;1X2X2XX1;2610115;8727;0;0;0;238;0;0;0;2;4;2;0;1;1;0;1;411;390;177;193;278;276;234;197;1;0;0;1;0;0;5015
202241;Topptipset;2X2XXX11;2931239;11091;0;0;0;185;0;0;0;2;4;2;0;3;3;1;1;425;405;166;182;257;256;259;223;0;0;0;0;0;0;5020
202241;Topptipset;X1222121;3323129;1899;0;0;0;1356;0;0;0;3;1;4;0;4;5;2;0;417;398;170;185;314;330;247;213;1;0;1;0;1;1;5021
202241;Topptipset;X12X2XX2;1473996;14134;0;0;0;73;0;0;0;1;4;3;0;2;2;1;1;420;399;173;187;251;246;247;212;0;0;0;0;0;0;5024
202241;Topptipset;12112211;553733;270;0;0;0;1431;0;0;0;5;0;3;0;6;6;1;1;409;389;169;189;389;375;240;200;1;1;1;1;1;1;5025
202241;Topptipset;2112XX11;685809;375;0;0;0;1279;0;0;0;4;2;2;0;6;5;0;0;447;438;147;164;387;376;300;274;1;1;1;1;1;1;5026
202240;Topptipset Stryk;21111112;3719057;873;0;0;0;3265;0;0;0;6;0;2;0;6;5;2;0;416;373;161;195;355;340;255;178;1;1;1;1;1;1;5011
202240;Topptipset Extra;212X2111;1876979;1747;0;0;0;752;0;0;0;4;1;3;0;4;4;4;4;473;484;128;130;354;367;345;354;1;1;1;1;1;1;5007
202240;Topptipset Extra;12111X22;2347911;1547;0;0;0;1062;0;0;0;4;1;3;0;5;5;3;3;421;398;166;182;341;330;255;216;1;1;0;1;1;0;5017
202240;Topptipset;12122211;2997298;975;0;0;0;2406;0;0;0;4;0;4;0;6;6;0;1;392;377;187;199;359;350;205;178;1;1;0;1;1;1;5005
202240;Topptipset;11X211X1;3286405;4772;0;0;0;482;0;0;0;5;2;1;0;3;3;2;2;422;405;173;184;309;302;249;221;1;0;0;1;1;0;5008
202240;Topptipset;11X2111X;3310050;293;0;0;0;8757;0;0;0;5;2;1;0;5;6;0;2;461;464;150;152;425;430;311;312;1;1;1;1;1;1;5009
202240;Topptipset;X1122X12;1638636;10427;0;0;0;110;0;0;0;3;2;3;0;3;3;2;0;417;374;173;203;260;266;244;171;0;1;0;0;1;0;5012
202240;Topptipset;2XXX2211;572134;36408;0;0;0;11;0;0;0;2;3;3;0;3;3;2;2;444;433;150;163;259;259;294;270;0;1;0;0;1;0;5013
202240;Topptipset;2111212X;685543;2790;0;0;0;172;0;0;0;4;1;3;0;4;5;2;2;450;445;150;159;332;337;300;286;1;0;1;1;0;1;5014
202239;Topptipset Stryk;12X22X21;3467621;6337;0;0;0;383;0;0;0;2;2;4;0;3;4;2;1;419;376;168;197;290;289;251;179;0;1;1;0;1;1;4999
202239;Topptipset Extra;X2211XX1;2323721;1653;0;0;0;984;0;0;0;3;3;2;0;3;3;1;2;434;401;154;179;331;317;280;222;1;0;1;1;1;0;4995
202239;Topptipset Extra;1XXX1212;2515919;814;0;0;0;2162;0;0;0;3;3;2;0;5;5;1;2;425;405;163;180;355;350;262;225;1;1;1;1;1;1;5001
202239;Topptipset;X2212X22;1983510;4923;0;0;0;282;0;0;0;1;2;5;0;4;3;3;2;380;335;195;223;286;290;185;112;1;0;0;0;1;1;4991
202239;Topptipset;1222211X;1050092;578;0;0;0;1271;0;0;0;3;1;4;0;5;6;2;2;485;515;127;130;396;424;358;385;1;1;0;1;1;0;4996
202239;Topptipset;11X1X22X;917605;3164;0;0;0;203;0;0;0;3;3;2;0;4;4;2;3;385;336;191;213;307;291;194;123;0;1;1;0;1;1;4997
202239;Topptipset;1121222X;1464980;824;0;0;0;1244;0;0;0;3;1;4;0;6;6;1;1;451;427;148;170;383;370;303;257;1;1;0;1;1;0;5002
202239;Topptipset;221X1221;609408;752;0;0;0;567;0;0;0;3;1;4;0;6;6;1;1;465;464;130;147;387;383;335;317;1;0;1;1;0;1;5003
202239;Topptipset;1X121121;725821;1380;0;0;0;368;0;0;0;5;1;2;0;6;6;1;1;422;408;161;175;321;331;261;233;0;1;1;0;1;0;5004
202238;Topptipset Stryk;11221111;2835644;5453;0;0;0;364;0;0;0;6;0;2;0;5;5;3;3;439;400;144;181;287;281;295;219;0;0;1;0;0;1;4987
202238;Topptipset Extra;11122XX2;1587719;3130;0;0;0;355;0;0;0;3;2;3;0;5;5;1;1;469;452;136;152;335;335;333;300;0;1;1;0;1;1;4983
202238;Topptipset Extra;11221X11;1757135;993;0;0;0;1238;0;0;0;5;1;2;0;6;6;1;0;404;359;176;202;348;314;228;157;1;0;1;1;0;1;4993
202238;Topptipset;22X11X1X;1492371;1454;0;0;0;718;0;0;0;3;3;2;0;4;4;0;1;430;387;161;186;337;332;269;201;1;0;1;0;1;1;4979
202238;Topptipset;X111X122;1195822;3770;0;0;0;222;0;0;0;4;2;2;0;3;3;3;1;403;354;181;204;304;288;222;150;1;0;1;1;0;1;4984
202238;Topptipset;1X122121;1136083;1795;0;0;0;443;0;0;0;4;1;3;0;4;4;1;2;444;425;156;162;356;360;288;263;1;1;1;1;1;1;4985
202238;Topptipset;12X111X2;1896835;15088;0;0;0;88;0;0;0;4;2;2;0;3;2;2;3;421;382;164;189;283;260;257;193;0;1;1;0;1;1;4988
202238;Topptipset;12211122;618369;4508;0;0;0;96;0;0;0;4;0;4;0;5;5;3;3;444;435;148;154;294;290;296;281;0;0;0;0;0;0;4989
202238;Topptipset;11221111;726555;310;0;0;0;1636;0;0;0;6;0;2;0;7;6;1;0;402;366;178;201;375;354;224;165;1;1;1;1;1;1;4990
202237;Topptipset Stryk;1XX1111X;3316178;2448;0;0;0;1050;0;0;0;5;3;0;0;4;4;1;2;424;395;164;185;328;314;260;210;0;1;1;0;1;1;4975
202237;Topptipset Extra;1X112X21;1986773;1268;0;0;0;1096;0;0;0;4;2;2;1;5;4;1;1;444;436;153;165;347;322;291;271;0;1;1;1;1;1;4971
202237;Topptipset Extra;12212X12;2266794;1625;0;0;0;976;0;0;0;3;1;4;0;4;4;2;2;426;398;161;182;337;337;265;216;1;1;0;1;1;0;4981
202237;Topptipset;2X121221;2696315;2105;0;0;0;1015;0;0;0;3;1;4;1;6;6;2;2;412;386;177;191;347;339;235;195;1;0;1;0;1;1;4964
202237;Topptipset;11122122;3250085;5055;0;0;0;450;0;0;0;4;0;4;0;4;5;3;2;397;378;187;197;276;293;210;181;0;1;0;0;1;0;4972
202237;Topptipset;1X221X22;3349304;3002;0;0;0;864;0;0;0;2;2;4;0;3;3;3;0;451;422;151;179;326;325;300;243;1;0;1;1;0;1;4973
202237;Topptipset;122X2211;1840410;3204;0;0;0;402;0;0;0;3;1;4;0;5;5;2;2;398;349;183;212;304;282;215;137;0;0;1;0;1;0;4976
202237;Topptipset;X211121X;490010;13192;0;0;0;26;0;0;0;4;2;2;0;3;3;3;3;431;426;159;165;279;280;272;261;0;1;0;0;1;0;4977
202237;Topptipset;22211222;652130;1155;0;0;0;395;0;0;0;2;0;6;0;4;5;4;4;435;408;157;184;345;352;278;224;1;1;1;1;1;1;4978
202236;Topptipset Stryk;212111X1;2770743;229;0;0;0;9558;0;0;0;5;1;2;0;6;6;2;2;449;437;142;158;418;385;307;279;1;1;1;1;1;1;4968
202236;Topptipset Extra;21121112;2226776;2189;0;0;0;712;0;0;0;5;0;3;0;5;5;2;2;426;384;164;197;335;322;262;187;1;0;1;1;0;0;4956
202236;Topptipset;12112211;3495692;1302;0;0;0;2071;0;0;0;5;0;3;0;5;5;3;2;424;394;167;188;353;340;257;206;1;1;0;1;1;0;4954
202236;Topptipset;122X121X;3577098;1943;0;0;0;1417;0;0;0;3;2;3;0;5;5;1;1;472;505;127;130;364;372;345;375;1;1;0;1;0;1;4957
202236;Topptipset;121111XX;3651240;825;0;0;0;3400;0;0;0;5;2;1;0;4;4;1;0;452;472;143;148;365;362;309;324;1;1;0;1;0;1;4958
202236;Topptipset;11212111;1741688;2809;0;0;0;434;0;0;0;6;0;2;1;5;5;3;2;436;398;160;184;325;322;276;214;0;1;1;1;0;1;4961
202236;Topptipset;211111X1;311335;387;0;0;0;563;0;0;0;6;1;1;0;5;5;0;0;420;401;162;178;368;352;258;223;1;1;1;1;1;1;4962
202236;Topptipset;X11121X1;647640;1516;0;0;0;299;0;0;0;5;2;1;0;4;5;0;0;424;395;161;181;351;345;263;214;1;0;1;1;0;1;4963
202236;Topptipset;X2112111;2046830;6758;0;0;0;212;0;0;0;5;1;2;0;3;3;3;2;420;392;166;186;293;297;254;206;1;1;0;1;1;0;4969
202235;Topptipset Stryk;X111X212;3939953;4650;0;0;0;593;0;0;0;4;2;2;0;4;4;2;1;444;414;153;181;302;312;291;233;0;1;1;0;1;1;4948
202235;Topptipset Extra;11XX212X;2292624;1212;0;0;0;1324;0;0;0;3;3;2;0;3;3;2;2;433;406;162;184;341;338;271;222;1;1;1;1;1;1;4944
202235;Topptipset Extra;111X211X;2530683;4800;0;0;0;369;0;0;0;5;2;1;0;4;3;2;2;431;390;162;187;303;289;269;203;0;1;1;0;1;1;4950
202235;Topptipset;1222X211;2136192;363;0;0;0;4113;0;0;0;3;1;4;0;6;6;1;2;436;395;146;184;400;363;290;211;1;1;1;1;1;1;4940
202235;Topptipset;1XX1221X;3039524;20458;0;0;0;104;0;0;0;3;3;2;0;2;2;2;4;413;369;167;208;251;254;246;161;0;1;0;0;1;0;4945
202235;Topptipset;21X2X211;2313670;3388;0;0;0;478;0;0;0;3;2;3;0;4;4;1;0;424;396;168;188;309;302;256;208;0;1;0;0;1;0;4946
202235;Topptipset;11X12221;1986610;165;0;0;0;8403;0;0;0;4;1;3;0;6;7;0;1;428;409;161;179;416;396;267;230;1;1;1;1;1;1;4951
202235;Topptipset;22221212;536616;150;0;0;0;2494;0;0;0;2;0;6;0;7;7;1;0;458;452;135;156;435;430;323;296;1;1;1;1;1;1;4952
202235;Topptipset;1122122X;673266;10473;0;0;0;45;0;0;0;3;1;4;0;4;4;3;3;424;389;156;184;283;278;268;205;0;1;0;0;1;0;4953
202234;Topptipset Stryk;111X1X2X;4220655;472;0;0;0;6788;0;0;0;4;3;1;0;4;4;2;2;437;442;160;163;387;397;277;279;1;1;1;1;1;1;4936
202234;Topptipset Extra;212X222X;1931986;13942;0;0;0;97;0;0;0;1;2;5;0;1;2;3;2;396;382;179;187;225;255;217;195;0;0;1;0;0;0;4932
202234;Topptipset Extra;22XX2212;2847737;2776;0;0;0;718;0;0;0;1;2;5;0;4;4;2;4;435;403;156;180;342;321;279;223;1;1;0;1;1;0;4942
202234;Topptipset;1X121X11;2931095;2202;0;0;0;1045;0;0;0;5;2;1;0;5;5;1;0;421;419;168;180;330;339;253;239;1;0;0;1;0;0;4928
202234;Topptipset;11XX2221;1723582;814;0;0;0;1481;0;0;0;3;2;3;0;5;4;2;1;446;425;150;166;368;363;296;259;1;1;1;1;1;0;4933
202234;Topptipset;2X121221;1641009;460;0;0;0;2495;0;0;0;3;1;4;0;6;6;1;2;459;456;143;155;407;400;316;301;1;1;1;1;1;1;4934
202234;Topptipset;12112XX2;2204893;1499;0;0;0;1029;0;0;0;3;2;3;0;4;5;2;3;420;375;166;200;338;320;254;175;1;0;1;1;1;1;4937
202234;Topptipset;1X111111;533325;573;0;0;0;651;0;0;0;7;1;0;0;6;6;2;2;436;411;158;181;383;378;278;230;1;1;1;1;1;1;4938
202234;Topptipset;2XXX2X11;677279;13943;0;0;0;34;0;0;0;2;4;2;0;2;2;1;3;441;428;158;170;287;276;283;258;0;1;1;0;1;1;4939
202233;Topptipset Stryk;21X12X2X;3809389;9988;0;0;0;292;0;0;0;2;3;3;1;3;3;3;2;420;404;165;177;274;265;255;227;1;0;0;1;0;0;4924
202233;Topptipset Extra;1X11X121;1494950;245;0;0;0;4255;0;0;0;5;2;1;0;5;5;0;1;438;402;149;185;396;356;289;217;1;1;1;1;1;1;4920
202233;Topptipset Extra;1X2XX122;2236727;31314;0;0;0;50;0;0;0;2;3;3;0;2;2;3;3;440;407;146;177;236;247;294;230;0;0;1;0;0;0;4930
202233;Topptipset;21X122X1;2331666;684;0;0;0;2383;0;0;0;3;2;3;0;6;6;0;0;467;494;129;129;375;404;338;365;0;1;1;0;1;1;4916
202233;Topptipset;X11X1XX2;2837288;12562;0;0;0;178;0;0;0;3;4;1;0;2;2;2;3;385;351;194;210;260;264;191;141;0;0;1;0;1;0;4921
202233;Topptipset;121X1X1X;1926507;1461;0;0;0;923;0;0;0;4;3;1;0;4;4;0;1;419;389;168;187;336;329;251;202;0;1;1;0;1;1;4922
202233;Topptipset;2X1112XX;1784864;2592;0;0;0;482;0;0;0;3;3;2;0;3;3;2;2;443;434;150;165;331;321;293;269;1;1;0;1;0;1;4925
202233;Topptipset;2111111X;519782;207;0;0;0;1757;0;0;0;6;1;1;0;5;5;0;1;435;411;154;177;413;402;281;234;1;1;1;1;1;1;4926
202233;Topptipset;2XX211X1;657941;1199;0;0;0;384;0;0;0;3;3;2;0;5;4;1;1;398;370;184;204;334;309;214;166;1;0;0;1;1;0;4927
202232;Topptipset Stryk;111XXXX2;3481183;2356;0;0;0;1140;0;0;0;3;4;1;0;2;2;2;3;426;411;171;182;330;319;255;229;1;1;0;1;1;0;4912
202232;Topptipset Extra;XXXXX111;1669158;1440;0;0;0;811;0;0;0;3;5;0;0;3;3;3;3;422;399;166;183;322;282;256;216;0;0;1;1;1;0;4908
202232;Topptipset Extra;X1X1XX12;2285288;1721;0;0;0;929;0;0;0;3;4;1;0;3;3;3;2;443;427;149;170;331;301;294;257;1;0;1;1;0;1;4918
202232;Topptipset;12222X1X;3147561;2791;0;0;0;879;0;0;0;2;2;4;0;4;4;2;3;421;392;171;187;323;316;250;205;1;1;0;1;1;0;4904
202232;Topptipset;2X112XXX;2812547;6583;0;0;0;337;0;0;0;2;4;2;0;3;2;4;2;389;358;184;210;287;279;205;148;1;1;0;1;1;0;4909
202232;Topptipset;1X2X11X1;2072484;1430;0;0;0;1014;0;0;0;4;3;1;0;4;4;1;1;426;401;158;175;334;316;268;226;1;0;0;1;0;1;4910
202232;Topptipset;21X11222;1837342;11483;0;0;0;112;0;0;0;3;1;4;0;4;4;2;3;415;389;165;194;284;286;250;195;0;1;0;0;1;1;4913
202232;Topptipset;X122112X;408095;1050;0;0;0;272;0;0;0;3;2;3;0;4;4;1;1;464;482;148;141;368;387;316;341;1;0;1;1;0;1;4914
202232;Topptipset;221X21X2;581587;1661;0;0;0;245;0;0;0;2;2;4;0;5;5;2;2;439;402;151;180;362;345;288;222;1;1;1;1;1;0;4915
202231;Topptipset Stryk;211112XX;3326868;1758;0;0;0;1324;0;0;0;4;2;2;0;3;4;2;1;440;429;149;163;329;343;291;266;1;1;1;1;1;0;4900
202231;Topptipset Extra;12X21211;1715403;529;-1;-1;-1;2266;-1;-1;-1;4;1;3;0;6;6;1;1;449;419;144;172;385;376;305;247;1;1;1;1;1;0;4896
202231;Topptipset Extra;22X11X1X;2368469;10362;0;0;0;160;0;0;0;3;3;2;0;2;3;3;3;458;454;141;152;300;303;317;302;1;1;0;1;1;0;4906
202231;Topptipset;112X1X12;2118280;296;-1;-1;-1;4994;-1;-1;-1;4;2;2;0;6;6;1;1;428;388;164;198;386;362;264;190;1;1;1;1;1;1;4892
202231;Topptipset;1X122221;1900355;1486;-1;-1;-1;895;-1;-1;-1;3;1;4;0;5;5;2;2;411;386;179;190;337;325;232;196;1;0;1;1;0;1;4897
202231;Topptipset;22111112;2136501;279;-1;-1;-1;5343;-1;-1;-1;5;0;3;0;6;7;0;0;425;389;170;190;403;380;255;199;1;1;1;1;1;1;4898
202231;Topptipset;2121XXX2;2131118;1790;0;0;0;833;0;0;0;2;3;3;0;5;5;0;0;458;459;144;152;342;355;314;307;1;0;1;0;1;1;4901
202231;Topptipset;2X111111;374375;1091;0;0;0;240;0;0;0;6;1;1;0;4;4;1;2;427;421;165;177;353;330;262;244;1;1;0;1;1;0;4902
202231;Topptipset;11122221;674513;779;0;0;0;606;0;0;0;4;0;4;0;5;4;2;1;405;375;175;195;353;351;230;180;1;1;1;1;1;1;4903
202230;Topptipset Stryk;1111X1XX;2499401;6074;-1;-1;-1;288;-1;-1;-1;5;3;0;0;3;3;3;3;416;350;175;216;288;279;241;134;0;1;1;0;1;1;4888
202230;Topptipset Extra;11112X21;1629792;3186;-1;-1;-1;358;-1;-1;-1;5;1;2;0;3;4;1;1;431;406;165;183;309;314;266;223;1;0;1;1;0;1;4884
202230;Topptipset Extra;X1X222X2;1852626;46315;-1;-1;-1;28;-1;-1;-1;1;3;4;0;2;1;4;6;420;401;168;183;260;246;252;218;0;1;0;0;1;0;4894
202230;Topptipset;2211X2X1;2785561;1347;-1;-1;-1;1633;-1;-1;-1;3;2;3;0;5;5;2;3;397;368;184;199;337;321;213;169;1;0;1;1;0;1;4880
202230;Topptipset;11X1121X;2484554;1258;-1;-1;-1;1382;-1;-1;-1;5;2;1;0;4;4;2;2;401;396;175;188;348;347;226;208;1;1;1;1;1;1;4885
202230;Topptipset;1211X221;2640418;12199;-1;-1;-1;172;-1;-1;-1;4;1;3;0;5;5;2;2;432;389;157;186;289;281;275;203;0;1;0;0;0;1;4886
202230;Topptipset;21211211;1452300;91;-1;-1;-1;11066;-1;-1;-1;5;0;3;0;8;8;0;0;442;443;154;164;442;443;288;279;1;1;1;1;1;1;4889
202230;Topptipset;221XX2XX;347129;1285;-1;-1;-1;189;-1;-1;-1;1;4;3;0;3;3;2;4;438;432;160;168;328;305;278;264;1;1;0;1;1;0;4890
202230;Topptipset;1X111121;429353;823;-1;-1;-1;365;-1;-1;-1;6;1;1;0;5;4;2;3;397;380;179;191;363;349;218;189;1;1;1;1;1;1;4891
202229;Topptipset Stryk;X12111XX;2227370;1288;-1;-1;-1;1210;-1;-1;-1;4;3;1;0;3;3;2;3;437;418;151;173;354;332;286;245;1;1;0;1;1;1;4876
202229;Topptipset Extra;121X11X1;1522734;3483;-1;-1;-1;306;-1;-1;-1;5;2;1;0;3;4;3;2;450;448;136;149;312;321;314;299;1;1;0;1;0;1;4872
202229;Topptipset Extra;21121221;1738523;595;-1;-1;-1;2043;-1;-1;-1;4;0;4;0;7;5;1;0;401;351;176;204;368;332;225;147;1;1;1;1;1;1;4882
202229;Topptipset;X22X121X;1850659;4676;-1;-1;-1;277;-1;-1;-1;2;3;3;0;3;2;1;0;451;435;143;159;308;300;308;276;0;1;1;1;0;1;4870
202229;Topptipset;1XX12X11;1641754;28029;-1;-1;-1;41;-1;-1;-1;4;3;1;0;2;2;3;4;457;442;134;161;253;234;323;281;0;0;1;0;1;0;4873
202229;Topptipset;XX2XXX21;1754395;16822;-1;-1;-1;73;-1;-1;-1;1;5;2;0;1;2;3;4;383;348;183;206;226;246;200;142;0;0;1;0;0;0;4874
202229;Topptipset;1X12X212;1794610;1118;-1;-1;-1;1123;-1;-1;-1;3;2;3;0;4;4;2;1;400;409;123;128;341;354;277;281;1;1;1;1;1;1;4877
202229;Topptipset;XX1X22X2;339542;4244;-1;-1;-1;56;-1;-1;-1;1;4;3;0;3;2;4;2;387;365;183;201;285;291;204;164;1;1;0;1;0;1;4878
202229;Topptipset;11X11122;423296;9876;-1;-1;-1;30;-1;-1;-1;5;1;2;0;2;3;4;4;404;396;170;183;280;275;234;213;1;0;0;1;0;1;4879
202228;Topptipset Stryk;1X22221X;2014277;281;-1;-1;-1;5010;-1;-1;-1;2;2;4;0;5;6;0;0;464;498;136;130;409;432;328;368;1;1;1;1;1;1;4864
202228;Topptipset Extra;X1X1X111;1417327;13973;-1;-1;-1;71;-1;-1;-1;5;3;0;0;3;2;3;3;426;398;159;182;267;253;267;216;0;0;1;0;1;0;4859
202228;Topptipset Extra;1211X112;1858934;98;-1;-1;-1;13226;-1;-1;-1;5;1;2;0;7;7;0;0;451;435;138;164;439;420;313;271;1;1;1;1;1;1;4866
202228;Topptipset;111111X1;1759242;65;-1;-1;-1;22576;-1;-1;-1;7;1;0;0;7;6;0;1;496;526;121;116;484;503;375;410;1;1;1;1;1;1;4856
202228;Topptipset;12XX1212;843068;4539;-1;-1;-1;130;-1;-1;-1;3;2;3;0;3;3;4;2;449;482;148;141;274;294;301;341;1;1;0;0;0;1;4857
202228;Topptipset;112X1X1X;1219341;982;-1;-1;-1;869;-1;-1;-1;4;3;1;0;4;4;1;0;427;425;111;122;345;328;316;303;1;0;1;1;0;1;4860
202228;Topptipset;12211222;1422583;6915;-1;-1;-1;144;-1;-1;-1;3;0;5;0;3;3;3;4;395;398;134;140;253;239;261;258;1;0;0;1;0;0;4861
202228;Topptipset;122212X2;918814;381;-1;-1;-1;2344;-1;-1;-1;2;1;5;0;5;5;0;0;515;568;113;100;441;459;402;468;1;1;1;1;1;0;4862
202228;Topptipset;1X11X2X2;1575881;3689;-1;-1;-1;299;-1;-1;-1;3;3;2;0;3;3;1;1;412;402;174;184;286;305;238;218;1;0;1;0;1;0;4867
202228;Topptipset;22X22X11;271777;477;-1;-1;-1;398;-1;-1;-1;2;2;4;0;5;5;1;1;422;426;172;174;382;393;250;252;1;1;1;1;1;1;4868
202228;Topptipset;X2X22212;370504;888;-1;-1;-1;292;-1;-1;-1;1;2;5;1;4;4;2;2;410;399;170;188;353;346;240;211;1;1;1;1;1;1;4869
202227;Topptipset Stryk;XXX1X221;2189195;5091;-1;-1;-1;301;-1;-1;-1;2;4;2;0;3;3;2;3;432;403;165;188;302;304;267;215;1;1;0;1;0;0;4850
202227;Topptipset Extra;111X1111;1540455;107;-1;-1;-1;10067;-1;-1;-1;7;1;0;0;7;7;1;1;447;454;149;158;439;444;298;296;1;1;1;1;1;1;4846
202227;Topptipset Extra;XX21XX12;1729698;5087;-1;-1;-1;238;-1;-1;-1;2;4;2;0;3;3;3;3;406;382;173;191;293;295;233;191;1;0;1;1;0;0;4852
202227;Topptipset;11X1X22X;1501603;11302;-1;-1;-1;93;-1;-1;-1;3;3;2;0;3;3;3;4;417;394;175;190;268;256;242;204;0;1;0;0;1;0;4843
202227;Topptipset;1111XXX1;925513;174;-1;-1;-1;5156;-1;-1;-1;5;3;0;0;5;5;2;2;483;507;135;127;449;466;348;380;1;1;1;1;1;1;4844
202227;Topptipset;11XXX12X;1465916;2758;-1;-1;-1;372;-1;-1;-1;3;4;1;0;3;3;1;2;453;428;143;173;310;325;310;255;1;0;1;1;0;0;4847
202227;Topptipset;1221X112;1349648;441;-1;-1;-1;2141;-1;-1;-1;4;1;3;0;6;5;1;1;382;380;137;147;363;360;245;233;1;1;1;1;1;1;4848
202227;Topptipset;11111221;1226594;1660;-1;-1;-1;517;-1;-1;-1;6;0;2;0;5;5;3;2;468;490;138;136;368;376;330;354;1;1;0;1;1;0;4853
202227;Topptipset;X221XX2X;319459;20329;-1;-1;-1;11;-1;-1;-1;1;4;3;0;1;1;4;4;380;335;197;215;223;227;183;120;0;0;0;0;0;0;4854
202227;Topptipset;11XX1112;434128;2067;-1;-1;-1;147;-1;-1;-1;5;2;1;0;5;5;1;1;401;377;176;196;320;318;225;181;1;0;1;1;0;0;4855
202226;Topptipset Stryk;X22X1X21;2256746;32910;-1;-1;-1;48;-1;-1;-1;2;3;3;0;1;1;2;2;394;403;134;133;224;209;260;270;1;0;0;1;0;0;4837
202226;Topptipset Extra;12X12XXX;1695325;14297;-1;-1;-1;83;-1;-1;-1;2;4;2;0;3;2;2;2;433;427;147;162;281;263;286;265;0;0;1;0;0;1;4833
202226;Topptipset Extra;1X211X21;2089325;4795;-1;-1;-1;305;-1;-1;-1;4;2;2;0;3;3;1;3;420;383;171;191;306;287;249;192;1;0;0;1;1;0;4839
202226;Topptipset;11211X12;2925570;235;-1;-1;-1;9750;-1;-1;-1;5;1;2;0;5;6;1;1;433;421;155;169;413;409;278;252;1;1;1;1;1;1;4831
202226;Topptipset;11X2212X;1437612;166;-1;-1;-1;6046;-1;-1;-1;3;2;3;0;6;6;0;1;455;483;150;143;418;431;305;340;1;1;1;1;1;1;4834
202226;Topptipset;22121X21;1332433;8110;-1;-1;-1;115;-1;-1;-1;3;1;4;0;4;4;2;1;429;394;158;192;297;289;271;202;0;1;1;0;1;0;4835
202226;Topptipset;12122221;1498568;1716;-1;-1;-1;611;-1;-1;-1;3;0;5;0;5;5;1;1;438;418;155;167;358;351;283;251;0;1;1;0;1;1;4840
202226;Topptipset;112X2221;361380;2779;-1;-1;-1;91;-1;-1;-1;3;1;4;0;5;4;1;1;398;391;173;183;312;292;225;208;0;1;1;0;1;1;4841
202226;Topptipset;XXX21X21;435846;15254;-1;-1;-1;20;-1;-1;-1;2;4;2;0;3;3;3;1;403;397;178;191;240;257;225;206;0;0;0;0;0;0;4842
202225;Topptipset Stryk;XXX212X1;2270186;3695;-1;-1;-1;430;-1;-1;-1;2;4;2;0;2;3;0;0;436;416;162;176;310;307;274;240;1;1;0;1;1;0;4826
202225;Topptipset Extra;21212111;1644942;136;-1;-1;-1;8460;-1;-1;-1;5;0;3;0;7;7;0;0;432;416;158;181;425;411;274;235;1;1;1;1;1;1;4822
202225;Topptipset;12111XX1;1250869;1351;-1;-1;-1;648;-1;-1;-1;5;2;1;0;5;4;2;2;399;355;184;211;340;313;215;144;1;1;1;1;1;1;4820
202225;Topptipset;21XX22X2;1166146;7098;-1;-1;-1;115;-1;-1;-1;1;3;4;0;3;3;2;4;417;368;172;199;276;271;245;169;1;0;0;1;0;0;4823
202225;Topptipset;1121X22X;1368130;678;-1;-1;-1;1412;-1;-1;-1;3;2;3;0;6;5;0;2;427;418;169;175;359;342;258;243;1;1;0;1;0;0;4824
202225;Topptipset;1122XX1X;1372037;870;-1;-1;-1;1103;-1;-1;-1;3;3;2;0;4;4;1;2;441;430;157;173;364;374;284;257;1;1;1;1;1;1;4827
202225;Topptipset;11112X12;1221789;1651;-1;-1;-1;518;-1;-1;-1;5;1;2;0;4;4;3;2;459;456;136;151;357;367;323;305;1;1;1;1;1;1;4828
202225;Topptipset;1211111X;336841;804;-1;-1;-1;293;-1;-1;-1;6;1;1;0;4;4;0;1;392;369;182;197;343;342;210;172;1;1;1;1;1;0;4829
202225;Topptipset;11X2XX1X;366938;7134;-1;-1;-1;36;-1;-1;-1;3;4;1;0;3;4;1;1;404;363;170;199;269;276;234;164;0;0;1;0;0;1;4830
202224;Topptipset Stryk;112X12X2;2182313;1134;-1;-1;-1;1347;-1;-1;-1;3;2;3;0;4;4;3;3;444;444;149;164;349;344;295;280;1;1;1;1;1;1;4814
202224;Topptipset Extra;121212XX;1571792;9823;-1;-1;-1;112;-1;-1;-1;3;2;3;0;4;4;2;2;456;446;132;149;294;292;324;297;0;1;0;1;0;0;4810
202224;Topptipset Extra;22212X2X;1376030;21891;-1;-1;-1;44;-1;-1;-1;1;2;5;0;3;3;4;4;449;435;144;166;266;254;305;269;0;0;1;0;0;1;4816
202224;Topptipset;21XX1122;1569162;2398;-1;-1;-1;458;-1;-1;-1;3;2;3;0;4;4;3;2;443;433;150;164;345;336;293;269;1;0;1;1;0;1;4806
202224;Topptipset;11X12XXX;1168611;2297;-1;-1;-1;356;-1;-1;-1;3;4;1;0;4;4;0;0;386;372;190;199;308;307;196;173;1;0;1;1;0;1;4811
202224;Topptipset;111X11X1;1116838;3077;-1;-1;-1;254;-1;-1;-1;6;2;0;0;3;4;2;2;398;358;181;207;299;305;217;151;1;0;1;1;0;0;4812
202224;Topptipset;221X1112;1133023;713;-1;-1;-1;1112;-1;-1;-1;4;1;3;0;6;6;1;1;444;445;152;163;372;362;292;282;0;1;1;0;1;1;4817
202224;Topptipset;XX12121X;331711;2579;-1;-1;-1;90;-1;-1;-1;3;3;2;0;4;5;1;2;400;359;182;209;312;304;218;150;1;0;1;0;1;1;4818
202224;Topptipset;21X12121;424253;2828;-1;-1;-1;105;-1;-1;-1;4;1;3;0;4;4;3;3;436;426;154;165;315;324;282;261;0;1;0;0;0;1;4819
202223;Topptipset Stryk;XXXX11X1;2407785;17556;-1;-1;-1;96;-1;-1;-1;3;5;0;0;2;1;1;1;429;392;159;183;235;226;270;209;0;0;0;0;0;0;4769
202223;Topptipset Extra;2X122112;2206148;887;-1;-1;-1;1741;-1;-1;-1;3;1;4;0;4;5;1;1;444;428;148;169;371;359;296;259;1;1;0;1;0;1;4767
202223;Topptipset Extra;1X111X12;2054648;897;-1;-1;-1;1603;-1;-1;-1;5;2;1;0;5;5;1;1;461;449;133;151;367;375;328;298;1;1;0;1;1;0;4808
202223;Topptipset;X2X2X12X;2071185;41423;-1;-1;-1;35;-1;-1;-1;1;4;3;0;2;2;3;3;421;376;161;193;239;235;260;183;0;0;1;0;1;0;4762
202223;Topptipset;2X112221;1823096;173;-1;-1;-1;7373;-1;-1;-1;3;1;4;0;6;6;1;2;462;453;134;147;432;436;328;306;1;1;1;1;1;1;4763
202223;Topptipset;12212222;1797240;1418;-1;-1;-1;887;-1;-1;-1;2;0;6;0;7;5;1;2;457;473;143;145;384;383;314;328;0;1;1;0;1;1;4770
202223;Topptipset;2X211XX1;1696421;8482;-1;-1;-1;140;-1;-1;-1;3;3;2;0;2;2;2;4;434;399;158;177;281;271;276;222;1;0;0;1;0;1;4803
202223;Topptipset;XXXX1X2X;582874;5913;-1;-1;-1;69;-1;-1;-1;1;6;1;0;2;1;0;0;443;426;146;159;264;250;297;267;0;0;1;0;0;1;4804
202223;Topptipset;11X11X2X;295697;1014;-1;-1;-1;204;-1;-1;-1;4;3;1;0;4;4;2;2;429;421;155;162;348;346;274;259;1;0;1;1;0;1;4805
202222;Topptipset Stryk;X1X21222;2384361;11671;-1;-1;-1;143;-1;-1;-1;2;2;4;0;3;3;2;2;412;359;173;202;263;267;239;157;0;1;0;0;1;0;4758
202222;Topptipset Extra;2X122X21;2156170;7902;-1;-1;-1;191;-1;-1;-1;2;2;4;0;3;4;2;3;409;348;170;217;273;274;239;131;0;1;0;1;0;0;4754
202222;Topptipset Extra;2X1212XX;1754995;2591;-1;-1;-1;474;-1;-1;-1;2;3;3;0;3;5;2;1;410;364;172;203;305;316;238;161;1;1;0;1;0;1;4765
202222;Topptipset;X12X1211;1482171;460;-1;-1;-1;2252;-1;-1;-1;4;2;2;1;5;5;0;1;444;434;155;162;389;385;289;272;1;1;1;1;1;1;4750
202222;Topptipset;X122X1X2;1132856;16872;-1;-1;-1;47;-1;-1;-1;2;3;3;1;2;2;2;2;371;340;144;163;232;234;227;177;0;1;0;0;1;0;4755
202222;Topptipset;22111112;1418450;229;-1;-1;-1;4319;-1;-1;-1;5;0;3;0;7;7;1;1;441;412;149;174;419;399;292;238;1;1;1;1;1;1;4756
202222;Topptipset;22221112;1872963;1678;-1;-1;-1;781;-1;-1;-1;3;0;5;1;5;5;3;2;447;407;140;168;338;339;307;239;1;1;0;1;1;0;4759
202222;Topptipset;X1111212;441816;1055;-1;-1;-1;293;-1;-1;-1;5;1;2;0;4;4;3;2;446;430;144;155;357;349;302;275;1;1;1;1;1;1;4760
202222;Topptipset;11111112;790631;203;-1;-1;-1;2718;-1;-1;-1;7;0;1;0;5;6;1;0;448;442;151;160;422;427;297;282;1;1;1;1;1;1;4761
202221;Topptipset Stryk;211221XX;2672439;4310;-1;-1;-1;434;-1;-1;-1;3;2;3;0;2;2;4;2;429;399;161;187;296;285;268;212;1;0;1;1;1;0;4746
202221;Topptipset Extra;112X11XX;1616909;666;-1;-1;-1;1697;-1;-1;-1;4;3;1;0;5;4;3;3;412;364;177;201;347;314;235;163;1;1;0;1;1;1;4742
202221;Topptipset Extra;212X122X;1828746;1042;-1;-1;-1;1228;-1;-1;-1;2;2;4;0;4;4;2;2;439;405;144;174;366;358;295;231;1;1;1;1;1;1;4752
202221;Topptipset;12112211;2102020;5329;-1;-1;-1;323;-1;-1;-1;5;0;3;0;4;4;4;4;420;391;166;188;297;283;254;203;0;1;0;1;1;0;4740
202221;Topptipset;2X2X2112;1209869;7300;-1;-1;-1;116;-1;-1;-1;2;2;4;0;1;2;5;3;403;372;182;200;248;271;221;172;1;0;0;1;0;0;4743
202221;Topptipset;XXXX2X2X;1549892;3297;-1;-1;-1;329;-1;-1;-1;0;6;2;0;2;2;0;1;424;372;169;201;277;254;255;171;0;0;1;0;1;0;4744
202221;Topptipset;XX11X122;1481902;1548;-1;-1;-1;670;-1;-1;-1;3;3;2;0;4;4;1;0;450;451;138;152;334;321;312;299;1;0;0;1;0;1;4747
202221;Topptipset;21X21221;351931;4648;-1;-1;-1;53;-1;-1;-1;3;1;4;0;3;3;4;1;387;359;190;206;274;280;197;153;0;1;0;0;1;1;4748
202221;Topptipset;1111212X;312141;486;-1;-1;-1;449;-1;-1;-1;5;1;2;0;7;7;0;0;409;386;179;192;369;354;230;194;1;0;1;0;1;1;4749
202220;Topptipset Stryk;11121212;2666725;99;-1;-1;-1;18850;-1;-1;-1;5;0;3;0;5;5;0;0;476;510;130;121;458;497;346;389;1;1;1;1;1;1;4734
202220;Topptipset Extra;X2XXX221;1338461;10074;-1;-1;-1;93;-1;-1;-1;1;4;3;0;1;2;3;2;403;360;179;210;253;278;224;150;1;0;0;1;0;0;4730
202220;Topptipset Extra;X2XX1212;1876607;59710;-1;-1;-1;22;-1;-1;-1;2;3;3;0;2;3;1;2;438;448;153;157;235;236;285;291;0;0;0;0;0;0;4736
202220;Topptipset;11X122XX;1817522;16104;-1;-1;-1;79;-1;-1;-1;3;3;2;0;2;3;4;2;416;388;177;191;238;259;239;197;0;1;0;0;0;0;4728
202220;Topptipset;221212XX;1412737;6637;-1;-1;-1;149;-1;-1;-1;2;2;4;0;3;2;3;2;361;320;155;175;261;258;206;145;1;0;0;1;0;0;4731
202220;Topptipset;XX121X21;1742480;2759;-1;-1;-1;442;-1;-1;-1;3;3;2;0;4;4;1;1;417;374;172;195;307;296;245;179;0;1;1;0;1;1;4732
202220;Topptipset;121X2112;506663;5541;-1;-1;-1;64;-1;-1;-1;4;1;3;0;5;5;2;3;427;413;164;180;319;300;263;233;0;1;1;0;1;1;4738
202220;Topptipset;X2X1XX11;1611058;2812;-1;-1;-1;401;-1;-1;-1;3;4;1;0;3;3;0;0;340;315;165;187;279;248;175;128;0;1;1;1;1;0;4737
202220;Topptipset;2122X12X;446493;44649;-1;-1;-1;7;-1;-1;-1;2;2;4;0;1;0;2;2;390;361;186;204;220;230;204;157;0;0;0;0;0;0;4739
202219;Topptipset Stryk;X21111X1;3243468;12794;-1;-1;-1;197;-1;-1;-1;5;2;1;0;3;3;2;3;427;395;169;185;263;273;258;210;0;0;1;0;0;1;4722
202219;Topptipset Extra;121X2XX2;2050121;653;-1;-1;-1;2197;-1;-1;-1;2;3;3;0;5;5;0;0;466;475;136;136;378;393;330;339;1;1;1;1;1;0;4718
202219;Topptipset Extra;X11X1X2X;2137933;6108;-1;-1;-1;245;-1;-1;-1;3;4;1;0;3;3;2;2;441;418;151;171;294;302;290;247;1;0;1;1;0;0;4724
202219;Topptipset;X222121X;3135183;1461;-1;-1;-1;1673;-1;-1;-1;2;2;4;0;5;4;0;1;404;385;183;194;338;339;221;191;1;1;1;1;1;0;4714
202219;Topptipset;221211X1;2078728;3163;-1;-1;-1;460;-1;-1;-1;4;1;3;0;3;3;4;4;424;394;164;191;305;305;260;203;1;1;0;1;1;0;4719
202219;Topptipset;1121X212;1838428;210;-1;-1;-1;6114;-1;-1;-1;4;1;3;0;7;7;0;0;460;464;141;149;413;423;319;315;1;1;0;1;1;0;4720
202219;Topptipset;X22X1112;1477816;1581;-1;-1;-1;654;-1;-1;-1;3;2;3;0;4;5;2;2;404;348;173;211;338;303;231;137;0;1;1;1;1;0;4725
202219;Topptipset;1X2121X1;314727;929;-1;-1;-1;237;-1;-1;-1;4;2;2;0;5;6;1;1;398;368;175;201;351;343;223;167;1;1;0;1;0;1;4726
202219;Topptipset;22111112;368178;1288;-1;-1;-1;200;-1;-1;-1;5;0;3;0;5;5;3;2;450;427;147;166;359;347;303;261;1;1;1;1;1;1;4727
202218;Topptipset Stryk;XX12112X;3382990;8674;-1;-1;-1;273;-1;-1;-1;3;3;2;0;2;3;2;2;437;406;160;182;273;268;277;224;0;0;1;0;1;0;4710
202218;Topptipset Extra;111XX111;1667603;3790;-1;-1;-1;308;-1;-1;-1;6;2;0;0;4;4;1;2;423;371;166;201;297;279;257;170;0;1;1;0;1;0;4706
202218;Topptipset Extra;1122121X;2187832;853;-1;-1;-1;1794;-1;-1;-1;4;1;3;0;4;4;2;2;442;428;156;170;371;368;286;258;1;1;1;1;1;1;4716
202218;Topptipset;X211XX11;3549044;3569;-1;-1;-1;766;-1;-1;-1;4;3;1;0;3;3;3;3;435;429;165;170;316;300;270;259;0;1;1;1;0;1;4704
202218;Topptipset;21121211;1800344;1065;-1;-1;-1;1183;-1;-1;-1;5;0;3;0;6;4;1;0;355;328;147;172;326;307;208;156;1;1;1;1;1;1;4707
202218;Topptipset;1X1XX21X;1646456;3766;-1;-1;-1;306;-1;-1;-1;3;4;1;0;3;3;1;3;388;347;179;215;281;274;209;132;0;0;1;0;1;0;4708
202218;Topptipset;1121X112;1823595;4608;-1;-1;-1;277;-1;-1;-1;5;1;2;0;4;4;3;3;412;374;176;204;308;301;236;170;1;1;0;1;1;0;4711
202218;Topptipset;X2122111;492097;722;-1;-1;-1;477;-1;-1;-1;4;1;3;0;5;5;2;2;450;442;154;158;365;352;296;284;1;0;1;0;1;1;4712
202218;Topptipset;1211XX1X;444805;937;-1;-1;-1;332;-1;-1;-1;4;3;1;0;5;5;1;1;435;443;163;162;347;368;272;281;1;0;1;1;0;1;4713
202217;Topptipset Stryk;21222211;3299388;255;-1;-1;-1;9030;-1;-1;-1;3;0;5;0;6;5;2;2;435;422;159;175;410;409;276;247;1;1;1;1;1;1;4698
202217;Topptipset Extra;122X2X21;2236734;4277;-1;-1;-1;366;-1;-1;-1;2;2;4;0;2;3;3;2;408;380;178;196;288;310;230;184;1;1;0;1;1;0;4694
202217;Topptipset Extra;21122111;2548732;203;-1;-1;-1;8779;-1;-1;-1;5;0;3;0;7;7;1;1;463;466;134;142;425;428;329;324;1;1;1;1;1;1;4700
202217;Topptipset;11211XXX;3406049;1062;-1;-1;-1;2479;-1;-1;-1;4;3;1;0;4;5;3;2;421;404;164;177;353;356;257;227;1;1;1;1;1;1;4692
202217;Topptipset;11X12221;2066665;5459;-1;-1;-1;265;-1;-1;-1;4;1;3;0;5;5;2;2;451;460;139;145;326;326;312;315;1;0;1;1;0;1;4695
202217;Topptipset;X21X12XX;2305602;2749;-1;-1;-1;587;-1;-1;-1;2;4;2;0;3;3;1;3;427;407;167;180;321;311;260;227;1;1;0;1;1;0;4696
202217;Topptipset;XXX21112;1584721;5546;-1;-1;-1;200;-1;-1;-1;3;3;2;0;4;4;1;2;450;473;148;144;278;307;302;329;0;0;1;0;0;1;4701
202217;Topptipset;121X2211;412432;370;-1;-1;-1;779;-1;-1;-1;4;1;3;0;6;6;1;0;417;405;171;181;385;380;246;224;1;1;0;1;1;1;4702
202217;Topptipset;1X211XX1;514839;2224;-1;-1;-1;162;-1;-1;-1;4;3;1;0;3;3;1;1;426;404;161;180;330;333;265;224;1;1;0;1;1;0;4703
202216;Topptipset Stryk;X1X2XXXX;3638864;3984;-1;-1;-1;702;-1;-1;-1;1;6;1;0;2;2;4;4;412;385;175;193;292;297;237;192;1;0;0;1;0;0;4686
202216;Topptipset Extra;21X11221;1862414;1022;-1;-1;-1;1275;-1;-1;-1;4;1;3;0;5;5;3;3;446;408;148;174;366;350;298;234;1;1;1;1;1;0;4683
202216;Topptipset Extra;111X1XX2;2144627;638;-1;-1;-1;2352;-1;-1;-1;4;3;1;0;5;5;1;0;412;407;173;181;367;361;239;226;1;1;0;1;1;0;4688
202216;Topptipset;X1222221;2919774;4319;-1;-1;-1;531;-1;-1;-1;2;1;5;0;5;5;2;1;414;370;177;202;304;295;237;168;0;1;0;0;1;0;4684
202216;Topptipset;X2211XX2;2065519;41310;-1;-1;-1;35;-1;-1;-1;2;3;3;0;3;2;2;3;442;409;153;183;263;246;289;226;0;1;0;0;1;0;4679
202216;Topptipset;112121X1;2364184;829;-1;-1;-1;1994;-1;-1;-1;5;1;2;0;6;6;2;2;438;438;155;165;375;383;283;273;1;1;1;1;1;0;4678
202216;Topptipset;11211X1X;1427181;3672;-1;-1;-1;272;-1;-1;-1;5;2;1;0;4;5;2;1;424;382;166;187;313;305;258;195;0;1;1;1;0;1;4689
202216;Topptipset;XXX11X21;418788;4805;-1;-1;-1;61;-1;-1;-1;3;4;1;0;3;4;0;0;439;425;157;163;289;290;282;262;0;1;0;0;1;1;4690
202216;Topptipset;222X221X;501772;11330;-1;-1;-1;31;-1;-1;-1;1;2;5;0;4;4;1;1;418;391;170;191;284;284;248;200;0;1;0;0;0;1;4691
202215;Topptipset Stryk;2112212X;3627341;3413;-1;-1;-1;817;-1;-1;-1;3;1;4;0;4;5;2;2;409;374;175;198;310;299;234;176;1;0;0;1;0;1;4673
202215;Topptipset Extra;22211222;1762351;3237;-1;-1;-1;381;-1;-1;-1;2;0;6;0;5;5;2;1;414;385;172;189;308;303;242;196;0;1;1;0;1;1;4669
202215;Topptipset Extra;11X22112;2010871;2377;-1;-1;-1;592;-1;-1;-1;4;1;3;0;5;5;2;2;439;430;150;161;335;340;289;269;1;1;1;1;1;0;4681
202215;Topptipset;XXX221X1;1991800;18590;-1;-1;-1;75;-1;-1;-1;2;4;2;0;3;3;3;2;394;362;182;204;237;245;212;158;0;0;0;0;0;0;4667
202215;Topptipset;2X1X1111;1769109;1313;-1;-1;-1;943;-1;-1;-1;5;2;1;0;4;5;0;0;444;425;153;169;325;316;291;256;0;1;1;1;0;0;4670
202215;Topptipset;XX111XXX;1555720;917;-1;-1;-1;1187;-1;-1;-1;3;5;0;0;3;3;1;1;469;495;131;128;341;327;338;367;1;0;0;1;0;1;4671
202215;Topptipset;1X211111;1731650;1908;-1;-1;-1;635;-1;-1;-1;6;1;1;0;4;4;2;1;425;400;166;183;329;313;259;217;1;0;1;1;1;0;4674
202215;Topptipset;X222121X;310989;11457;-1;-1;-1;19;-1;-1;-1;2;2;4;0;3;3;2;2;438;423;153;168;291;292;285;255;1;0;0;1;0;0;4675
202215;Topptipset;2122X112;445355;590;-1;-1;-1;528;-1;-1;-1;3;1;4;0;5;5;2;2;432;396;160;189;378;353;272;207;1;1;1;1;1;1;4676
202214;Topptipset Stryk;2222X221;4151417;8506;-1;-1;-1;371;-1;-1;-1;1;1;6;0;4;4;3;2;432;385;160;191;266;271;272;194;0;0;0;0;0;0;4661
202214;Topptipset Extra;122X111X;2051333;1130;-1;-1;-1;1270;-1;-1;-1;4;2;2;0;5;4;2;1;436;415;155;174;357;360;281;241;1;1;1;1;1;1;4657
202214;Topptipset Extra;X111X221;2477837;10512;-1;-1;-1;165;-1;-1;-1;4;2;2;0;3;2;2;2;389;361;183;203;264;264;206;158;1;0;0;0;0;1;4663
202214;Topptipset;1X112211;2026629;4792;-1;-1;-1;296;-1;-1;-1;5;1;2;0;5;5;2;2;456;442;138;155;306;320;318;287;0;1;1;0;0;1;4655
202214;Topptipset;21121111;3340465;2176;-1;-1;-1;1189;-1;-1;-1;6;0;2;0;5;5;2;2;394;367;188;209;320;306;206;158;0;1;1;0;1;1;4658
202214;Topptipset;XX11X121;2391918;14189;-1;-1;-1;118;-1;-1;-1;4;3;1;0;3;2;3;3;436;367;157;200;273;262;279;167;1;0;0;1;0;0;4659
202214;Topptipset;112112X1;1640861;1232;-1;-1;-1;932;-1;-1;-1;5;1;2;0;6;6;1;1;429;411;165;175;358;346;264;236;1;0;0;1;0;1;4664
202214;Topptipset;2122X21X;440491;226;-1;-1;-1;1362;-1;-1;-1;2;2;4;0;5;5;0;1;466;465;135;142;407;407;331;323;1;1;1;1;1;1;4665
202214;Topptipset;X2112112;541100;415;-1;-1;-1;911;-1;-1;-1;4;1;3;0;6;5;1;2;458;464;138;147;400;397;320;317;1;1;1;1;1;1;4666
202213;Topptipset Stryk;X22X1X1X;3320684;36896;-1;-1;-1;63;-1;-1;-1;2;4;2;0;1;1;3;3;452;436;148;162;258;251;304;274;1;0;0;1;0;0;4649
202213;Topptipset Extra;1121XX2X;2204838;1953;-1;-1;-1;790;-1;-1;-1;3;3;2;0;3;4;3;3;428;394;160;176;339;348;268;218;1;1;0;1;1;0;4645
202213;Topptipset Extra;11222111;2153438;118;-1;-1;-1;12686;-1;-1;-1;5;0;3;0;7;7;0;1;438;419;153;170;427;404;285;249;1;1;1;1;1;1;4651
202213;Topptipset;11122112;1073934;1267;-1;-1;-1;593;-1;-1;-1;5;0;3;0;5;6;2;2;444;390;150;188;365;337;294;202;1;1;1;1;0;1;4641
202213;Topptipset;12111111;996161;902;-1;-1;-1;773;-1;-1;-1;7;0;1;0;5;5;3;3;470;479;138;147;380;393;332;332;1;1;0;1;1;0;4646
202213;Topptipset;11X11121;770418;199;-1;-1;-1;2707;-1;-1;-1;6;1;1;0;6;6;0;1;449;447;159;158;424;416;290;289;1;1;1;1;1;1;4647
202213;Topptipset;21122221;1318460;1455;-1;-1;-1;634;-1;-1;-1;3;0;5;0;6;6;2;1;430;390;161;183;364;354;269;207;1;1;1;1;1;0;4652
202213;Topptipset;122222XX;332754;1252;-1;-1;-1;186;-1;-1;-1;1;2;5;0;5;5;1;1;427;412;164;175;342;334;263;237;1;0;0;1;0;1;4653
202213;Topptipset;211X11X2;372718;328;-1;-1;-1;794;-1;-1;-1;4;2;2;0;5;5;1;1;465;496;139;132;402;419;326;364;1;1;1;1;1;1;4654
202212;Topptipset Stryk;11XX1112;2662094;394;-1;-1;-1;4722;-1;-1;-1;5;2;1;0;5;5;1;1;465;462;133;145;411;411;332;317;1;1;1;1;1;1;4637
202212;Topptipset Extra;X211X111;1822482;6046;-1;-1;-1;211;-1;-1;-1;5;2;1;0;4;4;2;2;471;470;134;145;345;364;337;325;1;0;1;0;1;1;4633
202212;Topptipset Extra;1222221X;1439446;2694;-1;-1;-1;374;-1;-1;-1;2;1;5;0;4;3;2;3;433;383;154;191;328;322;279;192;1;1;0;1;1;0;4643
202212;Topptipset;2122X1X1;1115849;1496;-1;-1;-1;522;-1;-1;-1;3;2;3;0;5;4;1;2;414;364;174;207;340;311;240;157;0;1;1;0;1;1;4631
202212;Topptipset;2122X112;1435368;434;-1;-1;-1;2314;-1;-1;-1;3;1;4;0;6;6;1;0;428;409;166;183;394;392;262;226;1;1;1;1;1;1;4634
202212;Topptipset;1X112122;1041459;2382;-1;-1;-1;306;-1;-1;-1;4;1;3;1;4;5;3;3;448;443;154;164;356;357;294;279;1;1;0;1;1;0;4635
202212;Topptipset;X1X21X11;1470645;26396;-1;-1;-1;39;-1;-1;-1;4;3;1;0;1;3;3;2;411;362;173;202;198;233;238;160;0;0;0;0;0;0;4638
202212;Topptipset;111111XX;282781;343;-1;-1;-1;577;-1;-1;-1;6;2;0;0;6;6;0;0;452;452;146;152;411;406;306;300;1;1;0;1;1;0;4639
202212;Topptipset;1212X211;411217;272;-1;-1;-1;1057;-1;-1;-1;4;1;3;0;5;5;1;1;460;461;135;146;409;418;325;315;1;1;1;1;1;1;4640
202211;Topptipset Stryk;2X2211XX;4003427;4835;-1;-1;-1;683;-1;-1;-1;2;3;3;0;4;3;1;1;394;368;191;202;294;295;203;166;1;0;0;1;0;0;4625
202211;Topptipset Extra;2222X111;2106769;827;-1;-1;-1;1782;-1;-1;-1;3;1;4;0;6;6;1;2;409;358;179;210;356;325;230;148;1;1;1;1;1;1;4621
202211;Topptipset Extra;112212X2;2245953;275;-1;-1;-1;5706;-1;-1;-1;3;1;4;0;5;6;2;1;430;408;157;176;401;389;273;232;1;1;1;1;1;1;4627
202211;Topptipset;XX12222X;1824110;516;-1;-1;-1;2471;-1;-1;-1;1;3;4;0;4;4;0;0;475;484;124;131;386;377;351;353;1;0;1;1;1;0;4586
202211;Topptipset;221X2111;2530534;12652;-1;-1;-1;140;-1;-1;-1;4;1;3;0;4;4;3;2;435;410;155;177;272;264;280;233;0;0;1;0;0;1;4622
202211;Topptipset;11X2X121;2062551;12132;-1;-1;-1;119;-1;-1;-1;4;2;2;0;3;3;2;1;428;415;161;178;272;270;267;237;1;0;0;0;0;1;4623
202211;Topptipset;2X21X1X1;1744067;2865;-1;-1;-1;426;-1;-1;-1;3;3;2;1;3;3;2;3;403;350;176;210;281;269;227;140;0;0;0;0;0;1;4628
202211;Topptipset;222X1221;500363;465;-1;-1;-1;752;-1;-1;-1;2;1;5;0;5;5;3;2;419;413;164;175;372;354;255;238;1;0;1;1;1;1;4629
202211;Topptipset;221X122X;474207;744;-1;-1;-1;446;-1;-1;-1;2;2;4;0;5;5;1;0;440;430;152;166;367;359;288;264;1;1;0;1;1;0;4630
202210;Topptipset Stryk;11X1X1X2;4086491;9574;-1;-1;-1;351;-1;-1;-1;4;3;1;0;3;4;3;2;397;341;181;217;249;269;216;124;0;1;0;0;0;1;4582
202210;Topptipset Extra;22211112;1834106;283;-1;-1;-1;4525;-1;-1;-1;4;0;4;0;6;6;1;1;429;400;163;180;398;360;266;220;1;1;1;1;1;1;4578
202210;Topptipset Extra;111212X2;2291779;1495;-1;-1;-1;1073;-1;-1;-1;4;1;3;0;5;5;1;3;438;423;153;171;363;356;285;252;1;1;1;1;1;0;4588
202210;Topptipset;111X22X1;1857590;19407;-1;-1;-1;67;-1;-1;-1;4;2;2;0;4;4;2;2;459;469;143;146;275;285;316;323;0;0;1;0;0;1;4576
202210;Topptipset;21XXX212;2764184;8916;-1;-1;-1;217;-1;-1;-1;2;3;3;0;3;3;3;3;445;447;150;161;296;310;295;286;1;0;0;1;0;0;4579
202210;Topptipset;1X22X221;1996495;11646;-1;-1;-1;120;-1;-1;-1;2;2;4;0;4;3;1;2;429;393;164;187;261;265;265;206;0;1;0;0;0;1;4580
202210;Topptipset;1XX12X12;1738502;958;-1;-1;-1;1269;-1;-1;-1;3;3;2;0;4;4;1;0;437;404;152;178;351;322;285;226;1;0;1;1;0;1;4583
202210;Topptipset;1X1X2X21;410759;850;-1;-1;-1;338;-1;-1;-1;3;3;2;0;4;4;2;1;418;396;163;182;360;356;255;214;1;1;1;1;1;1;4584
202210;Topptipset;1X2222X1;579683;6877;-1;-1;-1;59;-1;-1;-1;2;2;4;0;3;3;3;3;454;461;143;152;294;293;311;309;1;0;1;1;0;1;4585
202209;Topptipset Stryk;11212211;4480603;928;-1;-1;-1;3916;-1;-1;-1;5;0;3;0;6;6;2;1;415;396;168;185;369;372;247;211;1;1;1;1;1;1;4570
202209;Topptipset Extra;21221X2X;1998853;1073;-1;-1;-1;1303;-1;-1;-1;2;2;4;0;4;2;2;3;388;366;191;208;330;289;197;158;1;0;0;1;1;0;4566
202209;Topptipset Extra;122XX212;2550781;448;-1;-1;-1;3977;-1;-1;-1;2;2;4;0;5;5;2;2;439;418;150;175;388;376;289;243;1;1;1;1;1;1;4572
202209;Topptipset;1X221XX2;1747606;1558;-1;-1;-1;785;-1;-1;-1;2;3;3;0;4;4;2;2;452;455;140;145;355;360;312;310;1;1;1;1;0;1;4564
202209;Topptipset;X2X11111;2630161;1727;-1;-1;-1;1066;-1;-1;-1;5;2;1;0;5;5;1;0;424;391;168;184;339;326;256;207;1;0;1;1;0;1;4567
202209;Topptipset;X211X21X;1718022;724;-1;-1;-1;1661;-1;-1;-1;3;3;2;0;4;4;0;1;458;436;144;168;371;352;314;268;1;1;0;1;1;0;4568
202209;Topptipset;X122XX11;1934188;1416;-1;-1;-1;956;-1;-1;-1;3;3;2;0;3;3;3;1;439;415;150;172;348;356;289;243;1;1;1;1;1;0;4573
202209;Topptipset;1212X1X2;531441;6763;-1;-1;-1;55;-1;-1;-1;3;2;3;0;3;3;4;2;437;436;161;166;303;300;276;270;0;1;1;0;1;1;4574
202209;Topptipset;22211111;556278;635;-1;-1;-1;613;-1;-1;-1;5;0;3;0;5;5;1;1;378;343;184;213;342;318;194;130;1;1;0;1;1;1;4575
202208;Topptipset Stryk;2X22X2X1;3449826;7764;-1;-1;-1;311;-1;-1;-1;1;3;4;0;3;1;2;3;426;411;164;176;272;268;262;235;1;0;0;1;0;0;4558
202208;Topptipset Extra;XX112211;2055980;3149;-1;-1;-1;457;-1;-1;-1;4;2;2;0;4;5;2;3;418;385;174;195;328;312;244;190;1;0;0;1;0;0;4553
202208;Topptipset Extra;X1212111;2454191;136;-1;-1;-1;12544;-1;-1;-1;5;1;2;0;7;7;0;1;430;390;154;185;413;374;276;205;1;1;1;1;1;1;4560
202208;Topptipset;X1XX2X12;1655116;8045;-1;-1;-1;144;-1;-1;-1;2;4;2;0;3;2;2;3;428;385;161;184;277;280;267;201;1;0;0;1;0;0;4550
202208;Topptipset;1XX1X221;2218744;1542;-1;-1;-1;1007;-1;-1;-1;3;3;2;1;4;4;3;3;391;358;191;211;333;318;200;147;1;1;0;1;1;0;4555
202208;Topptipset;12X1X111;2321546;874;-1;-1;-1;1859;-1;-1;-1;5;2;1;0;6;6;1;1;432;423;165;170;356;366;267;253;1;1;1;0;1;0;4556
202208;Topptipset;1X112222;1924305;456;-1;-1;-1;2951;-1;-1;-1;3;1;4;0;7;7;0;0;434;427;161;172;378;371;273;255;0;1;1;0;1;1;4561
202208;Topptipset;1111XX12;380127;620;-1;-1;-1;429;-1;-1;-1;5;2;1;0;6;5;0;0;422;405;167;180;373;365;255;225;1;1;0;1;0;1;4562
202208;Topptipset;1221XX11;490834;4520;-1;-1;-1;76;-1;-1;-1;4;2;2;0;4;4;1;2;421;386;167;189;297;290;254;197;0;1;0;0;1;0;4563
202207;Topptipset Stryk;21221211;4034683;23915;-1;-1;-1;139;-1;-1;-1;4;0;4;0;3;3;4;4;445;451;141;152;261;265;304;299;0;1;0;0;1;1;4546
202207;Topptipset Extra;X11X2121;1741665;8585;-1;-1;-1;142;-1;-1;-1;4;2;2;0;3;3;2;2;452;450;144;149;312;310;308;301;1;1;0;0;1;1;4542
202207;Topptipset Extra;212XX211;2179701;3912;-1;-1;-1;390;-1;-1;-1;3;2;3;0;5;5;2;3;417;408;167;182;335;328;250;226;0;1;1;0;1;1;4552
202207;Topptipset;12X21222;1660515;7547;-1;-1;-1;154;-1;-1;-1;2;1;5;0;3;3;3;4;417;376;164;198;287;290;253;178;1;0;0;0;1;1;4540
202207;Topptipset;12111X21;2668952;2680;-1;-1;-1;697;-1;-1;-1;5;1;2;0;5;4;1;1;429;413;158;175;324;312;271;238;1;0;0;1;0;0;4544
202207;Topptipset;X22X2122;1762234;58741;-1;-1;-1;21;-1;-1;-1;1;2;5;1;3;3;4;4;453;435;148;163;229;223;305;272;0;0;0;0;0;0;4543
202207;Topptipset;X11X1X2X;1980833;24326;-1;-1;-1;57;-1;-1;-1;3;4;1;2;1;1;2;2;431;391;158;180;216;222;273;211;0;0;0;0;0;0;4547
202207;Topptipset;X1112221;408725;4768;-1;-1;-1;60;-1;-1;-1;4;1;3;1;5;4;2;2;452;472;145;141;320;324;307;331;1;0;0;1;0;1;4548
202207;Topptipset;1X21221X;482102;1460;-1;-1;-1;231;-1;-1;-1;3;2;3;0;5;5;3;3;426;413;154;170;353;346;272;243;1;0;1;1;1;0;4549
202206;Topptipset Stryk;21X2112X;3303241;2010;-1;-1;-1;1150;-1;-1;-1;3;2;3;0;4;4;3;2;422;383;166;196;339;336;256;187;1;1;1;1;0;1;4534
202206;Topptipset Extra;X2X1122X;1969105;31326;-1;-1;-1;44;-1;-1;-1;2;3;3;0;3;1;4;4;397;359;188;209;245;242;209;150;0;1;0;0;0;1;4530
202206;Topptipset Extra;221XX1XX;2219943;6316;-1;-1;-1;246;-1;-1;-1;2;4;2;0;3;2;2;4;427;398;160;186;301;292;267;212;1;0;1;1;0;1;4536
202206;Topptipset;1X2111X1;1816725;316;-1;-1;-1;4012;-1;-1;-1;5;2;1;0;6;5;2;1;418;393;166;181;380;358;252;212;1;1;1;1;1;1;4528
202206;Topptipset;1X11111X;2821553;513;-1;-1;-1;3847;-1;-1;-1;6;2;0;0;5;6;0;0;442;433;146;159;376;356;296;274;1;1;0;1;1;0;4531
202206;Topptipset;12X1212X;1729338;1754;-1;-1;-1;690;-1;-1;-1;3;2;3;0;4;4;2;0;461;450;140;158;341;356;321;292;1;1;0;1;1;0;4532
202206;Topptipset;111XX121;1844542;301;-1;-1;-1;4277;-1;-1;-1;5;2;1;0;5;5;0;0;449;426;143;163;391;370;306;263;1;1;1;1;1;1;4537
202206;Topptipset;11222112;361394;674;-1;-1;-1;375;-1;-1;-1;4;0;4;0;7;6;1;1;435;430;154;160;379;379;281;270;1;1;0;1;0;1;4538
202206;Topptipset;XX2112X2;502403;25120;-1;-1;-1;14;-1;-1;-1;2;3;3;0;2;1;3;3;434;406;157;175;233;241;277;231;0;0;1;0;0;0;4539
202205;Topptipset Stryk;X11X1211;3898946;5454;-1;-1;-1;592;-1;-1;-1;5;2;1;0;4;4;2;1;439;387;149;193;305;301;290;194;0;0;1;0;0;1;4522
202205;Topptipset Extra;X2X1121X;1725895;733;-1;-1;-1;1646;-1;-1;-1;3;3;2;0;4;4;1;2;424;390;166;183;361;337;258;207;1;1;1;1;1;1;4518
202205;Topptipset Extra;1211X211;2123941;10696;-1;-1;-1;139;-1;-1;-1;5;1;2;0;3;3;3;2;442;415;153;172;288;294;289;243;0;1;1;0;1;1;4525
202205;Topptipset;X2XXX11X;1533027;16259;-1;-1;-1;66;-1;-1;-1;2;5;1;0;1;1;2;2;420;391;164;187;246;250;256;204;0;1;0;0;1;0;4516
202205;Topptipset;11211222;2221927;1494;-1;-1;-1;1041;-1;-1;-1;4;0;4;0;6;6;1;1;428;397;153;179;362;334;275;218;1;0;1;0;1;1;4519
202205;Topptipset;12XX1X12;1803017;3005;-1;-1;-1;420;-1;-1;-1;3;3;2;0;3;2;3;2;428;413;162;171;319;307;266;242;1;0;1;1;1;0;4520
202205;Topptipset;X21X1111;2076974;492;-1;-1;-1;2954;-1;-1;-1;5;2;1;0;6;6;0;1;448;434;141;163;377;362;307;271;0;1;1;0;1;1;4523
202205;Topptipset;12X11212;514755;1675;-1;-1;-1;215;-1;-1;-1;4;1;3;0;5;4;1;1;389;354;189;213;321;308;200;141;1;1;0;0;0;1;4526
202205;Topptipset;X21111X2;567013;149;-1;-1;-1;2656;-1;-1;-1;4;2;2;0;5;5;0;0;453;463;138;140;431;436;315;323;1;1;1;1;1;1;4527
202204;Topptipset Stryk;21X11X21;4031008;988;-1;-1;-1;3361;-1;-1;-1;4;2;2;0;4;4;2;1;416;394;167;183;355;347;249;211;1;1;1;1;1;1;4510
202204;Topptipset Extra;X111X22X;1882150;1530;-1;-1;-1;861;-1;-1;-1;3;3;2;0;5;4;0;0;412;380;177;195;335;327;235;185;1;1;0;1;0;1;4506
202204;Topptipset Extra;121X1222;1822074;3245;-1;-1;-1;393;-1;-1;-1;3;1;4;0;3;3;1;3;400;365;180;194;310;306;220;171;1;1;0;1;1;0;4513
202204;Topptipset;11221X11;1405775;1925;-1;-1;-1;511;-1;-1;-1;5;1;2;0;3;3;2;3;411;381;169;188;349;344;242;193;1;1;0;1;1;1;4504
202204;Topptipset;22X1X121;2140596;6780;-1;-1;-1;221;-1;-1;-1;3;2;3;0;4;4;2;3;427;397;161;184;303;299;266;213;1;0;1;1;0;0;4507
202204;Topptipset;X2X22221;1882103;1954;-1;-1;-1;674;-1;-1;-1;1;2;5;0;5;5;2;2;406;344;169;212;327;296;237;132;1;0;1;1;1;0;4508
202204;Topptipset;X1211X21;1584579;2411;-1;-1;-1;460;-1;-1;-1;4;2;2;0;4;4;1;3;416;392;169;190;336;325;247;202;0;1;1;1;1;0;4511
202204;Topptipset;X2X21211;267162;6448;-1;-1;-1;29;-1;-1;-1;3;2;3;0;3;4;3;3;416;414;167;173;284;291;249;241;1;0;0;1;0;0;4514
202204;Topptipset;21X12122;326648;2894;-1;-1;-1;79;-1;-1;-1;3;1;4;0;4;4;3;3;419;394;156;180;303;311;263;214;0;1;1;0;1;1;4515
202203;Topptipset Stryk;X1221212;4296972;8791;-1;-1;-1;399;-1;-1;-1;3;1;4;0;4;3;2;4;426;414;161;180;272;236;265;234;0;0;0;0;0;1;4498
202203;Topptipset Extra;22121X22;1801342;1873;-1;-1;-1;673;-1;-1;-1;2;1;5;0;4;5;3;0;392;345;187;219;295;310;205;126;1;1;0;0;1;1;4495
202203;Topptipset Extra;1X2XX2X2;2337850;1932;-1;-1;-1;847;-1;-1;-1;1;4;3;0;4;4;2;2;440;425;152;166;335;330;288;259;0;1;1;0;1;1;4501
202203;Topptipset;221X1X11;1586150;2675;-1;-1;-1;415;-1;-1;-1;4;2;2;0;4;4;1;2;454;458;140;150;356;363;314;308;0;1;1;0;1;1;4492
202203;Topptipset;X1XX1X11;2182779;3586;-1;-1;-1;426;-1;-1;-1;4;4;0;0;2;2;3;3;442;444;152;159;314;292;290;285;0;1;1;1;1;0;4493
202203;Topptipset;2XX11112;1908896;1719;-1;-1;-1;777;-1;-1;-1;4;2;2;0;4;3;2;3;444;425;149;161;347;323;295;264;1;1;0;1;1;0;4496
202203;Topptipset;22121X22;1864796;2023;-1;-1;-1;645;-1;-1;-1;2;1;5;0;4;4;3;3;422;391;169;191;335;318;253;200;1;0;1;1;0;1;4499
202203;Topptipset;1X222X22;386517;5104;-1;-1;-1;53;-1;-1;-1;1;2;5;0;3;3;3;3;403;385;172;191;302;300;231;194;1;0;1;1;0;1;4502
202203;Topptipset;X21X11X2;472760;1779;-1;-1;-1;186;-1;-1;-1;3;3;2;0;4;4;4;3;421;400;164;171;349;340;257;229;1;1;1;1;1;1;4503
202202;Topptipset Stryk;X11X1X11;3963564;8849;-1;-1;-1;370;-1;-1;-1;5;3;0;1;2;2;4;3;418;367;172;204;274;283;246;163;1;0;0;1;0;0;4486
202202;Topptipset Extra;21XX12XX;1727825;1910;-1;-1;-1;633;-1;-1;-1;2;4;2;0;3;3;1;3;451;442;149;164;335;320;302;278;1;1;0;1;1;0;4483
202202;Topptipset Extra;112X1X1X;2067826;1773;-1;-1;-1;816;-1;-1;-1;4;3;1;1;4;4;4;4;437;426;157;171;349;345;280;255;1;1;0;1;1;0;4489
202202;Topptipset;121XX112;1968818;3893;-1;-1;-1;354;-1;-1;-1;4;2;2;1;5;4;2;1;409;403;171;177;309;290;238;226;0;1;0;0;0;1;4480
202202;Topptipset;1122121X;2111593;1638;-1;-1;-1;902;-1;-1;-1;4;1;3;0;6;5;2;1;412;389;175;192;345;327;237;197;1;0;1;0;1;1;4481
202202;Topptipset;X2XX1212;1597452;9557;-1;-1;-1;117;-1;-1;-1;2;3;3;1;3;3;2;2;443;444;148;153;254;245;295;291;0;0;1;0;1;0;4484
202202;Topptipset;X111X2XX;1717372;6228;-1;-1;-1;193;-1;-1;-1;3;4;1;0;2;3;2;2;427;421;162;164;289;294;265;257;1;0;0;0;1;1;4487
202202;Topptipset;111122X2;334605;988;-1;-1;-1;237;-1;-1;-1;4;1;3;0;5;5;2;2;447;477;148;141;364;364;299;336;1;0;1;1;1;1;4490
202202;Topptipset;1XX12X21;436894;4247;-1;-1;-1;72;-1;-1;-1;3;3;2;0;4;4;3;3;440;438;149;159;337;327;291;279;1;0;1;1;0;1;4491
202201;Topptipset Stryk;X11XXXX1;3996667;15126;-1;-1;-1;218;-1;-1;-1;3;5;0;0;1;1;1;3;417;382;169;192;252;250;248;190;0;0;1;1;0;0;4474
202201;Topptipset Extra;11122111;2107512;646;-1;-1;-1;2283;-1;-1;-1;6;0;2;0;7;7;1;1;459;466;134;139;396;415;325;327;1;0;1;0;1;1;4477
202201;Topptipset;21X21221;1507188;2548;-1;-1;-1;414;-1;-1;-1;3;1;4;1;5;4;3;2;433;398;154;178;333;327;279;220;1;1;0;1;0;1;4467
202201;Topptipset;XXX11121;2088842;2906;-1;-1;-1;503;-1;-1;-1;4;3;1;0;4;4;1;2;417;388;172;196;310;294;245;192;1;0;0;0;1;0;4468
202201;Topptipset;122X12X2;1863164;8001;-1;-1;-1;163;-1;-1;-1;2;2;4;1;4;4;2;2;435;420;152;177;258;270;283;243;0;0;0;0;0;0;4471
202201;Topptipset;11X22122;1551809;14679;-1;-1;-1;74;-1;-1;-1;3;1;4;2;4;4;3;3;420;414;173;172;271;284;247;242;0;0;1;0;1;0;4472
202201;Topptipset;1X21221X;1554374;7884;-1;-1;-1;138;-1;-1;-1;3;2;3;0;4;4;2;2;444;437;154;161;306;303;290;276;1;0;0;1;0;0;4475
202201;Topptipset;1X21XX2X;295027;1290;-1;-1;-1;160;-1;-1;-1;2;4;2;0;3;4;0;0;442;449;149;151;330;334;293;298;1;1;0;1;1;0;4478
202201;Topptipset;X12XXX12;359563;7402;-1;-1;-1;34;-1;-1;-1;2;4;2;0;2;2;1;5;404;381;180;191;288;273;224;190;0;1;1;0;1;1;4479
202153;Topptipset Stryk;21X212X1;3567790;1270;-1;-1;-1;1966;-1;-1;-1;3;2;3;1;5;4;2;1;420;375;171;194;342;329;249;181;1;0;1;0;1;1;3778
202153;Topptipset Extra;2211XX22;2700123;354;-1;-1;-1;5325;-1;-1;-1;2;2;4;0;6;6;0;1;440;426;147;169;391;379;293;257;1;1;1;1;1;0;3782
202153;Topptipset;21111112;2461143;1520;-1;-1;-1;1133;-1;-1;-1;6;0;2;0;5;5;3;1;414;384;172;199;341;343;242;185;1;1;1;1;1;1;3779
202152;Topptipset Stryk;2121X121;2816711;488;-1;-1;-1;4034;-1;-1;-1;4;1;3;1;5;6;1;1;417;368;176;200;379;355;241;168;1;1;1;1;1;1;4464
202152;Topptipset Extra;X21221X1;1938725;898;-1;-1;-1;1511;-1;-1;-1;3;2;3;1;5;5;1;1;475;488;124;127;375;386;351;361;1;1;0;1;1;0;4460
202152;Topptipset Extra;X12122X2;1867700;20427;-1;-1;-1;64;-1;-1;-1;2;2;4;1;2;3;4;3;403;365;179;198;261;255;224;167;0;0;0;0;1;0;4466
202152;Topptipset;1X21X211;2216732;7532;-1;-1;-1;206;-1;-1;-1;4;2;2;0;4;3;1;1;406;386;178;190;292;278;228;196;0;1;0;0;1;0;4458
202152;Topptipset;X2122111;2163040;2986;-1;-1;-1;507;-1;-1;-1;4;1;3;0;4;4;2;0;418;380;167;193;315;322;251;187;1;0;1;1;0;1;4457
202152;Topptipset;12221112;2270433;752;-1;-1;-1;2112;-1;-1;-1;4;0;4;0;6;6;2;2;440;412;145;171;373;356;295;241;1;1;0;1;1;1;4461
202151;Topptipset Stryk;121212X1;3753658;471;-1;-1;-1;5577;-1;-1;-1;4;1;3;1;6;6;2;1;453;453;139;158;406;411;314;295;1;1;1;1;1;0;4422
202151;Topptipset Extra;2222211X;2088560;7346;-1;-1;-1;199;-1;-1;-1;2;1;5;1;5;5;1;3;427;394;163;198;326;299;264;196;0;1;1;0;1;1;4418
202151;Topptipset;22112X2X;1821636;8979;-1;-1;-1;142;-1;-1;-1;2;2;4;2;4;3;3;4;434;437;165;162;297;273;269;275;0;1;0;0;1;1;4416
202151;Topptipset;X1X11X12;1741115;475;-1;-1;-1;2563;-1;-1;-1;4;3;1;0;4;4;1;1;461;466;142;144;388;373;319;322;1;1;1;1;1;1;4419
202151;Topptipset;11X11X11;1733440;489;-1;-1;-1;2480;-1;-1;-1;6;2;0;0;5;5;1;1;459;500;134;134;395;419;325;366;1;1;1;1;1;1;4420
202151;Topptipset;11112X1X;929367;1253;-1;-1;-1;519;-1;-1;-1;5;2;1;0;4;4;1;2;409;377;177;197;335;314;232;180;1;1;0;1;1;0;4423
202151;Topptipset;12XX2XX1;785748;16667;-1;-1;-1;33;-1;-1;-1;2;4;2;0;1;2;4;5;392;352;181;207;249;249;211;145;1;0;0;1;0;0;4424
202150;Topptipset Extra;122XXXX1;1887764;15365;-1;-1;-1;86;-1;-1;-1;2;4;2;2;2;2;4;2;422;399;176;190;248;249;246;209;0;0;1;0;1;0;4407
202150;Topptipset Extra;XX22XX11;2255871;4233;-1;-1;-1;373;-1;-1;-1;2;4;2;0;3;3;2;2;432;418;164;174;298;306;268;244;1;0;0;1;0;0;4412
202150;Topptipset;12X1X211;1589930;2782;-1;-1;-1;400;-1;-1;-1;4;2;2;1;3;4;4;2;422;386;168;190;312;305;254;196;1;0;0;1;0;1;4404
202150;Topptipset;2X122112;2658757;2884;-1;-1;-1;732;-1;-1;-1;3;1;4;1;4;4;2;2;417;408;171;183;329;327;246;225;1;0;1;1;0;1;4405
202150;Topptipset;X1111121;2025832;4271;-1;-1;-1;332;-1;-1;-1;6;1;1;1;5;3;2;1;449;481;155;141;319;322;294;340;1;0;1;1;0;0;4410
202150;Topptipset;211X22X1;1553180;163;-1;-1;-1;6639;-1;-1;-1;3;2;3;1;6;5;0;0;455;479;149;139;423;429;306;340;1;1;1;1;1;1;4413
202150;Topptipset;2111221X;2987831;2066;-1;-1;-1;1012;-1;-1;-1;4;1;3;0;6;5;1;2;422;413;167;182;341;344;255;231;1;1;0;1;0;1;4414
202150;Topptipset;2X1X1211;354146;3873;-1;-1;-1;64;-1;-1;-1;4;2;2;1;4;5;2;1;448;465;156;154;328;344;292;311;0;1;1;0;1;1;4415
202149;Topptipset Stryk;1121X21X;3915237;551;-1;-1;-1;5876;-1;-1;-1;4;2;2;0;5;5;1;2;455;456;140;155;393;399;315;301;1;1;1;1;1;1;4398
202149;Topptipset Extra;1X21121X;2186205;6741;-1;-1;-1;227;-1;-1;-1;4;2;2;0;2;2;2;4;447;411;157;184;297;284;290;227;1;0;1;1;0;0;4394
202149;Topptipset Extra;11X1X122;2550014;6352;-1;-1;-1;281;-1;-1;-1;4;2;2;0;5;5;1;1;436;399;152;187;312;305;284;212;0;1;1;0;1;0;4400
202149;Topptipset;1XX111X1;2023558;11903;0;0;0;119;0;0;0;5;3;0;1;3;3;3;3;411;371;174;203;267;268;237;168;0;1;0;1;0;0;4392
202149;Topptipset;XXX2111X;1894388;7286;-1;-1;-1;182;-1;-1;-1;3;4;1;1;3;3;1;1;454;435;148;166;283;246;306;269;0;0;0;0;0;1;4396
202149;Topptipset;22111XX1;2754409;1628;-1;-1;-1;1184;-1;-1;-1;4;2;2;0;4;4;1;2;429;422;162;168;340;345;267;254;1;1;0;1;1;0;4395
202149;Topptipset;12X21212;1609897;2299;-1;-1;-1;490;-1;-1;-1;3;1;4;0;5;4;1;2;399;349;176;211;325;306;223;138;1;0;1;1;0;0;4401
202149;Topptipset;2X21212X;296162;2961;-1;-1;-1;70;-1;-1;-1;2;2;4;0;3;3;3;4;415;389;173;188;312;304;242;201;1;1;0;1;1;0;4402
202149;Topptipset;11112121;532012;70;-1;-1;-1;5309;-1;-1;-1;6;0;2;0;7;7;1;1;480;528;118;113;464;512;362;415;1;1;1;1;1;1;4403
202148;Topptipset Stryk;221XX121;4412733;405;-1;-1;-1;8841;-1;-1;-1;3;2;3;0;6;6;1;2;409;375;178;199;389;365;231;176;1;1;1;1;1;1;4386
202148;Topptipset Extra;22X2XX2X;2316574;266;-1;-1;-1;6091;-1;-1;-1;0;4;4;0;4;4;1;1;463;469;128;142;388;382;335;327;1;1;1;1;1;1;4382
202148;Topptipset Extra;111X22X1;2408540;248;-1;-1;-1;6792;-1;-1;-1;4;2;2;0;6;6;0;1;457;436;142;161;409;397;315;275;1;1;1;1;1;1;4388
202148;Topptipset;21XX2XX1;3038859;13430;-1;-1;-1;177;-1;-1;-1;2;4;2;0;2;3;0;1;423;384;159;186;249;254;264;198;0;0;0;0;0;0;4380
202148;Topptipset;1X2X1222;2003417;1797;-1;-1;-1;780;-1;-1;-1;2;2;4;0;5;5;1;2;416;388;171;196;333;319;245;192;1;0;1;1;0;1;4383
202148;Topptipset;11XX1111;2072122;547;-1;-1;-1;2649;-1;-1;-1;6;2;0;0;5;6;0;0;448;453;151;152;376;390;297;301;1;1;0;1;1;0;4384
202148;Topptipset;X1122X21;1973222;4543;-1;-1;-1;304;-1;-1;-1;3;2;3;0;3;4;2;1;425;386;163;190;294;301;262;196;1;0;1;1;0;0;4389
202148;Topptipset;222222X1;270848;1895;-1;-1;-1;100;-1;-1;-1;1;1;6;0;5;6;1;1;455;454;141;152;354;357;314;302;1;0;1;1;0;1;4390
202148;Topptipset;12XX1212;481521;1174;-1;-1;-1;287;-1;-1;-1;3;2;3;0;5;5;2;2;423;426;162;168;341;353;261;258;1;1;0;1;1;0;4391
202147;Topptipset Stryk;1X2X1X12;3502206;3653;-1;-1;-1;671;-1;-1;-1;3;3;2;0;3;4;1;1;416;377;170;200;302;311;246;177;1;0;1;1;0;0;4374
202147;Topptipset Extra;11221221;2225869;402;-1;-1;-1;3874;-1;-1;-1;4;0;4;0;7;7;1;1;444;442;158;160;396;399;286;282;1;1;0;1;0;1;4370
202147;Topptipset Extra;X1211112;2551714;1714;-1;-1;-1;1042;-1;-1;-1;5;1;2;1;6;6;1;1;461;456;137;152;365;362;324;304;1;0;0;1;0;0;4376
202147;Topptipset;X2211222;2768325;514;-1;-1;-1;4249;-1;-1;-1;2;1;5;0;6;7;2;2;406;370;177;200;378;357;229;170;1;1;1;1;1;1;4368
202147;Topptipset;X1X11XX2;2938157;3037;-1;-1;-1;677;-1;-1;-1;3;4;1;0;4;4;0;1;438;424;160;169;300;294;278;255;0;1;0;0;1;1;4371
202147;Topptipset;121111X2;2355186;733;-1;-1;-1;2249;-1;-1;-1;5;1;2;0;5;5;1;0;434;409;162;179;369;349;272;230;1;1;0;1;1;0;4372
202147;Topptipset;XXXX12X2;1909274;32597;-1;-1;-1;41;-1;-1;-1;1;5;2;0;0;1;1;1;426;389;158;183;214;232;268;206;0;0;0;0;0;0;4377
202147;Topptipset;22X2X22X;296170;4821;-1;-1;-1;43;-1;-1;-1;0;3;5;0;3;3;1;2;406;375;181;196;296;291;225;179;1;0;0;1;0;0;4378
202147;Topptipset;111X1X2X;501827;1190;-1;-1;-1;295;-1;-1;-1;4;3;1;0;4;4;3;3;426;411;164;178;349;339;262;233;1;0;1;1;1;1;4379
202146;Topptipset Stryk;11111XXX;4331960;22643;-1;-1;-1;156;-1;-1;-1;5;3;0;0;2;2;4;5;410;373;178;202;254;263;232;171;0;1;0;0;1;0;4362
202146;Topptipset Extra;1X222X2X;1999701;1510;-1;-1;-1;927;-1;-1;-1;1;3;4;0;4;4;1;1;453;440;134;153;343;344;319;287;0;1;1;1;0;1;4358
202146;Topptipset Extra;1122X212;2539161;155;-1;-1;-1;11457;-1;-1;-1;3;1;4;0;7;6;0;1;425;400;164;182;410;392;261;218;1;1;1;1;1;1;4364
202146;Topptipset;12X11121;2064935;3049;-1;-1;-1;474;-1;-1;-1;5;1;2;0;4;4;3;3;468;463;132;151;341;347;336;312;1;0;1;1;0;1;4354
202146;Topptipset;212XX112;1194611;8710;-1;-1;-1;96;-1;-1;-1;3;2;3;0;3;2;4;4;437;429;165;174;274;278;272;255;1;0;0;1;0;0;4359
202146;Topptipset;221212X2;1005145;63963;-1;-1;-1;11;-1;-1;-1;2;1;5;0;2;1;5;5;416;373;174;199;218;228;242;174;0;0;1;0;0;0;4360
202146;Topptipset;XX111XX2;1603409;3496;-1;-1;-1;321;-1;-1;-1;3;4;1;0;3;3;2;2;408;383;170;197;310;292;238;186;1;0;0;1;0;1;4365
202146;Topptipset;12111112;650365;351;-1;-1;-1;2005;-1;-1;-1;6;0;2;0;7;7;0;0;419;426;164;165;412;419;255;261;1;1;1;1;1;1;4366
202146;Topptipset;X1211111;821562;3699;-1;-1;-1;223;-1;-1;-1;6;1;1;1;5;5;1;0;404;394;182;192;315;318;222;202;0;1;1;0;1;1;4367
202145;Topptipset Stryk;XX111122;3235607;4361;-1;-1;-1;634;-1;-1;-1;4;2;2;0;5;5;1;1;472;475;127;130;325;328;345;345;0;0;1;0;1;0;4352
202145;Topptipset Extra;12XXX221;2211772;11909;-1;-1;-1;130;-1;-1;-1;2;3;3;0;3;4;2;1;478;446;125;150;304;308;353;296;1;0;1;1;0;0;4348
202145;Topptipset Extra;1X121221;2244777;881;-1;-1;-1;1783;-1;-1;-1;4;1;3;0;6;6;1;1;462;485;129;126;380;404;333;359;1;1;0;1;1;0;4356
202145;Topptipset;11X2221X;1583019;1031;-1;-1;-1;1074;-1;-1;-1;3;2;3;1;5;5;1;1;382;349;197;216;339;334;185;133;1;1;1;1;1;0;4346
202145;Topptipset;1X211X11;1435843;518;-1;-1;-1;1937;-1;-1;-1;5;2;1;0;6;6;1;2;429;419;169;178;371;366;260;241;1;1;0;1;0;1;4349
202145;Topptipset;211111X2;1381322;959;-1;-1;-1;1008;-1;-1;-1;5;1;2;0;5;6;1;0;411;361;174;201;358;350;237;160;1;1;1;1;1;1;4350
202145;Topptipset;X1121211;1762220;600;-1;-1;-1;2054;-1;-1;-1;5;1;2;0;6;6;1;0;442;436;153;161;376;387;289;275;1;1;0;1;0;1;4353
202144;Topptipset Stryk;12X22111;4241268;19059;-1;-1;-1;182;-1;-1;-1;4;1;3;0;3;3;3;3;416;381;175;196;223;242;241;185;0;0;0;0;0;0;4342
202144;Topptipset Extra;1X122122;2797497;207;-1;-1;-1;9424;-1;-1;-1;3;1;4;0;7;7;1;1;438;415;153;174;415;403;285;241;1;1;1;1;1;1;4338
202144;Topptipset Extra;1XX1121X;2792841;2788;-1;-1;-1;701;-1;-1;-1;4;3;1;0;4;4;3;3;425;398;167;186;329;321;258;212;1;1;0;1;0;1;4344
202144;Topptipset;11222112;3989615;3156;-1;-1;-1;964;-1;-1;-1;4;0;4;0;4;3;2;2;394;343;177;211;314;296;217;132;1;0;0;1;0;1;4336
202144;Topptipset;X211211X;3582192;1072;-1;-1;-1;2572;-1;-1;-1;4;2;2;0;5;5;3;3;458;464;142;146;385;391;316;318;1;1;1;1;1;1;4339
202144;Topptipset;X12212X2;2503192;8547;-1;-1;-1;205;-1;-1;-1;2;2;4;0;3;4;2;2;439;405;162;186;279;278;277;219;0;1;0;0;1;0;4340
202144;Topptipset;1X2X1112;2576231;3238;-1;-1;-1;634;-1;-1;-1;4;2;2;0;5;5;3;2;422;402;168;183;327;320;254;219;0;1;1;0;1;1;4345
202143;Topptipset Stryk;X2221121;4389366;3025;-1;-1;-1;1181;-1;-1;-1;3;1;4;0;5;7;1;0;402;374;184;200;317;314;218;174;0;1;1;0;1;1;4332
202143;Topptipset Extra;2X2X1X22;2304227;1326;-1;-1;-1;1216;-1;-1;-1;1;3;4;0;5;5;0;0;448;431;149;168;340;348;299;263;0;1;1;0;1;1;4328
202143;Topptipset Extra;222X2121;2715233;1791;-1;-1;-1;1061;-1;-1;-1;2;1;5;0;4;4;1;1;431;400;160;182;345;331;271;218;1;1;0;1;1;0;4334
202143;Topptipset;212122XX;3071287;3045;-1;-1;-1;788;-1;-1;-1;2;2;4;0;4;4;2;1;406;359;170;205;317;311;236;154;1;1;0;1;0;1;4326
202143;Topptipset;2211X11X;2996592;1893;-1;-1;-1;1240;-1;-1;-1;4;2;2;0;5;5;1;2;440;408;154;179;356;324;286;229;0;1;0;0;1;1;4329
202143;Topptipset;1X2X2XX1;2697508;4301;-1;-1;-1;439;-1;-1;-1;2;4;2;0;3;3;1;0;452;434;144;162;305;303;308;272;1;0;0;1;0;0;4330
202143;Topptipset;X1121X12;1918036;427;-1;-1;-1;3141;-1;-1;-1;4;2;2;0;6;5;2;1;413;379;175;192;382;351;238;187;1;1;1;1;1;1;4335
202142;Topptipset Stryk;2X2XX111;3994093;8788;-1;-1;-1;375;-1;-1;-1;3;3;2;0;3;3;2;2;420;397;166;187;295;293;254;210;1;1;0;1;0;0;4322
202142;Topptipset Extra;1122X2X2;2378314;485;-1;-1;-1;3431;-1;-1;-1;2;2;4;0;5;5;1;1;459;425;149;179;394;385;310;246;1;1;1;1;1;1;4318
202142;Topptipset Extra;212XX12X;2746543;6084;-1;-1;-1;316;-1;-1;-1;2;3;3;0;4;3;1;1;386;342;189;206;271;271;197;136;0;0;1;0;0;0;4325
202142;Topptipset;X2111X21;3131147;4152;-1;-1;-1;588;-1;-1;-1;4;2;2;0;4;4;2;1;438;423;152;173;306;316;286;250;1;1;0;1;1;0;4316
202142;Topptipset;21111221;3335090;129;-1;-1;-1;18036;-1;-1;-1;5;0;3;0;8;8;0;0;426;418;164;178;426;418;262;240;1;1;1;1;1;1;4319
202142;Topptipset;2212122X;2311131;382;-1;-1;-1;4228;-1;-1;-1;2;1;5;0;5;6;1;2;437;416;156;173;395;379;281;243;1;1;1;1;1;1;4320
202142;Topptipset;11X1XX12;2322789;685;-1;-1;-1;2736;-1;-1;-1;4;3;1;0;5;5;1;1;432;416;163;171;362;347;269;245;1;1;0;1;1;1;4323
202141;Topptipset Stryk;1212XX21;3614352;2560;-1;-1;-1;988;-1;-1;-1;3;2;3;0;4;4;3;2;428;383;156;192;331;309;272;191;1;1;0;1;1;1;4311
202141;Topptipset Extra;121XX122;2340768;4300;-1;-1;-1;381;-1;-1;-1;3;2;3;0;5;5;1;1;480;456;124;147;348;331;356;309;0;1;1;0;1;1;4307
202141;Topptipset Extra;2212X111;2540346;511;-1;-1;-1;3476;-1;-1;-1;4;1;3;0;4;7;0;0;398;374;178;199;373;359;220;175;1;1;1;1;1;1;4314
202141;Topptipset;12X12222;2495232;125;-1;-1;-1;13964;-1;-1;-1;2;1;5;0;6;6;0;0;487;513;105;112;445;459;382;401;1;1;0;1;1;0;4303
202141;Topptipset;X1X11111;1319390;129;-1;-1;-1;7139;-1;-1;-1;6;2;0;0;6;6;1;1;490;516;120;116;452;466;370;400;1;1;1;1;1;1;4309
202141;Topptipset;1111X111;1884380;309;-1;-1;-1;4256;-1;-1;-1;7;1;0;0;6;5;1;1;425;386;169;187;394;365;256;199;1;1;1;1;1;1;4315
202141;Topptipset;2X111111;1201428;96;-1;-1;-1;8671;-1;-1;-1;6;1;1;0;7;7;0;0;463;464;127;140;441;447;336;324;1;1;1;1;1;1;4312
202140;Topptipset Stryk;12212212;2909465;157;-1;-1;-1;12949;-1;-1;-1;3;0;5;0;7;7;1;1;462;434;129;155;440;419;333;279;1;1;1;1;1;1;4302
202140;Topptipset Extra;XX1X122X;2032863;706;-1;-1;-1;2013;-1;-1;-1;2;4;2;0;4;4;1;1;439;411;151;170;357;335;288;241;1;1;0;1;1;0;4297
202140;Topptipset Extra;211X1111;1883563;704;-1;-1;-1;1872;-1;-1;-1;6;1;1;0;6;6;1;1;428;397;153;178;367;358;275;219;1;1;1;1;1;0;4305
202140;Topptipset;XX211221;1973247;1378;-1;-1;-1;1002;-1;-1;-1;3;2;3;0;5;3;1;1;330;307;169;189;278;261;161;118;1;0;1;0;1;1;4295
202140;Topptipset;1X211XX1;1693084;2681;-1;-1;-1;442;-1;-1;-1;4;3;1;0;4;4;0;1;471;497;147;136;355;355;324;361;0;1;1;0;1;1;4298
202140;Topptipset;2222XX11;1157507;407;-1;-1;-1;1986;-1;-1;-1;2;2;4;0;5;4;2;2;470;500;135;127;407;415;335;373;1;1;1;1;1;1;4299
202140;Topptipset;22X1211X;1459202;1983;-1;-1;-1;515;-1;-1;-1;3;2;3;0;5;5;1;1;446;408;145;168;335;310;301;240;0;1;1;0;1;1;4300
202139;Topptipset Stryk;1X1X1211;3918804;598;-1;-1;-1;4582;-1;-1;-1;5;2;1;0;5;6;1;1;425;387;165;193;368;351;260;194;1;1;1;1;1;1;4291
202139;Topptipset Extra;111111X1;2524498;567;-1;-1;-1;3116;-1;-1;-1;7;1;0;0;5;5;2;1;427;419;165;174;374;382;262;245;1;1;1;1;1;1;4287
202139;Topptipset Extra;X12X2211;2880445;11930;-1;-1;-1;169;-1;-1;-1;3;2;3;0;3;3;5;4;408;379;176;200;264;267;232;179;0;0;1;0;0;1;4293
202139;Topptipset;2X1XX11X;3596031;3941;-1;-1;-1;702;-1;-1;-1;3;4;1;0;3;3;1;2;409;385;169;189;298;296;240;196;1;1;0;1;1;0;4285
202139;Topptipset;12212211;3725994;27746;-1;-1;-1;94;-1;-1;-1;4;0;4;0;2;3;4;2;433;428;155;168;264;269;278;260;0;0;1;0;1;0;4288
202139;Topptipset;11X2X112;2074610;753;-1;-1;-1;1927;-1;-1;-1;4;2;2;0;5;5;2;2;445;428;152;171;371;361;293;257;1;0;1;1;0;1;4289
202139;Topptipset;11111X1X;2690257;659;-1;-1;-1;3233;-1;-1;-1;6;2;0;0;5;5;1;1;433;420;153;170;368;370;280;250;1;1;1;1;1;0;4294
202138;Topptipset Stryk;X2X1X1X1;3845539;5206;-1;-1;-1;517;-1;-1;-1;3;4;1;0;4;4;0;1;431;387;163;191;289;279;268;196;0;0;1;0;0;1;4281
202138;Topptipset Extra;X22X1221;2209592;2037;-1;-1;-1;759;-1;-1;-1;2;2;4;0;5;5;2;2;439;440;160;159;327;328;279;281;0;1;1;1;0;0;4277
202138;Topptipset Extra;12X11211;2698698;1278;-1;-1;-1;1478;-1;-1;-1;5;1;2;0;5;4;2;3;390;378;190;191;340;338;200;187;1;1;0;1;1;0;4283
202138;Topptipset;11X2X22X;2979160;4633;-1;-1;-1;504;-1;-1;-1;2;3;3;0;3;3;1;0;439;428;153;163;294;294;286;265;0;1;0;0;0;1;4275
202138;Topptipset;121222XX;2979239;2243;-1;-1;-1;1041;-1;-1;-1;2;2;4;0;4;5;2;3;423;414;154;172;337;345;269;242;1;1;1;1;1;0;4278
202138;Topptipset;1XXXX221;2469826;2491;-1;-1;-1;694;-1;-1;-1;2;4;2;0;3;3;2;3;414;396;164;188;312;320;250;208;1;0;1;1;0;1;4279
202138;Topptipset;X1112121;1933317;499;-1;-1;-1;2711;-1;-1;-1;5;1;2;0;6;6;1;1;425;399;163;181;383;378;262;218;1;1;1;1;1;1;4284
202137;Topptipset Stryk;21X12X21;3296255;9694;-1;-1;-1;238;-1;-1;-1;3;2;3;0;4;4;2;3;433;411;160;184;298;304;273;227;0;1;1;0;1;1;4271
202137;Topptipset Extra;121X2XX2;2530604;3336;-1;-1;-1;531;-1;-1;-1;2;3;3;0;4;4;0;0;449;442;150;160;330;333;299;282;0;1;1;0;1;1;4267
202137;Topptipset Extra;221XX12X;2727112;2407;-1;-1;-1;793;-1;-1;-1;2;3;3;0;3;4;1;0;425;395;160;189;301;300;265;206;0;1;1;0;0;1;4273
202137;Topptipset;1X122221;2856887;1650;-1;-1;-1;1212;-1;-1;-1;3;1;4;0;5;6;1;1;423;369;161;198;344;317;262;171;0;1;1;1;0;0;4265
202137;Topptipset;221XXX1X;3850588;800;-1;-1;-1;3678;-1;-1;-1;2;4;2;0;4;4;1;2;446;421;152;171;365;347;294;250;1;0;1;1;0;1;4268
202137;Topptipset;12XXX2X1;2083751;6660;-1;-1;-1;219;-1;-1;-1;2;4;2;0;3;3;3;4;388;354;193;210;278;282;195;144;1;1;0;0;0;1;4269
202137;Topptipset;X2121X21;1890338;11213;-1;-1;-1;118;-1;-1;-1;3;2;3;0;3;3;3;5;420;404;164;181;272;259;256;223;0;1;0;0;1;0;4274
202136;Topptipset Stryk;2111X22X;3415638;194;-1;-1;-1;12294;-1;-1;-1;3;2;3;0;6;6;0;1;453;450;148;157;421;415;305;293;1;1;1;1;1;1;4261
202136;Topptipset Extra;111X1211;2120173;184;-1;-1;-1;8031;-1;-1;-1;6;1;1;0;6;6;1;1;482;498;108;121;438;450;374;377;1;1;1;1;1;1;4257
202136;Topptipset Extra;21121112;2652631;459;-1;-1;-1;4041;-1;-1;-1;5;0;3;0;6;6;2;2;431;394;157;192;382;358;274;202;1;1;1;1;1;1;4263
202136;Topptipset;X21X21X1;1519417;14569;-1;-1;-1;73;-1;-1;-1;3;3;2;0;3;2;3;4;414;366;163;199;263;253;251;167;0;1;0;0;0;1;4253
202136;Topptipset;1XX2X22X;3123514;1226;-1;-1;-1;1986;-1;-1;-1;1;4;3;0;3;3;1;2;506;518;104;118;379;376;402;400;1;1;1;1;1;1;4258
202136;Topptipset;11111211;1358377;40;-1;-1;-1;23564;-1;-1;-1;7;0;1;0;8;8;0;0;482;526;122;109;482;526;360;417;1;1;1;1;1;1;4259
202136;Topptipset;111X11X2;1832488;4261;-1;-1;-1;301;-1;-1;-1;5;2;1;0;4;4;2;2;419;381;162;196;302;304;257;185;1;0;0;1;0;0;4264
202135;Topptipset Stryk;X222X111;2639034;230;-1;-1;-1;8012;-1;-1;-1;3;2;3;0;5;5;1;1;491;519;104;113;423;429;387;406;1;1;1;1;1;1;4251
202135;Topptipset Extra;1222X111;2837493;305;-1;-1;-1;6507;-1;-1;-1;4;1;3;0;5;5;1;1;459;457;127;138;411;401;332;319;1;1;1;1;1;1;4247
202135;Topptipset Extra;1XX11X1X;2501482;1331;-1;-1;-1;1315;-1;-1;-1;4;4;0;1;3;3;1;1;427;385;156;187;337;317;271;198;1;1;0;1;1;0;4255
202135;Topptipset;21211121;1801889;6892;-1;-1;-1;183;-1;-1;-1;5;0;3;0;4;3;4;4;410;382;169;196;262;281;241;186;1;0;1;0;1;0;4243
202135;Topptipset;12XX1X2X;1639506;3903;-1;-1;-1;294;-1;-1;-1;2;4;2;0;3;2;2;2;437;463;159;154;301;275;278;309;1;0;0;1;0;0;4248
202135;Topptipset;1XX1XX11;3425561;3057;-1;-1;-1;866;-1;-1;-1;4;4;0;0;3;3;1;2;448;434;137;155;330;328;311;279;1;1;0;1;0;1;4249
202135;Topptipset;2121X1X1;1579193;1797;-1;-1;-1;615;-1;-1;-1;4;2;2;0;3;3;4;3;443;437;151;162;337;347;292;275;1;1;1;1;1;1;4252
202134;Topptipset Stryk;XXX2X2X1;4010472;6468;-1;-1;-1;434;-1;-1;-1;1;5;2;0;2;2;1;3;416;370;171;196;282;272;245;174;0;1;1;0;1;1;4241
202134;Topptipset Extra;12X11121;1918856;1490;-1;-1;-1;901;-1;-1;-1;5;1;2;0;4;5;1;1;410;378;175;191;332;326;235;187;1;0;1;1;0;1;4237
202134;Topptipset Extra;2X111211;2722936;1743;-1;-1;-1;1093;-1;-1;-1;5;1;2;0;5;5;2;2;450;422;143;168;359;352;307;254;1;1;1;1;1;0;4245
202134;Topptipset;1222X22X;2486732;7313;-1;-1;-1;238;-1;-1;-1;1;2;5;0;4;4;2;2;450;415;143;175;259;250;307;240;0;0;0;0;0;0;4233
202134;Topptipset;1X212222;3159381;1460;-1;-1;-1;1686;-1;-1;-1;2;1;5;0;6;7;1;0;389;367;199;203;338;342;190;164;1;1;0;1;0;1;4238
202134;Topptipset;222X21X2;2461663;788;-1;-1;-1;2184;-1;-1;-1;1;2;5;0;5;6;0;0;437;453;160;161;354;389;277;292;1;1;0;0;1;1;4239
202134;Topptipset;21121XXX;2267252;484;-1;-1;-1;3274;-1;-1;-1;3;3;2;0;5;4;1;2;436;411;149;177;370;352;287;234;1;1;1;1;1;0;4242
202133;Topptipset Stryk;X11X1211;3237699;203;-1;-1;-1;11111;-1;-1;-1;5;2;1;0;6;6;2;2;433;409;156;185;409;386;277;224;1;1;1;1;1;1;4231
202133;Topptipset Extra;111122XX;1759542;1279;-1;-1;-1;963;-1;-1;-1;4;2;2;0;5;5;1;1;474;477;126;139;362;373;348;338;1;1;1;1;1;0;4227
202133;Topptipset Extra;2X21X1X1;2631300;2048;-1;-1;-1;899;-1;-1;-1;3;3;2;0;4;5;2;2;420;382;166;190;332;310;254;192;0;1;1;0;1;1;4235
202133;Topptipset;21XXX212;2869996;4536;-1;-1;-1;498;-1;-1;-1;2;3;3;0;3;3;1;1;405;367;177;201;297;297;228;166;0;1;1;0;1;0;4223
202133;Topptipset;21222X21;1954395;1404;-1;-1;-1;974;-1;-1;-1;2;1;5;0;5;6;1;2;407;367;179;199;341;324;228;168;1;0;1;1;0;0;4228
202133;Topptipset;11112222;3474716;1012;-1;-1;-1;2648;-1;-1;-1;4;0;4;0;5;4;2;1;402;365;184;200;351;333;218;165;1;1;1;1;1;1;4229
202133;Topptipset;12X21211;2112825;527;-1;-1;-1;2805;-1;-1;-1;4;1;3;0;5;5;2;1;439;421;157;170;381;366;282;251;1;1;0;1;1;0;4232
202132;Topptipset Stryk;121121X2;3209075;223;-1;-1;-1;10058;-1;-1;-1;4;1;3;0;6;5;0;1;425;394;165;183;408;369;260;211;1;1;1;1;1;1;4221
202132;Topptipset Extra;21211112;1585534;284;-1;-1;-1;3895;-1;-1;-1;5;0;3;0;7;7;1;1;455;461;137;151;417;418;318;310;1;1;1;1;1;1;4186
202132;Topptipset Extra;12121122;2490010;1492;-1;-1;-1;1168;-1;-1;-1;4;0;4;0;5;5;3;1;446;428;147;168;347;339;299;260;1;0;1;1;1;1;4225
202132;Topptipset;2X112112;3026114;4853;-1;-1;-1;488;-1;-1;-1;4;1;3;0;4;4;2;2;407;381;174;194;302;301;233;187;0;1;1;1;0;0;4182
202132;Topptipset;2212X11X;3264956;1324;-1;-1;-1;1915;-1;-1;-1;3;2;3;0;5;5;2;3;415;380;172;199;350;318;243;181;1;0;1;1;0;1;4187
202132;Topptipset;XX1X1222;2145266;11731;-1;-1;-1;128;-1;-1;-1;2;3;3;0;3;3;3;3;422;404;163;181;281;276;259;223;1;0;0;1;0;0;4188
202132;Topptipset;1X112X2X;2233270;11579;-1;-1;-1;135;-1;-1;-1;3;3;2;0;2;2;4;4;387;353;192;210;243;238;195;143;0;0;0;0;0;1;4222
202131;Topptipset Stryk;11XXX12X;2558014;15436;-1;-1;-1;116;-1;-1;-1;3;4;1;0;2;2;2;2;337;304;161;192;238;236;176;112;0;1;0;1;0;0;4180
202131;Topptipset Extra;XX221X21;1613964;1837;-1;-1;-1;615;-1;-1;-1;2;3;3;0;4;4;0;1;434;419;162;171;343;340;272;248;1;0;1;1;0;1;4176
202131;Topptipset Extra;211X12X2;2198403;1962;-1;-1;-1;784;-1;-1;-1;3;2;3;0;4;4;3;2;418;407;160;177;339;339;258;230;1;1;0;1;1;0;4184
202131;Topptipset;2122X2XX;2817939;13388;-1;-1;-1;166;-1;-1;-1;1;3;4;0;1;1;2;1;402;372;180;200;252;252;222;172;0;1;0;1;0;0;4174
202131;Topptipset;1122XX11;2804320;2715;-1;-1;-1;815;-1;-1;-1;4;2;2;0;4;4;2;0;397;377;181;191;321;323;216;186;1;0;1;1;0;1;4177
202131;Topptipset;2X12XX2X;2109638;5218;-1;-1;-1;283;-1;-1;-1;1;4;3;0;3;3;2;3;400;385;184;182;279;268;216;203;0;1;0;0;1;0;4178
202131;Topptipset;XXX111XX;1769041;5269;-1;-1;-1;235;-1;-1;-1;3;5;0;0;3;3;0;2;428;402;161;183;278;270;267;219;0;0;1;0;0;1;4181
202130;Topptipset Stryk;X11XX122;2310856;13944;-1;-1;-1;116;-1;-1;-1;3;3;2;0;1;1;5;3;349;299;160;187;199;218;189;112;0;0;1;0;0;0;4171
202130;Topptipset Extra;2X111211;1670071;109;-1;-1;-1;10670;-1;-1;-1;5;1;2;0;7;7;1;1;446;456;150;152;438;448;296;304;1;1;1;1;1;1;4166
202130;Topptipset Extra;11XX112X;2118168;5574;-1;-1;-1;266;-1;-1;-1;4;3;1;0;3;4;2;2;416;363;171;201;284;296;245;162;1;0;1;0;1;1;4172
202130;Topptipset;1X2X1121;3182523;2125;-1;-1;-1;1166;-1;-1;-1;4;2;2;0;5;5;1;2;410;388;173;193;327;327;237;195;1;0;1;1;0;1;4164
202130;Topptipset;X22211XX;1943227;1231;-1;-1;-1;1105;-1;-1;-1;2;3;3;0;4;5;1;1;417;382;169;188;331;320;248;194;1;1;0;1;0;1;4167
202130;Topptipset;2111X121;1943599;17221;-1;-1;-1;79;-1;-1;-1;5;1;2;0;2;4;2;2;414;390;175;182;248;256;239;208;0;0;0;0;0;1;4168
202130;Topptipset;2211XX12;1551221;10054;-1;-1;-1;108;-1;-1;-1;3;2;3;0;4;4;2;2;458;451;136;144;279;283;322;307;0;1;0;0;1;0;4173
202129;Topptipset Stryk;12121X21;2395230;646;-1;-1;-1;2595;-1;-1;-1;4;1;3;0;6;6;2;2;387;347;189;216;351;320;198;131;1;1;1;1;1;1;4161
202129;Topptipset Extra;1XX111XX;1457664;224;-1;-1;-1;4535;-1;-1;-1;4;4;0;0;4;4;1;1;467;455;132;147;406;389;335;308;1;1;1;1;1;1;4156
202129;Topptipset Extra;1X211XX1;1651906;5752;-1;-1;-1;201;-1;-1;-1;4;3;1;0;4;4;2;2;442;403;151;186;297;291;291;217;0;1;0;0;1;0;4162
202129;Topptipset;1X1X21X2;1824450;1439;-1;-1;-1;887;-1;-1;-1;3;3;2;0;4;4;1;1;437;400;160;185;346;327;277;215;1;1;0;1;1;0;4154
202129;Topptipset;X1112121;1553925;1127;-1;-1;-1;965;-1;-1;-1;5;1;2;0;6;6;1;1;438;403;159;176;362;329;279;227;1;0;1;1;1;0;4157
202129;Topptipset;1111XX12;1883227;10379;-1;-1;-1;127;-1;-1;-1;5;2;1;0;4;4;3;3;434;391;158;192;295;299;276;199;0;1;1;0;1;0;4158
202129;Topptipset;X2X2121X;1757066;2515;-1;-1;-1;489;-1;-1;-1;2;3;3;0;3;3;3;3;425;396;161;176;310;312;264;220;1;1;0;1;1;0;4163
202128;Topptipset Stryk;111X1122;2184910;236;-1;-1;-1;6462;-1;-1;-1;5;1;2;0;6;6;0;1;440;414;153;175;406;389;287;239;1;1;1;1;1;1;4151
202128;Topptipset Extra;X2122212;1287941;3820;-1;-1;-1;236;-1;-1;-1;2;1;5;0;5;5;2;1;432;403;161;178;314;309;271;225;0;0;1;0;0;1;4146
202128;Topptipset Extra;11222X11;1539159;649;-1;-1;-1;1660;-1;-1;-1;4;1;3;0;5;4;1;0;409;384;176;185;365;355;233;199;1;1;1;1;1;1;4152
202128;Topptipset;2X22222X;1525859;3620;-1;-1;-1;295;-1;-1;-1;0;2;6;0;3;3;2;0;412;361;175;206;271;291;237;155;1;0;0;1;0;0;4144
202128;Topptipset;11212X21;1281983;478;-1;-1;-1;1875;-1;-1;-1;4;1;3;0;5;5;1;1;418;387;166;182;375;351;252;205;0;1;1;1;1;0;4147
202128;Topptipset;11221111;1255478;132;-1;-1;-1;6629;-1;-1;-1;6;0;2;0;7;7;1;1;470;507;129;130;446;476;341;377;1;1;1;1;1;1;4148
202128;Topptipset;2212122X;1144001;4085;-1;-1;-1;196;-1;-1;-1;2;1;5;0;5;5;2;2;471;468;132;140;353;358;339;328;1;0;1;0;1;1;4153
202127;Topptipset Stryk;1X11X11X;2220729;2499;-1;-1;-1;622;-1;-1;-1;5;3;0;0;3;3;2;2;422;383;168;195;316;303;254;188;1;1;0;1;1;0;4141
202127;Topptipset Extra;X1112112;1710268;93;-1;-1;-1;12853;-1;-1;-1;5;1;2;0;7;7;0;0;462;471;139;144;441;444;323;327;1;1;1;1;1;1;4136
202127;Topptipset Extra;X112211X;2155360;166;-1;-1;-1;9078;-1;-1;-1;4;2;2;0;7;5;0;0;446;437;145;158;418;394;301;279;1;1;1;1;1;1;4142
202127;Topptipset;1211X212;1780400;615;-1;-1;-1;2026;-1;-1;-1;4;1;3;0;5;4;1;1;421;406;163;171;377;369;258;235;1;1;0;1;1;1;4134
202127;Topptipset;XXX211X2;2179188;6029;-1;-1;-1;253;-1;-1;-1;2;4;2;0;2;2;2;2;459;462;135;141;294;310;324;321;1;0;1;1;0;1;4137
202127;Topptipset;2122XX22;1331149;3915;-1;-1;-1;238;-1;-1;-1;1;2;5;0;3;3;3;3;444;437;154;158;311;317;290;279;1;0;0;1;0;0;4138
202127;Topptipset;11212X21;1288975;1907;-1;-1;-1;473;-1;-1;-1;4;1;3;0;5;5;3;2;423;397;164;175;335;333;259;222;1;0;1;1;0;1;4143
202126;Topptipset Stryk;22122211;2468998;103;-1;-1;-1;16659;-1;-1;-1;3;0;5;0;7;7;0;0;453;440;143;156;442;427;310;284;1;1;1;1;1;1;4131
202126;Topptipset Extra;X1X1XX11;1329278;14538;-1;-1;-1;64;-1;-1;-1;4;4;0;0;2;3;3;1;428;415;163;177;280;290;265;238;1;0;0;1;0;0;4126
202126;Topptipset Extra;X11XX1X2;2039949;17629;-1;-1;-1;81;-1;-1;-1;3;4;1;0;3;3;2;4;415;368;175;202;256;262;240;166;0;0;0;0;0;1;4132
202126;Topptipset;XXX12121;3368707;3678;-1;-1;-1;777;-1;-1;-1;3;3;2;0;3;4;1;1;447;470;139;134;325;342;308;336;1;1;0;1;0;1;4124
202126;Topptipset;X112X21X;2514562;9617;-1;-1;-1;235;-1;-1;-1;3;3;2;0;3;3;3;3;346;326;206;227;269;272;140;99;1;0;0;0;0;1;4127
202126;Topptipset;12112X12;1664348;360;-1;-1;-1;3235;-1;-1;-1;4;1;3;0;7;6;0;0;426;427;153;162;389;393;273;265;1;1;1;1;0;1;4128
202126;Topptipset;X2X11222;2576846;238;-1;-1;-1;7570;-1;-1;-1;2;2;4;0;6;6;0;0;440;437;145;160;408;402;295;277;1;1;1;1;1;1;4133
202125;Topptipset Stryk;122111X1;2404359;1044;-1;-1;-1;1611;-1;-1;-1;5;1;2;0;5;5;2;2;467;475;140;142;385;390;327;333;1;1;1;1;1;1;4121
202125;Topptipset Extra;12XX2XX1;2207372;8443;-1;-1;-1;183;-1;-1;-1;2;4;2;0;3;2;1;1;452;452;152;151;314;298;300;301;0;1;1;0;1;1;4117
202125;Topptipset;2222X111;1503849;315;-1;-1;-1;3340;-1;-1;-1;3;1;4;0;5;5;2;0;450;455;139;147;402;414;311;308;1;1;1;1;1;1;4115
202125;Topptipset;21112XXX;1451040;9492;-1;-1;-1;107;-1;-1;-1;3;3;2;0;3;3;2;1;430;425;158;156;262;267;272;269;0;0;1;0;0;1;4118
202125;Topptipset;222X112X;1815407;586;-1;-1;-1;2166;-1;-1;-1;2;2;4;0;5;4;2;2;414;399;172;174;365;344;242;225;1;1;0;1;1;1;4119
202125;Topptipset;121XXX22;1541439;5533;-1;-1;-1;195;-1;-1;-1;2;3;3;0;3;3;2;1;430;433;163;163;277;300;267;270;0;0;1;0;0;1;4122
202125;Topptipset;2X2111X2;2615813;15922;-1;-1;-1;115;-1;-1;-1;3;2;3;0;3;3;2;2;439;406;152;171;243;254;287;235;0;0;0;0;0;0;4123
202124;Topptipset Stryk;2X1211X1;2262843;2399;-1;-1;-1;660;-1;-1;-1;4;2;2;0;6;6;0;1;425;394;170;190;324;318;255;204;0;1;1;0;1;0;4113
202124;Topptipset Extra;11211XXX;2174931;1522;-1;-1;-1;1000;-1;-1;-1;4;3;1;0;5;5;0;0;484;463;114;140;346;334;370;323;0;0;1;0;0;1;4107
202124;Topptipset Extra;11222221;2349015;87;-1;-1;-1;18812;-1;-1;-1;3;0;5;0;7;7;1;1;460;478;130;131;450;455;330;347;1;1;1;1;1;1;4114
202124;Topptipset;X2X1X221;2529341;8535;-1;-1;-1;266;-1;-1;-1;2;3;3;0;3;2;2;1;452;448;137;145;297;281;315;303;0;1;1;1;1;0;4105
202124;Topptipset;12X11122;1747019;234;-1;-1;-1;5224;-1;-1;-1;4;1;3;0;6;6;1;0;455;452;144;149;412;418;311;303;1;1;1;1;1;1;4108
202124;Topptipset;21X11XX1;1163396;999;-1;-1;-1;815;-1;-1;-1;4;3;1;0;5;5;0;0;472;471;123;137;363;352;349;334;1;0;0;1;0;0;4109
202124;Topptipset;1XX11X2X;1770023;5627;-1;-1;-1;309;-1;-1;-1;3;4;1;0;4;4;0;0;475;484;125;135;292;297;350;349;0;0;0;0;0;0;4110
202123;Topptipset Stryk;211X1211;2012751;2167;-1;-1;-1;650;-1;-1;-1;5;1;2;0;6;6;1;1;465;455;134;148;366;355;331;307;0;1;0;0;1;1;4103
202123;Topptipset Extra;2X211112;2618943;1866;-1;-1;-1;982;-1;-1;-1;4;1;3;0;6;6;1;2;454;443;131;148;369;370;323;295;0;1;1;0;1;1;4098
202123;Topptipset;1111X21X;1456639;131;-1;-1;-1;7736;-1;-1;-1;5;2;1;0;4;4;0;0;375;399;84;80;348;359;291;319;1;1;1;1;1;1;4096
202123;Topptipset;2XX11X2X;2064711;1112;-1;-1;-1;1524;-1;-1;-1;2;4;2;0;3;3;1;2;458;443;128;151;359;350;330;292;1;0;1;1;0;1;4099
202123;Topptipset;11X1X212;1660610;2856;-1;-1;-1;407;-1;-1;-1;4;2;2;0;2;3;2;1;413;401;177;162;313;334;236;239;1;0;1;1;1;0;4100
202123;Topptipset;11112111;1723745;273;-1;-1;-1;5317;-1;-1;-1;7;0;1;0;5;5;0;0;320;341;119;113;316;332;201;228;1;1;1;1;1;1;4101
202123;Topptipset;11111X22;2339375;715;-1;-1;-1;2638;-1;-1;-1;5;1;2;0;5;6;2;2;458;474;133;138;391;383;325;336;1;0;1;1;1;0;4104
202122;Topptipset Stryk;11XX2211;2479964;266;-1;-1;-1;6518;-1;-1;-1;4;2;2;0;6;5;0;1;444;432;147;159;406;387;297;273;1;1;1;1;1;1;4093
202122;Topptipset Extra;XX1112X1;1743809;1112;-1;-1;-1;1097;-1;-1;-1;4;3;1;0;4;4;1;2;469;480;124;137;367;364;345;343;1;1;1;1;1;1;4088
202122;Topptipset Extra;112X1121;1662231;276;-1;-1;-1;4211;-1;-1;-1;5;1;2;0;5;5;2;2;473;476;115;129;414;407;358;347;1;1;1;1;1;1;4094
202122;Topptipset;1XXXX21X;1408506;12324;-1;-1;-1;80;-1;-1;-1;2;5;1;0;2;2;0;1;421;394;172;189;240;252;249;205;0;0;1;0;0;0;4086
202122;Topptipset;XXXX2221;1611712;23504;-1;-1;-1;48;-1;-1;-1;1;4;3;0;2;2;2;3;418;373;169;196;244;249;249;177;0;1;0;0;0;0;4089
202122;Topptipset;X1112221;1561960;376;-1;-1;-1;2906;-1;-1;-1;4;1;3;0;6;6;1;1;449;461;145;149;396;399;304;312;1;0;1;1;0;1;4090
202122;Topptipset;X112XX11;1698364;1048;-1;-1;-1;1134;-1;-1;-1;4;3;1;0;4;5;0;0;439;448;148;152;349;340;291;296;0;1;1;0;1;1;4095
202121;Topptipset Stryk;211211X2;2784890;2588;-1;-1;-1;753;-1;-1;-1;4;1;3;0;4;4;3;2;423;376;167;186;322;315;256;190;1;1;1;1;1;1;4083
202121;Topptipset Extra;X21X1121;1573773;623;-1;-1;-1;1768;-1;-1;-1;4;2;2;0;4;4;1;2;431;425;167;172;375;357;264;253;1;1;1;1;1;1;4047
202121;Topptipset Extra;X1212112;1490684;7672;-1;-1;-1;136;-1;-1;-1;4;1;3;0;4;3;4;4;402;365;177;203;281;267;225;162;0;1;0;1;0;0;4084
202121;Topptipset;2112222X;1931395;5656;-1;-1;-1;239;-1;-1;-1;2;1;5;0;3;3;3;1;422;382;166;189;283;305;256;193;1;0;1;1;0;1;4045
202121;Topptipset;1XX2X111;1384031;4844;-1;-1;-1;200;-1;-1;-1;4;3;1;0;3;3;2;2;446;454;148;158;280;283;298;296;1;1;0;0;1;1;4048
202121;Topptipset;2X2211XX;1471167;4438;-1;-1;-1;232;-1;-1;-1;2;3;3;0;2;3;2;2;361;325;147;172;243;233;214;153;0;1;0;1;0;0;4049
202121;Topptipset;XX222211;1361521;7686;-1;-1;-1;124;-1;-1;-1;2;2;4;0;3;2;3;1;411;369;173;192;271;274;238;177;0;1;0;0;1;0;4085
202120;Topptipset Stryk;11211211;3355670;410;-1;-1;-1;5718;-1;-1;-1;6;0;2;0;6;5;1;3;459;495;142;138;399;398;317;357;1;1;0;1;1;0;4042
202120;Topptipset Extra;22121222;2095769;464;-1;-1;-1;3156;-1;-1;-1;2;0;6;0;6;6;1;1;448;451;151;156;389;405;297;295;1;1;0;1;0;1;4037
202120;Topptipset Extra;122221XX;2362402;551;-1;-1;-1;3000;-1;-1;-1;2;2;4;0;4;4;0;1;429;421;159;167;362;360;270;254;1;1;1;1;1;0;4043
202120;Topptipset;21X1X212;2681623;9068;-1;-1;-1;207;-1;-1;-1;3;2;3;0;2;3;3;4;423;380;163;191;280;274;260;189;1;1;0;1;1;0;4031
202120;Topptipset;1X212121;2742717;6363;-1;-1;-1;341;-1;-1;-1;4;1;3;0;4;4;2;2;406;399;174;179;276;277;232;220;0;0;1;0;0;1;4038
202120;Topptipset;1211X2X1;1969483;420;-1;-1;-1;3275;-1;-1;-1;4;2;2;0;5;5;1;2;432;409;164;179;380;364;268;230;1;1;1;1;1;1;4039
202120;Topptipset;XX111121;1592110;2022;-1;-1;-1;551;-1;-1;-1;5;2;1;0;3;3;2;1;357;316;156;177;267;256;201;139;0;1;1;1;0;0;4044
202119;Topptipset Stryk;2X111122;3463684;7697;-1;-1;-1;315;-1;-1;-1;4;1;3;0;3;3;3;3;421;385;171;192;270;275;250;193;1;0;0;1;0;0;4033
202119;Topptipset Extra;2122X121;2052531;676;-1;-1;-1;2125;-1;-1;-1;3;1;4;0;5;5;3;3;445;445;152;161;377;392;293;284;1;1;1;1;1;0;4027
202119;Topptipset Extra;122XX211;2245672;2772;-1;-1;-1;567;-1;-1;-1;3;2;3;0;5;5;2;2;472;486;130;134;351;351;342;352;1;0;0;1;0;0;4035
202119;Topptipset;11XX21X1;2737072;2372;-1;-1;-1;913;-1;-1;-1;4;3;1;0;4;4;0;0;399;385;185;197;316;304;214;188;0;1;0;1;0;1;4025
202119;Topptipset;2121X121;2502127;1928;-1;-1;-1;908;-1;-1;-1;4;1;3;0;5;6;1;0;422;429;168;171;334;356;254;258;0;1;1;0;1;1;4028
202119;Topptipset;2XXX222X;3310653;4141;-1;-1;-1;620;-1;-1;-1;0;4;4;0;4;3;2;3;409;379;171;190;308;306;238;189;1;0;1;1;0;1;4029
202119;Topptipset;21221XXX;2123053;7284;-1;-1;-1;204;-1;-1;-1;2;3;3;0;2;3;6;5;414;396;166;181;271;298;248;215;1;1;0;1;1;0;4030
202118;Topptipset Stryk;212X1XX1;3652849;5811;-1;-1;-1;440;-1;-1;-1;3;3;2;0;2;2;2;3;425;409;166;175;283;265;259;234;1;0;0;1;0;0;4022
202118;Topptipset Extra;1X22X1X1;2081407;15020;-1;-1;-1;97;-1;-1;-1;3;3;2;0;2;3;3;2;401;372;184;201;263;263;217;171;0;1;0;0;1;0;4017
202118;Topptipset Extra;21222X12;2681008;3893;-1;-1;-1;482;-1;-1;-1;2;1;5;0;4;4;3;3;430;410;160;183;307;292;270;227;1;0;0;1;1;0;4023
202118;Topptipset;11XX2211;2360525;5229;-1;-1;-1;316;-1;-1;-1;4;2;2;0;4;4;3;2;403;365;181;202;314;301;222;163;0;1;1;0;1;1;4015
202118;Topptipset;11X1X112;2490238;597;-1;-1;-1;2916;-1;-1;-1;5;2;1;0;5;5;3;3;404;367;172;198;364;339;232;169;1;1;1;1;1;1;4018
202118;Topptipset;X11XXX2X;1476603;8685;-1;-1;-1;119;-1;-1;-1;2;5;1;0;1;2;5;1;366;345;209;222;235;250;157;123;0;0;0;0;0;0;4019
202118;Topptipset;2121111X;2245087;6575;-1;-1;-1;239;-1;-1;-1;5;1;2;0;4;4;2;1;434;418;160;174;301;299;274;244;1;0;0;0;1;1;4024
202117;Topptipset Stryk;1121X12X;3670150;5560;-1;-1;-1;462;-1;-1;-1;4;2;2;0;3;3;3;3;387;359;188;210;288;300;199;149;1;0;1;1;0;0;4012
202117;Topptipset Extra;X12XX1XX;2063468;21558;-1;-1;-1;67;-1;-1;-1;2;5;1;0;2;1;1;2;432;394;167;189;252;249;265;205;0;0;1;0;0;1;4007
202117;Topptipset Extra;12112X21;2801542;352;-1;-1;-1;5560;-1;-1;-1;4;1;3;1;6;5;0;0;439;452;149;151;397;396;290;301;1;1;1;1;1;1;4013
202117;Topptipset;11221121;2420197;5149;-1;-1;-1;329;-1;-1;-1;5;0;3;0;5;5;3;3;457;439;142;159;320;313;315;280;1;0;0;1;0;1;4005
202117;Topptipset;2X12X2XX;2484242;1978;-1;-1;-1;879;-1;-1;-1;1;4;3;0;4;4;0;0;440;445;151;161;324;343;289;284;0;1;1;0;1;1;4008
202117;Topptipset;11212X12;2302597;48842;-1;-1;-1;33;-1;-1;-1;4;1;3;0;2;2;4;3;358;330;105;122;173;180;253;208;0;1;0;0;1;0;4009
202117;Topptipset;XX1X212X;2065801;1526;-1;-1;-1;947;-1;-1;-1;2;4;2;0;4;4;0;0;438;425;154;161;331;319;284;264;0;1;1;1;0;1;4014
202116;Topptipset Stryk;21122X11;3737269;3904;-1;-1;-1;670;-1;-1;-1;4;1;3;0;4;3;1;3;415;386;169;190;320;297;246;196;1;0;1;1;0;1;4002
202116;Topptipset Extra;21X112XX;2000674;622;-1;-1;-1;2250;-1;-1;-1;3;3;2;0;5;4;2;2;454;450;140;155;394;372;314;295;1;1;1;1;1;1;3997
202116;Topptipset Extra;XX1X1211;2725300;3244;-1;-1;-1;588;-1;-1;-1;4;3;1;0;3;3;1;1;454;447;139;159;323;313;315;288;1;1;0;1;0;1;4003
202116;Topptipset;X1211XXX;2239779;12345;-1;-1;-1;127;-1;-1;-1;3;4;1;0;2;2;1;1;423;395;170;184;257;262;253;211;0;0;0;0;0;0;3995
202116;Topptipset;X11X2112;2922106;4062;-1;-1;-1;565;-1;-1;-1;4;2;2;0;3;2;1;2;435;404;156;177;305;287;279;227;1;0;0;1;0;0;3998
202116;Topptipset;1X111111;2769211;163;-1;-1;-1;13419;-1;-1;-1;7;1;0;0;7;7;0;0;453;444;150;162;428;412;303;282;1;1;1;1;1;1;3999
202116;Topptipset;222111X1;2104291;4646;-1;-1;-1;317;-1;-1;-1;4;1;3;0;4;5;3;2;395;372;180;194;312;306;215;178;0;1;1;0;1;1;4004
202115;Topptipset Stryk;11211121;3341912;739;-1;-1;-1;3163;-1;-1;-1;6;0;2;0;6;6;2;2;430;384;158;194;367;336;272;190;1;1;0;1;1;1;3992
202115;Topptipset Extra;2212X1XX;2173343;10279;-1;-1;-1;148;-1;-1;-1;2;3;3;0;2;3;3;3;397;346;179;205;235;252;218;141;0;0;1;0;0;0;3987
202115;Topptipset Extra;1111XX21;2345470;1205;-1;-1;-1;1362;-1;-1;-1;5;2;1;0;5;5;2;1;424;387;170;192;354;343;254;195;1;1;0;1;0;1;3993
202115;Topptipset;1XXX1X22;3289724;4956;-1;-1;-1;515;-1;-1;-1;2;4;2;0;3;3;2;1;401;365;176;206;285;271;225;159;1;0;0;0;1;1;3985
202115;Topptipset;X2X22121;1731066;6694;-1;-1;-1;181;-1;-1;-1;2;2;4;1;4;4;4;4;429;416;166;175;307;298;263;241;1;0;1;1;0;0;3988
202115;Topptipset;X1212211;2271892;365;-1;-1;-1;4351;-1;-1;-1;4;1;3;0;5;5;1;1;422;401;168;179;388;368;254;222;1;1;1;1;1;1;3989
202115;Topptipset;XXXX1111;1856333;14279;-1;-1;-1;91;-1;-1;-1;4;4;0;0;3;3;1;1;448;422;151;169;267;265;297;253;0;1;0;0;1;0;3994
202114;Topptipset Stryk;1211XX2X;3554379;420;-1;-1;-1;5912;-1;-1;-1;3;3;2;0;5;4;1;2;432;382;163;192;378;351;269;190;1;1;1;1;1;1;3982
202114;Topptipset Extra;2211X122;2164519;1552;-1;-1;-1;976;-1;-1;-1;3;1;4;0;4;4;2;1;437;407;158;185;338;337;279;222;1;1;0;1;0;1;3978
202114;Topptipset Extra;2212122X;2665239;191;-1;-1;-1;9734;-1;-1;-1;2;1;5;0;6;6;0;0;436;399;155;187;409;377;281;212;1;1;1;1;1;1;3983
202114;Topptipset;X2221112;3005024;1655;-1;-1;-1;1271;-1;-1;-1;3;1;4;0;5;5;1;1;400;338;179;216;321;292;221;122;0;1;0;0;1;1;3972
202114;Topptipset;111X1X22;2439087;509;-1;-1;-1;3348;-1;-1;-1;4;2;2;0;5;6;0;0;446;432;148;160;373;378;298;272;1;1;0;1;1;0;3973
202114;Topptipset;2X222111;2123365;2607;-1;-1;-1;570;-1;-1;-1;3;1;4;0;4;4;3;1;434;408;158;175;320;320;276;233;0;1;1;1;0;0;3979
202114;Topptipset;21112121;2137824;428;-1;-1;-1;3493;-1;-1;-1;5;0;3;0;6;7;0;0;394;349;181;205;369;346;213;144;1;1;1;1;1;1;3984
202113;Topptipset Stryk;212X22XX;3710101;3016;-1;-1;-1;861;-1;-1;-1;1;3;4;0;4;4;1;1;451;440;140;155;337;321;311;285;1;0;1;1;1;0;3974
202113;Topptipset Extra;121XX222;2036611;77;-1;-1;-1;18476;-1;-1;-1;2;2;4;0;6;6;0;0;501;532;109;102;468;478;392;430;1;1;1;1;1;1;3967
202113;Topptipset Extra;1X1X111X;2462012;3907;-1;-1;-1;441;-1;-1;-1;5;3;0;0;3;3;2;2;415;373;172;198;297;296;243;175;1;0;0;0;1;0;3976
202113;Topptipset;11X2111X;1264833;8853;-1;-1;-1;100;-1;-1;-1;5;2;1;0;3;3;3;3;444;438;140;155;276;290;304;283;1;0;0;1;0;0;3965
202113;Topptipset;21111X21;2212283;1609;-1;-1;-1;962;-1;-1;-1;5;1;2;0;4;4;2;3;440;415;146;164;352;346;294;251;1;1;1;1;1;1;3968
202113;Topptipset;X211X121;2039509;763;-1;-1;-1;2197;-1;-1;-1;4;2;2;1;6;6;0;0;437;405;154;180;366;337;283;225;1;0;1;1;0;1;3969
202113;Topptipset;12211X11;2673322;1538;-1;-1;-1;1216;-1;-1;-1;5;1;2;0;5;5;2;2;418;369;169;205;312;289;249;164;0;0;1;0;1;1;3971
202112;Topptipset Stryk;2XX2XXX2;3396328;44026;-1;-1;-1;54;-1;-1;-1;0;5;3;0;1;1;2;3;436;414;148;174;231;235;288;240;0;0;1;0;0;0;3962
202112;Topptipset Extra;1XXX211X;1912665;8264;-1;-1;-1;162;-1;-1;-1;3;4;1;0;3;3;2;2;466;452;127;143;300;292;339;309;0;1;0;0;1;1;3957
202112;Topptipset Extra;22222XX1;2755072;125;-1;-1;-1;15400;-1;-1;-1;1;2;5;0;5;5;2;2;476;499;120;122;441;446;356;377;1;1;1;1;1;1;3963
202112;Topptipset;11211X22;1464329;4767;-1;-1;-1;215;-1;-1;-1;4;1;3;0;3;3;3;3;386;362;185;203;305;298;201;159;1;0;0;1;0;0;3955
202112;Topptipset;1221X11X;1530141;22789;-1;-1;-1;47;-1;-1;-1;4;2;2;0;0;0;5;5;382;331;195;225;204;232;187;106;0;0;0;0;0;0;3958
202112;Topptipset;1X1XX121;2976420;2877;-1;-1;-1;724;-1;-1;-1;4;3;1;0;4;4;1;2;484;470;124;146;358;355;360;324;1;0;1;1;1;0;3959
202112;Topptipset;X22211X1;1578273;6576;-1;-1;-1;168;-1;-1;-1;3;2;3;0;4;4;3;3;434;422;153;156;316;313;281;266;1;0;0;1;0;1;3964
202111;Topptipset Stryk;21122X12;3654182;1652;-1;-1;-1;1548;-1;-1;-1;3;1;4;0;3;3;2;2;420;365;167;200;324;322;253;165;1;1;0;1;1;0;3952
202111;Topptipset Extra;1111X21X;2290935;803;-1;-1;-1;1997;-1;-1;-1;5;2;1;0;5;5;3;2;439;400;156;182;377;353;283;218;1;1;0;1;1;1;3947
202111;Topptipset Extra;X2122122;2736317;733;-1;-1;-1;2610;-1;-1;-1;2;1;5;0;6;5;2;1;387;351;191;215;347;325;196;136;1;1;1;1;1;1;3953
202111;Topptipset;212X1221;2227941;1275;-1;-1;-1;1223;-1;-1;-1;3;1;4;0;4;5;2;1;425;407;168;176;349;360;257;231;1;0;1;1;0;1;3945
202111;Topptipset;111X1X12;3750722;528;-1;-1;-1;5442;-1;-1;-1;5;2;1;0;5;5;0;1;424;393;169;188;373;361;255;205;1;1;1;1;1;1;3948
202111;Topptipset;21221221;3413176;9493;-1;-1;-1;278;-1;-1;-1;3;0;5;0;3;4;4;2;423;418;169;172;280;305;254;246;0;1;1;0;1;1;3949
202111;Topptipset;21222XX1;2251252;1049;-1;-1;-1;1501;-1;-1;-1;2;2;4;0;4;4;3;2;415;372;170;193;352;341;245;179;1;1;1;1;1;1;3954
202110;Topptipset Stryk;2212222X;3977083;8212;-1;-1;-1;339;-1;-1;-1;1;1;6;0;3;3;5;4;418;355;165;209;277;286;253;146;1;0;0;1;0;0;3942
202110;Topptipset Extra;1X1X122X;2193855;841;-1;-1;-1;1826;-1;-1;-1;3;3;2;0;4;3;4;3;407;373;172;195;353;329;235;178;1;1;1;1;1;1;3906
202110;Topptipset Extra;11122111;2760086;2406;-1;-1;-1;803;-1;-1;-1;6;0;2;0;5;6;2;2;438;426;150;159;337;342;288;267;1;1;0;1;1;0;3943
202110;Topptipset;1111211X;2580777;155;-1;-1;-1;11647;-1;-1;-1;6;1;1;0;7;7;0;1;420;402;174;183;409;384;246;219;1;1;1;1;1;1;3904
202110;Topptipset;X11X1122;2953789;452;-1;-1;-1;4565;-1;-1;-1;4;2;2;0;6;5;1;1;433;404;155;171;386;359;278;233;1;1;0;1;1;1;3907
202110;Topptipset;XX212111;2406176;203;-1;-1;-1;8263;-1;-1;-1;4;2;2;0;6;6;0;0;455;449;141;150;407;397;314;299;1;0;1;1;1;1;3908
202110;Topptipset;X2111XX2;3019921;5523;-1;-1;-1;428;-1;-1;-1;3;3;2;0;3;4;2;1;426;423;163;173;295;290;263;250;1;0;0;1;0;0;3944
202109;Topptipset Stryk;X2221211;3974265;1526;-1;-1;-1;1822;-1;-1;-1;3;1;4;0;6;5;2;2;375;324;190;230;335;303;185;94;1;1;1;1;1;0;3901
202109;Topptipset Extra;XX1X12X1;2465319;4178;-1;-1;-1;413;-1;-1;-1;3;4;1;0;2;3;2;2;427;401;163;181;279;289;264;220;0;1;0;0;1;0;3896
202109;Topptipset Extra;2212X1XX;3002043;10888;-1;-1;-1;193;-1;-1;-1;2;3;3;0;4;3;3;3;434;421;156;169;301;284;278;252;0;1;1;1;1;0;3902
202109;Topptipset;1X1211X1;2526041;10781;-1;-1;-1;164;-1;-1;-1;5;2;1;0;3;3;3;2;436;404;156;187;287;274;280;217;0;1;0;0;1;1;3892
202109;Topptipset;1211X221;4747913;1008;-1;-1;-1;3792;-1;-1;-1;4;1;3;0;6;6;2;2;403;382;179;196;357;346;224;186;1;1;0;1;0;1;3897
202109;Topptipset;2222X1X2;3112024;1832;-1;-1;-1;1189;-1;-1;-1;1;2;5;0;4;4;2;1;434;414;152;179;335;323;282;235;1;0;0;1;0;1;3898
202109;Topptipset;X1XX1X2X;2372995;10317;-1;-1;-1;161;-1;-1;-1;2;5;1;1;2;2;4;4;412;372;171;192;259;264;241;180;1;0;0;1;0;0;3903
202108;Topptipset Stryk;2X111X1X;3906583;7596;-1;-1;-1;360;-1;-1;-1;4;3;1;0;2;2;3;2;412;357;173;203;280;272;239;154;1;0;0;1;1;0;3890
202108;Topptipset Extra;11XX1211;2225792;1843;-1;-1;-1;845;-1;-1;-1;5;2;1;0;5;5;1;1;458;426;147;168;330;317;311;258;0;0;1;0;0;1;3886
202108;Topptipset Extra;X2121222;2725953;270;-1;-1;-1;7045;-1;-1;-1;2;1;5;0;6;6;1;1;418;384;167;192;391;361;251;192;1;1;1;1;1;1;3894
202108;Topptipset;2222XX12;1965043;19104;-1;-1;-1;72;-1;-1;-1;1;2;5;0;3;2;3;3;427;383;163;182;243;239;264;201;0;0;0;0;0;0;3884
202108;Topptipset;2221221X;2903551;6013;-1;-1;-1;338;-1;-1;-1;2;1;5;0;4;5;3;2;427;370;166;194;306;291;261;176;0;1;0;0;1;1;3887
202108;Topptipset;22111X22;3511161;502;-1;-1;-1;5385;-1;-1;-1;3;1;4;0;5;5;1;2;423;378;168;197;375;344;255;181;1;1;1;1;1;1;3888
202108;Topptipset;XX1X221X;2348988;18269;-1;-1;-1;90;-1;-1;-1;2;4;2;1;2;2;2;2;399;358;184;206;254;248;215;152;0;0;0;0;0;0;3891
202107;Topptipset Stryk;21X21111;3711455;4715;-1;-1;-1;551;-1;-1;-1;5;1;2;0;4;4;2;2;432;378;156;195;307;279;276;183;0;1;1;0;1;0;3881
202107;Topptipset Extra;122XX111;2236488;2899;-1;-1;-1;540;-1;-1;-1;4;2;2;0;4;4;3;2;427;381;161;193;318;316;266;188;1;1;0;1;0;1;3876
202107;Topptipset Extra;21221XX1;2582613;454;-1;-1;-1;3978;-1;-1;-1;3;2;3;0;6;6;0;1;437;437;158;163;380;387;279;274;1;1;0;1;0;1;3882
202107;Topptipset;11211111;2153880;58;-1;-1;-1;25761;-1;-1;-1;7;0;1;0;8;8;0;0;454;447;138;147;454;447;316;300;1;1;1;1;1;1;3874
202107;Topptipset;22212212;3779241;325;-1;-1;-1;8891;-1;-1;-1;2;0;6;0;7;7;1;1;406;359;182;205;368;326;224;154;0;1;1;0;1;1;3877
202107;Topptipset;2X2XX212;2658531;4538;-1;-1;-1;410;-1;-1;-1;1;3;4;0;3;3;2;1;406;385;183;193;301;301;223;192;1;0;0;1;0;0;3878
202107;Topptipset;111222X1;2742804;275;-1;-1;-1;7886;-1;-1;-1;4;1;3;0;7;7;1;1;414;383;174;187;393;367;240;196;1;1;1;1;1;1;3883
202106;Topptipset Stryk;12X11221;3886597;560;-1;-1;-1;4858;-1;-1;-1;4;1;3;1;5;5;3;2;424;383;151;187;383;361;273;196;1;1;1;1;1;1;3871
202106;Topptipset Extra;X1121121;2156926;207;-1;-1;-1;7276;-1;-1;-1;5;1;2;0;6;6;2;1;430;406;159;183;411;382;271;223;1;1;1;1;1;1;3866
202106;Topptipset Extra;1X211221;2652592;1086;-1;-1;-1;1709;-1;-1;-1;4;1;3;0;6;5;1;1;453;452;142;156;360;369;311;296;0;1;1;0;1;1;3872
202106;Topptipset;1X12X2X1;2283723;4440;-1;-1;-1;360;-1;-1;-1;3;3;2;1;3;3;2;0;430;414;158;174;299;308;272;240;1;0;0;1;0;0;3864
202106;Topptipset;X1X121X1;3719539;3195;-1;-1;-1;893;-1;-1;-1;4;3;1;0;4;4;2;3;410;368;167;199;321;297;243;169;1;0;1;1;0;1;3867
202106;Topptipset;22X211XX;2734944;3668;-1;-1;-1;590;-1;-1;-1;2;3;3;1;2;3;2;2;413;391;170;190;288;304;243;201;1;0;0;1;0;0;3868
202106;Topptipset;211XX1X2;2074241;5006;-1;-1;-1;290;-1;-1;-1;3;3;2;0;2;2;2;2;428;415;155;169;311;310;273;246;1;1;0;1;1;0;3873
202105;Topptipset Stryk;X1XX2X21;3903907;9555;-1;-1;-1;286;-1;-1;-1;2;4;2;0;1;2;1;1;377;361;180;205;259;265;197;156;0;0;1;0;0;1;3861
202105;Topptipset Extra;222221XX;2239208;6531;-1;-1;-1;240;-1;-1;-1;1;2;5;0;3;3;2;2;451;446;149;155;324;322;302;291;1;1;0;1;0;1;3856
202105;Topptipset Extra;22X21X12;2738967;560;-1;-1;-1;3418;-1;-1;-1;2;2;4;0;6;6;0;0;407;358;174;208;364;338;233;150;1;1;1;1;1;0;3862
202105;Topptipset;21121XX1;2230872;2417;-1;-1;-1;646;-1;-1;-1;4;2;2;0;4;3;1;1;419;400;164;177;335;320;255;223;1;1;0;1;1;0;3854
202105;Topptipset;1121X1X2;3652324;4055;-1;-1;-1;692;-1;-1;-1;4;2;2;0;3;3;3;1;392;357;187;210;290;302;205;147;1;0;1;1;0;0;3857
202105;Topptipset;2X2X1221;2236676;1888;-1;-1;-1;829;-1;-1;-1;2;2;4;0;5;5;2;2;429;418;163;170;344;344;266;248;0;1;1;0;1;1;3858
202105;Topptipset;21122122;2211722;2563;-1;-1;-1;604;-1;-1;-1;3;0;5;0;5;6;2;2;406;376;167;191;338;335;239;185;1;0;1;0;1;1;3863
202104;Topptipset Stryk;X112XX2X;3766113;1734;-1;-1;-1;1520;-1;-1;-1;2;4;2;0;3;3;2;1;394;370;182;205;333;314;212;165;1;0;0;1;1;0;3851
202104;Topptipset Extra;XX21XX1X;2286113;72739;-1;-1;-1;22;-1;-1;-1;2;5;1;0;1;1;4;5;418;396;167;187;208;218;251;209;0;0;0;0;0;0;3846
202104;Topptipset Extra;22121X21;2685050;3122;-1;-1;-1;602;-1;-1;-1;3;1;4;0;4;4;3;3;433;384;158;193;323;311;275;191;1;1;0;1;1;1;3852
202104;Topptipset;21222221;2159277;832;-1;-1;-1;1815;-1;-1;-1;2;0;6;0;5;6;1;1;402;362;177;196;362;340;225;166;1;1;0;1;1;1;3844
202104;Topptipset;12222X12;2721255;219;-1;-1;-1;8675;-1;-1;-1;2;1;5;0;7;7;0;0;422;400;174;189;403;389;248;211;1;1;1;1;1;1;3847
202104;Topptipset;212X2X21;1893828;370;-1;-1;-1;3576;-1;-1;-1;2;2;4;0;6;6;2;2;417;410;173;177;388;383;244;233;1;1;1;1;1;1;3848
202104;Topptipset;11X2121X;1909233;1810;-1;-1;-1;738;-1;-1;-1;4;2;2;0;4;3;2;2;391;384;187;190;333;333;204;194;1;1;1;1;1;1;3853
202103;Topptipset Stryk;11112112;3174452;337;-1;-1;-1;6593;-1;-1;-1;6;0;2;0;5;5;2;1;448;449;150;156;402;414;298;293;1;1;1;1;1;1;3841
202103;Topptipset Extra;21111X1X;2164920;1053;-1;-1;-1;1439;-1;-1;-1;5;2;1;0;5;5;2;2;444;419;146;166;359;352;298;253;1;1;0;1;0;1;3836
202103;Topptipset Extra;11221211;2511396;550;-1;-1;-1;3192;-1;-1;-1;5;0;3;0;6;5;1;2;432;411;162;172;382;360;270;239;1;1;1;1;1;1;3842
202103;Topptipset;121112X1;1957620;204;-1;-1;-1;6716;-1;-1;-1;5;1;2;0;6;7;0;1;440;418;146;166;412;400;294;252;1;1;1;1;1;1;3834
202103;Topptipset;111111X1;3493542;2083;-1;-1;-1;1294;-1;-1;-1;7;1;0;1;4;4;1;2;400;360;179;205;330;316;221;155;1;1;0;1;1;1;3837
202103;Topptipset;2X21X111;2041519;4304;-1;-1;-1;332;-1;-1;-1;4;2;2;0;5;5;2;2;453;442;144;155;340;349;309;287;0;1;1;0;1;1;3838
202103;Topptipset;211XX211;1919533;3641;-1;-1;-1;369;-1;-1;-1;4;2;2;0;2;2;2;2;388;375;188;201;306;306;200;174;1;0;0;1;0;0;3843
202102;Topptipset Stryk;1221X221;3620181;776;-1;-1;-1;3263;-1;-1;-1;3;1;4;0;5;6;1;0;417;378;165;192;361;346;252;186;1;1;1;1;1;1;3830
202102;Topptipset Extra;1X1X1211;1922661;753;-1;-1;-1;1786;-1;-1;-1;5;2;1;2;6;6;0;1;467;471;135;144;382;403;332;327;1;1;0;1;0;1;3826
202102;Topptipset Extra;X211XX12;2493352;4821;-1;-1;-1;362;-1;-1;-1;3;3;2;0;3;4;1;1;443;439;153;164;305;304;290;275;1;0;0;1;0;1;3832
202102;Topptipset;212X1XXX;2037244;2177;-1;-1;-1;655;-1;-1;-1;2;4;2;0;4;3;1;0;428;407;163;183;326;325;265;224;1;1;0;1;1;0;3824
202102;Topptipset;X212X211;1677979;1531;-1;-1;-1;767;-1;-1;-1;3;2;3;0;5;5;1;1;460;474;135;138;349;363;325;336;1;1;0;1;1;0;3828
202102;Topptipset;112XX11X;2064201;7448;-1;-1;-1;194;-1;-1;-1;4;3;1;0;2;2;3;2;407;376;177;195;269;272;230;181;0;1;0;0;1;0;3833
202101;Topptipset Stryk;1X12X11X;3276530;858;-1;-1;-1;2673;-1;-1;-1;4;3;1;1;4;4;1;0;465;462;139;141;365;370;326;321;1;1;0;1;0;1;3819
202101;Topptipset Extra;2221X1X1;2310511;2284;-1;-1;-1;708;-1;-1;-1;3;2;3;0;5;5;2;3;410;398;175;188;340;335;235;210;0;1;1;0;1;1;3815
202101;Topptipset Extra;1221111X;2269974;119;-1;-1;-1;13330;-1;-1;-1;5;1;2;0;6;6;0;1;447;436;141;159;428;419;306;277;1;1;1;1;1;1;3822
202101;Topptipset;1XX11X21;2509141;12914;-1;-1;-1;136;-1;-1;-1;4;3;1;0;3;3;2;2;410;363;171;204;268;256;239;159;0;0;0;0;0;1;3780
202101;Topptipset;11X21X12;3069398;1824;-1;-1;-1;1315;-1;-1;-1;4;2;2;0;5;5;1;1;380;351;190;212;330;313;190;139;1;0;1;1;0;1;3816
202101;Topptipset;21X22X12;227699;1362;-1;-1;-1;117;-1;-1;-1;2;2;4;1;3;3;1;1;328;314;122;121;267;250;206;193;1;1;0;1;1;0;3817
202101;Topptipset;21121212;3496202;671;-1;-1;-1;4014;-1;-1;-1;4;0;4;0;6;6;1;1;434;434;158;159;381;384;276;275;1;1;0;1;1;0;3823
202101;Topptipset;211X2X22;1063195;323;-1;-1;-1;2298;-1;-1;-1;2;2;4;1;5;5;0;0;427;407;154;169;384;369;273;238;1;1;1;1;1;1;3820
202053;Topptipset Extra;122X1111;2849017;1346;-1;-1;-1;1481;-1;-1;-1;5;1;2;0;5;5;1;2;410;388;173;195;342;326;237;193;1;1;0;1;1;0;3775
202053;Topptipset;X1X12212;2294974;10040;-1;-1;-1;160;-1;-1;-1;3;2;3;1;2;3;3;3;374;366;143;152;224;231;231;214;0;0;1;0;1;0;3771
202053;Topptipset;1X1X11X1;2846609;1661;-1;-1;-1;1199;-1;-1;-1;5;3;0;1;5;5;0;0;456;466;131;139;327;328;325;327;0;0;1;0;0;1;3776
202052;Topptipset Stryk;111X2121;4934711;518;-1;-1;-1;6661;-1;-1;-1;5;1;2;0;6;6;1;2;424;395;167;189;380;352;257;206;1;0;1;1;1;1;3770
202052;Topptipset Extra;21X122X1;2945885;4863;-1;-1;-1;424;-1;-1;-1;3;2;3;0;4;5;1;1;436;428;156;162;306;305;280;266;1;0;0;1;0;0;3767
202052;Topptipset Extra;XXX12X2X;2357133;14999;-1;-1;-1;110;-1;-1;-1;1;5;2;0;2;3;2;2;444;431;151;170;259;259;293;261;0;0;1;0;0;1;3773
202052;Topptipset;111222X1;2729152;2111;-1;-1;-1;1023;-1;-1;-1;4;1;3;0;5;5;2;2;406;387;173;189;329;338;233;198;1;1;0;1;1;0;3765
202052;Topptipset;212XX221;2707507;7151;-1;-1;-1;265;-1;-1;-1;2;2;4;0;4;3;2;2;422;400;166;180;306;307;256;220;0;1;1;0;1;1;3768
202051;Topptipset Stryk;21X11211;4015556;1128;-1;-1;-1;2490;-1;-1;-1;5;1;2;0;6;5;1;2;404;354;177;204;354;322;227;150;1;1;0;1;1;1;3761
202051;Topptipset Extra;11X2XX11;2498882;2133;-1;-1;-1;820;-1;-1;-1;4;3;1;0;4;4;3;2;394;387;183;199;318;326;211;188;1;1;1;1;1;0;3757
202051;Topptipset Extra;122211XX;2783999;2511;-1;-1;-1;776;-1;-1;-1;3;2;3;0;4;4;1;3;406;382;182;203;321;317;224;179;1;1;1;1;0;1;3763
202051;Topptipset;X1X2X2X1;1561369;7806;-1;-1;-1;140;-1;-1;-1;2;4;2;0;3;2;1;2;402;362;178;204;270;270;224;158;1;0;0;0;1;0;3755
202051;Topptipset;1X1X2XXX;2328935;31965;-1;-1;-1;51;-1;-1;-1;2;5;1;0;2;2;1;3;456;454;140;157;264;261;316;297;0;1;1;0;1;0;3758
202051;Topptipset;X21X21X2;2164281;758;-1;-1;-1;1998;-1;-1;-1;2;3;3;0;4;4;1;1;435;432;154;161;359;365;281;271;1;1;1;1;1;1;3759
202051;Topptipset;1111XXXX;2053121;8454;-1;-1;-1;170;-1;-1;-1;4;4;0;0;2;2;2;1;391;367;184;204;269;261;207;163;0;1;0;1;0;0;3764
202050;Topptipset Stryk;X1122121;3741380;3186;-1;-1;-1;822;-1;-1;-1;4;1;3;0;5;3;2;1;398;353;176;207;303;272;222;146;0;0;1;0;1;1;3751
202050;Topptipset Extra;12X211X2;2314704;1518;-1;-1;-1;1067;-1;-1;-1;3;2;3;0;4;4;1;1;455;491;145;135;341;370;310;356;1;1;0;1;1;0;3747
202050;Topptipset Extra;XX21X212;2393678;27926;-1;-1;-1;60;-1;-1;-1;2;3;3;0;3;3;2;2;473;485;122;139;241;253;351;346;0;0;0;0;0;0;3753
202050;Topptipset;2X1XX1XX;2139612;5129;-1;-1;-1;292;-1;-1;-1;2;5;1;0;3;2;1;1;373;369;195;204;276;271;178;165;0;1;0;0;1;0;3743
202050;Topptipset;121X21XX;3108925;2560;-1;-1;-1;850;-1;-1;-1;3;3;2;0;4;4;2;1;429;429;167;169;331;325;262;260;1;0;1;1;0;1;3748
202050;Topptipset;2111X121;2646742;502;-1;-1;-1;3686;-1;-1;-1;5;1;2;0;5;5;1;0;423;426;162;171;370;369;261;255;1;1;1;1;1;1;3749
202050;Topptipset;2111X111;2149793;777;-1;-1;-1;1935;-1;-1;-1;6;1;1;0;5;5;1;1;389;344;180;207;345;319;209;137;1;1;0;1;1;1;3754
202049;Topptipset Stryk;211X1122;3693396;1553;-1;-1;-1;1664;-1;-1;-1;4;1;3;0;5;5;2;1;432;408;161;182;351;353;271;226;1;1;0;1;1;0;3740
202049;Topptipset Extra;22112X11;2580572;506;-1;-1;-1;3567;-1;-1;-1;4;1;3;0;6;6;0;0;417;399;169;185;377;378;248;214;1;1;1;1;1;0;3736
202049;Topptipset Extra;11222XX2;2623595;653;-1;-1;-1;2812;-1;-1;-1;2;2;4;1;5;5;0;0;425;399;164;189;359;333;261;210;1;0;1;1;0;1;3745
202049;Topptipset;2221X221;2469790;10477;-1;-1;-1;165;-1;-1;-1;2;1;5;0;3;3;4;4;406;376;176;192;270;265;230;184;1;0;0;1;0;0;3734
202049;Topptipset;X21X1XX2;3365638;21035;-1;-1;-1;112;-1;-1;-1;2;4;2;0;3;3;2;0;411;430;179;170;256;259;232;260;0;0;0;0;0;1;3737
202049;Topptipset;X22111X1;2734072;2091;-1;-1;-1;915;-1;-1;-1;4;2;2;0;5;5;1;1;449;451;143;155;337;340;306;296;1;1;0;1;0;0;3738
202049;Topptipset;2121X222;2017723;2469;-1;-1;-1;572;-1;-1;-1;2;1;5;0;5;5;2;3;405;374;179;201;329;316;226;173;1;1;1;1;1;0;3742
202048;Topptipset Stryk;211X1111;3704092;753;-1;-1;-1;3439;-1;-1;-1;6;1;1;0;5;5;2;2;428;396;163;189;378;368;265;207;1;1;1;1;1;1;3730
202048;Topptipset Extra;2221112X;2195556;1392;-1;-1;-1;1104;-1;-1;-1;3;1;4;0;5;5;1;1;495;514;124;127;381;388;371;387;0;1;1;1;0;1;3726
202048;Topptipset Extra;X22X211X;2628570;5786;-1;-1;-1;318;-1;-1;-1;2;3;3;0;3;3;3;3;421;428;175;171;298;297;246;257;1;0;1;1;0;1;3732
202048;Topptipset;X121X12X;2272269;3106;-1;-1;-1;512;-1;-1;-1;3;3;2;0;3;3;1;2;404;374;179;198;290;310;225;176;1;1;1;1;0;1;3724
202048;Topptipset;11211121;3481664;51;-1;-1;-1;51854;-1;-1;-1;6;0;2;0;7;8;0;0;478;494;130;134;477;494;348;360;1;1;1;1;1;1;3727
202048;Topptipset;XX122112;2971069;388;-1;-1;-1;5359;-1;-1;-1;3;2;3;0;6;6;0;2;426;413;162;173;382;371;264;240;1;1;1;1;1;1;3728
202048;Topptipset;21X1XX12;2210404;2919;-1;-1;-1;530;-1;-1;-1;3;3;2;0;3;3;4;4;389;365;185;204;305;306;204;161;1;1;1;1;1;1;3733
202047;Topptipset Stryk;1122X1XX;3694686;6700;-1;-1;-1;386;-1;-1;-1;3;3;2;0;3;3;2;1;406;378;179;199;293;286;227;179;1;0;0;1;0;0;3720
202047;Topptipset Extra;112211X1;2077699;730;-1;-1;-1;1992;-1;-1;-1;5;1;2;0;4;4;0;1;422;399;169;176;360;343;253;223;1;1;0;1;1;0;3716
202047;Topptipset Extra;1X212222;2499504;4003;-1;-1;-1;437;-1;-1;-1;2;1;5;0;4;5;3;2;417;406;177;181;320;317;240;225;0;1;1;1;0;1;3722
202047;Topptipset;XX112211;1438867;1033;-1;-1;-1;975;-1;-1;-1;4;2;2;0;3;2;1;1;224;220;129;131;194;191;95;89;1;0;1;1;0;1;3714
202047;Topptipset;12121122;2792335;1702;-1;-1;-1;1148;-1;-1;-1;4;0;4;1;5;5;2;2;418;406;164;173;338;336;254;233;0;1;1;1;1;1;3717
202047;Topptipset;212XX2X1;1014037;1523;-1;-1;-1;466;-1;-1;-1;2;3;3;0;0;0;4;2;220;212;132;136;139;144;88;76;0;0;0;0;0;0;3718
202047;Topptipset;1XX221XX;1655289;193117;-1;-1;-1;6;-1;-1;-1;2;4;2;0;0;0;6;6;426;413;157;168;169;172;269;245;0;0;0;0;0;0;3723
202046;Topptipset Stryk;121X1XX1;3095500;2415;-1;-1;-1;897;-1;-1;-1;4;3;1;0;3;2;2;2;421;388;167;187;314;314;254;201;1;1;0;1;1;0;3710
202046;Topptipset Extra;1X1121X1;1854202;14749;-1;-1;-1;88;-1;-1;-1;5;2;1;0;1;1;0;0;99;98;45;42;65;74;54;56;0;1;0;0;1;0;3706
202046;Topptipset Extra;1111X21X;2347150;380;-1;-1;-1;4313;-1;-1;-1;5;2;1;1;6;6;1;1;405;385;170;186;379;355;235;199;1;1;1;1;1;1;3712
202046;Topptipset;1XX21221;1743922;10172;-1;-1;-1;120;-1;-1;-1;3;2;3;0;2;2;1;3;402;405;173;174;270;269;229;231;1;0;0;0;1;0;3704
202046;Topptipset;222XX121;1316748;8379;-1;-1;-1;110;-1;-1;-1;2;2;4;0;4;4;2;2;392;374;182;193;281;276;210;181;1;0;0;0;1;0;3707
202046;Topptipset;XX11X2X1;1724140;1921;-1;-1;-1;628;-1;-1;-1;3;4;1;0;4;4;1;1;426;411;162;161;326;327;264;250;0;1;1;1;0;0;3708
202046;Topptipset;21112212;1433994;1546;-1;-1;-1;649;-1;-1;-1;4;0;4;0;4;6;2;2;397;383;188;191;326;335;209;192;1;1;0;1;0;1;3713
202045;Topptipset Stryk;11112X1X;3887135;518;-1;-1;-1;5245;-1;-1;-1;5;2;1;0;5;5;0;0;426;401;164;185;377;359;262;216;1;0;1;1;1;0;3700
202045;Topptipset Extra;11112X12;2271037;307;-1;-1;-1;5167;-1;-1;-1;5;1;2;0;5;6;2;1;491;523;117;116;439;454;374;407;1;1;1;1;1;1;3696
202045;Topptipset Extra;X2121221;2950447;10870;-1;-1;-1;190;-1;-1;-1;3;1;4;0;3;2;5;3;418;394;173;188;275;276;245;206;1;0;0;1;0;0;3702
202045;Topptipset;21212211;3862542;985;-1;-1;-1;2997;-1;-1;-1;4;0;4;0;5;5;2;2;425;412;162;174;358;353;263;238;1;1;1;1;1;1;3694
202045;Topptipset;122121X1;4703470;139;-1;-1;-1;25328;-1;-1;-1;4;1;3;0;7;7;1;1;437;441;161;166;431;429;276;275;1;1;1;1;1;1;3697
202045;Topptipset;21121122;3429279;1865;-1;-1;-1;1287;-1;-1;-1;4;0;4;0;6;6;2;2;437;431;152;163;343;338;285;268;1;0;1;1;0;1;3698
202045;Topptipset;1XXX2X1X;2443696;3887;-1;-1;-1;440;-1;-1;-1;2;5;1;0;3;2;4;4;384;341;194;214;278;256;190;127;0;1;0;1;1;0;3703
202044;Topptipset Stryk;12212211;3918141;1557;-1;-1;-1;1761;-1;-1;-1;4;0;4;0;5;5;3;2;428;392;157;187;346;331;271;205;1;1;0;1;1;0;3690
202044;Topptipset Extra;2122X11X;2686864;174;-1;-1;-1;10751;-1;-1;-1;3;2;3;0;6;6;1;0;442;461;156;152;422;431;286;309;1;1;1;1;1;1;3686
202044;Topptipset Extra;2111X211;2981909;14395;-1;-1;-1;145;-1;-1;-1;5;1;2;0;2;3;5;4;428;409;163;178;251;266;265;231;1;0;0;1;0;0;3692
202044;Topptipset;X21XX21X;4219054;1666;-1;-1;-1;1922;-1;-1;-1;2;4;2;0;3;3;0;3;417;395;171;187;322;315;246;208;1;1;1;1;1;1;3684
202044;Topptipset;1X121XX1;4434341;459;-1;-1;-1;7297;-1;-1;-1;4;3;1;0;5;5;1;3;442;442;154;159;381;369;288;283;1;1;1;1;1;1;3687
202044;Topptipset;21111XX2;3229782;1473;-1;-1;-1;1534;-1;-1;-1;4;2;2;0;4;4;2;1;425;407;160;180;351;342;265;227;1;1;0;1;1;0;3688
202044;Topptipset;11X21122;2342469;6282;-1;-1;-1;261;-1;-1;-1;4;1;3;0;3;3;5;4;421;393;164;185;290;285;257;208;0;1;1;1;0;1;3693
202043;Topptipset Stryk;X12XX221;3936162;2703;-1;-1;-1;1019;-1;-1;-1;2;3;3;0;3;3;3;2;379;356;191;210;317;313;188;146;1;1;0;1;1;0;3680
202043;Topptipset Extra;221XX121;2294306;5615;-1;-1;-1;286;-1;-1;-1;3;2;3;0;5;5;1;1;471;512;127;128;336;347;344;384;0;1;0;0;1;0;3676
202043;Topptipset Extra;21X2X111;2967581;1991;-1;-1;-1;1043;-1;-1;-1;4;2;2;0;4;4;1;2;419;402;169;179;329;329;250;223;1;1;0;1;0;1;3682
202043;Topptipset;1X21X222;2263962;15093;-1;-1;-1;105;-1;-1;-1;2;2;4;0;2;2;3;4;400;354;183;210;236;253;217;144;0;0;1;0;0;0;3674
202043;Topptipset;21X1X1X1;3874936;2562;-1;-1;-1;1156;-1;-1;-1;4;3;1;0;3;3;2;1;456;483;150;146;340;325;306;337;1;1;0;1;1;0;3677
202043;Topptipset;21122XX1;2620417;725;-1;-1;-1;2529;-1;-1;-1;3;2;3;0;5;4;1;2;428;414;165;172;368;368;263;242;1;1;1;1;1;1;3678
202043;Topptipset;2XX221X1;2407945;19830;-1;-1;-1;85;-1;-1;-1;2;3;3;0;2;2;3;3;413;388;174;196;241;242;239;192;0;0;0;0;0;0;3683
202042;Topptipset Stryk;1X2X22X2;3646141;2900;-1;-1;-1;880;-1;-1;-1;1;3;4;0;3;3;4;3;412;377;179;200;272;302;233;177;1;0;1;0;0;1;3639
202042;Topptipset Extra;122X2111;2503266;861;-1;-1;-1;2035;-1;-1;-1;4;1;3;0;5;5;2;2;449;449;141;149;385;379;308;300;1;1;1;1;1;0;3635
202042;Topptipset Extra;XX211122;2378755;3520;-1;-1;-1;473;-1;-1;-1;3;2;3;0;4;4;2;2;426;412;161;179;312;313;265;233;0;1;0;0;1;0;3672
202042;Topptipset;X122122X;2086531;22129;-1;-1;-1;66;-1;-1;-1;2;2;4;0;2;2;3;3;445;428;147;167;273;275;298;261;0;1;0;0;1;0;3636
202042;Topptipset;1122XX12;871460;1177;-1;-1;-1;518;-1;-1;-1;3;2;3;0;5;5;1;2;349;332;155;169;324;309;194;163;1;1;1;1;1;1;3637
202042;Topptipset;122222X1;1344320;24763;-1;-1;-1;38;-1;-1;-1;2;1;5;0;3;3;2;1;379;376;140;147;230;234;239;229;0;1;0;0;0;1;3633
202042;Topptipset;X122X211;1483438;1115;-1;-1;-1;931;-1;-1;-1;3;2;3;1;5;5;2;2;408;396;179;187;351;340;229;209;1;1;0;1;1;0;3673
202041;Topptipset Stryk;12X2XX12;2846127;2092;-1;-1;-1;952;-1;-1;-1;2;3;3;0;4;4;1;1;450;443;139;153;353;348;311;290;1;1;0;1;1;0;3628
202041;Topptipset Extra;2X1X2XX1;1857267;5555;-1;-1;-1;234;-1;-1;-1;2;4;2;0;3;3;1;2;390;361;189;203;271;260;201;158;0;0;0;0;0;1;3624
202041;Topptipset Extra;1X12XX11;1696605;1335;-1;-1;-1;889;-1;-1;-1;4;3;1;0;4;5;0;0;413;420;165;166;336;338;248;254;0;1;1;0;1;1;3632
202041;Topptipset;X1221XX2;1410907;4257;-1;-1;-1;232;-1;-1;-1;2;3;3;0;4;4;2;2;401;376;185;190;305;302;216;186;1;0;0;1;0;0;3620
202041;Topptipset;XX211211;1961072;1165;-1;-1;-1;1178;-1;-1;-1;4;2;2;0;4;4;2;3;472;482;136;136;376;367;336;346;1;1;0;1;1;0;3626
202041;Topptipset;22121112;1768947;667;-1;-1;-1;1856;-1;-1;-1;4;0;4;0;7;7;1;1;384;357;194;208;346;330;190;149;1;0;1;1;0;1;3625
202041;Topptipset;1X11XX11;1288660;612;-1;-1;-1;1472;-1;-1;-1;5;3;0;0;4;4;2;1;436;444;153;157;371;378;283;287;1;1;1;1;1;1;3629
202041;Topptipset;12222122;550340;2485;-1;-1;-1;155;-1;-1;-1;2;0;6;0;4;4;4;3;415;399;175;181;294;288;240;218;1;0;0;1;0;0;3630
202040;Topptipset Stryk;X11X121X;3857626;2857;-1;-1;-1;945;-1;-1;-1;4;3;1;0;4;3;0;1;409;375;174;201;294;264;235;174;0;1;0;0;1;0;3618
202040;Topptipset Extra;X22212X1;2270414;5842;-1;-1;-1;272;-1;-1;-1;2;2;4;0;4;4;2;3;455;447;141;155;306;316;314;292;1;1;0;1;1;0;3614
202040;Topptipset Extra;1211X221;2953741;5528;-1;-1;-1;374;-1;-1;-1;4;1;3;0;4;4;4;4;441;428;154;164;319;307;287;264;0;1;1;1;0;1;3622
202040;Topptipset;1211X211;3663223;583;-1;-1;-1;4820;-1;-1;-1;5;1;2;0;6;6;2;1;399;391;180;192;368;365;219;199;1;1;1;1;1;1;3610
202040;Topptipset;X211XX1X;2689876;15308;-1;-1;-1;123;-1;-1;-1;3;4;1;0;2;3;3;3;406;378;181;194;253;240;225;184;0;0;0;0;1;0;3615
202040;Topptipset;22221121;2559027;157;-1;-1;-1;11386;-1;-1;-1;3;0;5;0;7;7;1;0;442;448;159;160;428;430;283;288;1;1;1;1;1;1;3616
202040;Topptipset;2211112X;1910123;545;-1;-1;-1;2453;-1;-1;-1;4;1;3;1;5;6;2;2;425;414;169;183;375;370;256;231;1;1;0;1;1;0;3619
202039;Topptipset Stryk;X22XX22X;3920927;14599;-1;-1;-1;188;-1;-1;-1;0;4;4;0;3;3;1;2;406;368;180;203;243;260;226;165;0;0;0;0;0;0;3608
202039;Topptipset Extra;X2211221;1899114;482;-1;-1;-1;2758;-1;-1;-1;3;1;4;0;7;7;0;0;434;408;160;175;377;357;274;233;0;1;1;0;1;1;3604
202039;Topptipset Extra;2X1X212X;2875007;18295;-1;-1;-1;110;-1;-1;-1;2;3;3;0;3;3;2;4;436;427;151;167;266;255;285;260;0;0;1;0;0;1;3612
202039;Topptipset;211X1121;3665276;475;-1;-1;-1;5917;-1;-1;-1;5;1;2;0;6;5;2;1;400;393;185;184;376;361;215;209;1;1;1;1;1;1;3602
202039;Topptipset;X21X2XX2;2197941;2607;-1;-1;-1;590;-1;-1;-1;1;4;3;1;3;3;1;1;453;468;147;139;322;325;306;329;0;1;1;1;1;0;3605
202039;Topptipset;2X121222;2185462;283;-1;-1;-1;5397;-1;-1;-1;2;1;5;0;6;5;0;0;410;414;174;173;394;381;236;241;1;1;1;1;1;1;3606
202039;Topptipset;11212121;1993429;3114;-1;-1;-1;448;-1;-1;-1;5;0;3;0;4;4;2;2;414;392;171;182;297;296;243;210;0;1;0;0;1;1;3609
202038;Topptipset Stryk;211111XX;3346460;2269;-1;-1;-1;1032;-1;-1;-1;5;2;1;0;5;5;2;2;446;438;147;155;350;352;299;283;0;1;1;0;1;1;3598
202038;Topptipset Extra;21X11121;1955340;1966;-1;-1;-1;696;-1;-1;-1;5;1;2;0;4;4;3;3;402;392;177;183;332;323;225;209;1;0;1;1;1;1;3594
202038;Topptipset Extra;2211X2XX;2849645;10074;-1;-1;-1;198;-1;-1;-1;2;3;3;0;2;2;4;3;390;380;188;191;270;275;202;189;1;0;0;1;0;0;3600
202038;Topptipset;22X2X111;2599736;2203;-1;-1;-1;826;-1;-1;-1;3;2;3;0;4;4;2;2;419;403;168;181;315;304;251;222;1;1;0;1;1;0;3592
202038;Topptipset;111111X2;2113838;1911;-1;-1;-1;774;-1;-1;-1;6;1;1;0;5;4;3;2;418;392;165;189;335;328;253;203;1;1;0;1;1;1;3595
202038;Topptipset;12X12X21;2283508;2765;-1;-1;-1;578;-1;-1;-1;3;2;3;0;3;3;3;3;442;453;154;151;316;328;288;302;1;1;0;1;1;0;3596
202038;Topptipset;1X1X1222;1879558;2949;-1;-1;-1;446;-1;-1;-1;3;2;3;0;5;5;1;1;456;488;144;136;341;351;312;352;1;0;1;1;0;0;3601
202037;Topptipset Stryk;11221122;3442589;3651;-1;-1;-1;660;-1;-1;-1;4;0;4;0;3;3;5;3;414;385;179;198;296;307;235;187;1;0;0;1;0;0;3588
202037;Topptipset Extra;21X12222;2628229;191;-1;-1;-1;9598;-1;-1;-1;2;1;5;0;6;6;1;1;455;444;136;151;426;413;319;293;1;1;1;1;1;1;3584
202037;Topptipset Extra;22XX22X1;2485774;10545;-1;-1;-1;165;-1;-1;-1;1;3;4;0;3;3;2;3;419;382;167;199;262;253;252;183;0;0;0;0;0;0;3590
202037;Topptipset;22222X21;2849497;8311;-1;-1;-1;240;-1;-1;-1;1;1;6;0;4;4;3;3;407;410;168;172;254;274;239;238;0;0;1;0;0;0;3580
202037;Topptipset;X112X121;1101067;1870;-1;-1;-1;412;-1;-1;-1;4;2;2;0;4;5;3;3;388;390;191;187;323;329;197;203;1;1;0;1;1;1;3585
202037;Topptipset;2X112122;2134515;4394;-1;-1;-1;340;-1;-1;-1;3;1;4;0;5;5;2;2;428;461;167;148;284;322;261;313;1;0;0;0;0;1;3586
202037;Topptipset;1XXX2112;1941234;7549;-1;-1;-1;180;-1;-1;-1;3;3;2;0;3;3;2;3;404;362;177;210;297;286;227;152;0;1;0;0;0;1;3591
202036;Topptipset Stryk;21222222;3394459;526;-1;-1;-1;4509;-1;-1;-1;1;0;7;0;6;6;2;1;426;404;153;174;369;374;273;230;1;1;1;1;1;1;3578
202036;Topptipset Extra;X12X21XX;2340068;15600;-1;-1;-1;105;-1;-1;-1;2;4;2;0;3;3;1;3;396;378;183;188;252;254;213;190;0;0;0;0;0;1;3574
202036;Topptipset Extra;X12X212X;2260563;3183;-1;-1;-1;497;-1;-1;-1;2;3;3;0;4;4;1;1;443;427;142;161;333;326;301;266;1;1;0;1;1;0;3582
202036;Topptipset;11111122;1526223;214;-1;-1;-1;4991;-1;-1;-1;6;0;2;0;6;6;1;1;371;399;139;130;343;361;232;269;1;1;1;1;1;1;3572
202036;Topptipset;12222X2X;1118630;22372;-1;-1;-1;35;-1;-1;-1;1;2;5;0;1;1;4;3;309;315;130;133;152;150;179;182;0;0;0;0;0;0;3575
202036;Topptipset;X12XX12X;2037214;670;-1;-1;-1;2128;-1;-1;-1;2;4;2;0;4;4;3;3;421;427;171;164;361;347;250;263;1;1;0;1;1;0;3576
202036;Topptipset;1X2XX221;2581829;9127;-1;-1;-1;198;-1;-1;-1;2;3;3;0;2;3;1;1;407;384;176;192;269;277;231;192;0;1;0;0;1;0;3579
202035;Topptipset Stryk;X1211111;2842354;2408;-1;-1;-1;826;-1;-1;-1;6;1;1;0;5;6;1;1;395;385;182;195;309;312;213;190;1;0;0;1;0;0;3568
202035;Topptipset Extra;22X2X2X1;2007027;15438;-1;-1;-1;91;-1;-1;-1;1;3;4;0;2;3;4;3;425;395;166;179;239;260;259;216;0;0;1;0;0;0;3564
202035;Topptipset Extra;21XXX121;2588583;60400;-1;-1;-1;30;-1;-1;-1;3;3;2;0;2;2;4;4;430;420;155;175;223;215;275;245;0;0;0;0;0;0;3570
202035;Topptipset;22X122X1;2402555;3518;-1;-1;-1;478;-1;-1;-1;2;2;4;0;4;5;1;1;391;368;187;199;297;294;204;169;0;1;0;0;1;0;3562
202035;Topptipset;1X112112;1763334;1643;-1;-1;-1;751;-1;-1;-1;5;1;2;0;6;6;1;1;413;397;174;188;337;336;239;209;0;1;1;1;0;1;3565
202035;Topptipset;111111XX;2108675;101;-1;-1;-1;14497;-1;-1;-1;6;2;0;0;6;6;1;1;468;526;135;112;435;472;333;414;1;1;1;1;1;1;3566
202035;Topptipset;1X211112;1820706;1347;-1;-1;-1;946;-1;-1;-1;5;1;2;0;5;4;1;2;418;398;176;181;347;333;242;217;1;1;0;1;1;0;3571
202034;Topptipset Stryk;X121X2X2;2885829;9309;-1;-1;-1;217;-1;-1;-1;2;3;3;0;0;0;0;0;47;39;25;27;28;34;22;12;0;0;0;0;0;0;3558
202034;Topptipset Extra;21122212;1534648;34;-1;-1;-1;31073;-1;-1;-1;3;0;5;1;8;8;0;0;471;510;135;122;471;510;336;388;1;1;1;1;1;1;3554
202034;Topptipset Extra;21211XX1;2343148;2504;-1;-1;-1;655;-1;-1;-1;4;2;2;0;5;5;1;1;443;435;154;158;324;327;289;277;1;0;0;1;0;0;3560
202034;Topptipset;12121221;2832377;688;-1;-1;-1;2880;-1;-1;-1;4;0;4;0;6;6;1;0;402;386;182;188;368;367;220;198;1;1;1;1;1;1;3552
202034;Topptipset;221X1111;2073442;248;-1;-1;-1;5831;-1;-1;-1;5;1;2;0;6;6;0;0;446;464;155;152;408;427;291;312;1;1;1;1;1;1;3555
202034;Topptipset;1X21X1X1;1696066;3957;-1;-1;-1;300;-1;-1;-1;4;3;1;1;3;3;2;3;407;391;124;134;286;291;283;257;1;0;1;1;0;1;3556
202034;Topptipset;1X1XX122;1516431;2721;-1;-1;-1;390;-1;-1;-1;3;3;2;0;3;3;1;2;446;455;159;153;336;353;287;302;1;0;1;1;0;1;3561
202033;Topptipset Stryk;2X111222;2751056;27510;-1;-1;-1;70;-1;-1;-1;3;1;4;0;3;4;3;2;412;398;172;184;249;272;240;214;0;1;0;0;1;0;3548
202033;Topptipset Extra;211XX111;2550041;412;-1;-1;-1;4326;-1;-1;-1;5;2;1;0;6;6;0;0;433;431;156;165;375;364;277;266;1;0;1;1;0;1;3544
202033;Topptipset Extra;1XXX1122;2307489;5831;-1;-1;-1;277;-1;-1;-1;3;3;2;0;2;2;4;3;407;399;176;187;288;284;231;212;1;0;0;1;0;1;3550
202033;Topptipset;X11X2X21;2663801;64298;-1;-1;-1;29;-1;-1;-1;3;3;2;0;2;3;2;3;426;422;163;176;219;224;263;246;0;0;0;0;0;0;3542
202033;Topptipset;211X21X1;2497913;422;-1;-1;-1;4143;-1;-1;-1;4;2;2;0;6;6;1;1;407;394;178;184;373;367;229;210;1;1;1;1;1;1;3545
202033;Topptipset;122X121X;3131874;4393;-1;-1;-1;499;-1;-1;-1;3;2;3;0;3;3;4;4;405;390;175;188;300;304;230;202;1;1;0;1;1;0;3546
202033;Topptipset;222X11X1;1887570;2669;-1;-1;-1;495;-1;-1;-1;3;2;3;0;5;5;1;1;409;417;172;176;294;298;237;241;0;0;1;0;0;1;3551
202032;Topptipset Stryk;11222XX1;2699324;1641;-1;-1;-1;1151;-1;-1;-1;3;2;3;0;3;4;1;2;430;418;162;169;338;320;268;249;0;1;1;0;1;1;3538
202032;Topptipset Extra;1111X121;2049662;179;-1;-1;-1;7987;-1;-1;-1;6;1;1;0;7;6;0;0;452;467;139;140;420;409;313;327;1;1;1;1;1;1;3534
202032;Topptipset Extra;221X2212;2416320;5527;-1;-1;-1;306;-1;-1;-1;2;1;5;0;4;4;2;2;409;386;176;193;308;309;233;193;1;0;1;1;0;1;3540
202032;Topptipset;XX111212;2602507;10716;-1;-1;-1;170;-1;-1;-1;4;2;2;0;4;4;2;2;427;441;160;164;278;277;267;277;0;0;1;0;0;1;3532
202032;Topptipset;XX111X21;1998846;1539;-1;-1;-1;909;-1;-1;-1;4;3;1;0;4;3;0;0;368;353;144;158;299;272;224;195;1;0;1;1;0;1;3535
202032;Topptipset;111122XX;3032400;3225;-1;-1;-1;658;-1;-1;-1;4;2;2;0;3;4;3;2;401;393;179;184;301;307;222;209;0;1;1;0;1;1;3536
202032;Topptipset;112112X1;2775033;1051;-1;-1;-1;1848;-1;-1;-1;5;1;2;0;4;5;2;2;411;413;170;171;349;363;241;242;1;1;1;1;1;1;3541
202031;Topptipset Stryk;1X11X2X2;2758919;11427;-1;-1;-1;169;-1;-1;-1;3;3;2;0;2;2;4;4;376;366;197;209;256;264;179;157;0;1;1;0;1;0;3497
202031;Topptipset Extra;2221X2X1;2238675;380;-1;-1;-1;4117;-1;-1;-1;2;2;4;0;5;5;0;1;426;439;164;161;381;391;262;278;1;1;1;1;1;1;3493
202031;Topptipset Extra;2XXX2X11;2436304;2895;-1;-1;-1;589;-1;-1;-1;2;4;2;0;3;4;0;1;392;370;182;204;279;285;210;166;0;0;0;0;1;0;3530
202031;Topptipset;1XX2X12X;2768318;5020;-1;-1;-1;386;-1;-1;-1;2;4;2;0;3;3;4;1;366;347;204;215;283;290;162;132;1;0;1;1;0;0;3491
202031;Topptipset;12X222XX;2139469;856;-1;-1;-1;1749;-1;-1;-1;1;3;4;0;4;4;0;0;368;365;150;157;307;297;218;208;1;1;0;1;1;0;3494
202031;Topptipset;X2XXXX1X;2516955;14682;-1;-1;-1;120;-1;-1;-1;1;6;1;0;1;1;3;3;419;396;172;189;237;220;247;207;0;0;0;0;1;0;3495
202031;Topptipset;X12XXX11;2102816;7626;-1;-1;-1;193;-1;-1;-1;3;4;1;0;3;3;2;2;403;391;170;185;277;259;233;206;0;0;0;0;1;1;3531
202030;Topptipset Stryk;211211X2;2951932;6887;-1;-1;-1;300;-1;-1;-1;4;1;3;0;5;5;1;1;426;398;169;182;296;291;257;216;0;0;1;0;0;1;3487
202030;Topptipset Extra;1X1X2X11;2173182;8896;-1;-1;-1;171;-1;-1;-1;4;3;1;0;3;3;2;1;455;482;144;138;262;270;311;344;0;1;0;0;1;0;3483
202030;Topptipset Extra;2X2XX12X;2591674;4219;-1;-1;-1;430;-1;-1;-1;1;4;3;0;4;4;0;1;433;423;157;170;280;292;276;253;0;0;1;0;0;0;3489
202030;Topptipset;112XX111;2744624;7475;-1;-1;-1;257;-1;-1;-1;5;2;1;0;3;2;3;3;428;429;162;169;286;282;266;260;1;1;0;1;0;1;3481
202030;Topptipset;211X12X2;2360420;1610;-1;-1;-1;1026;-1;-1;-1;3;2;3;0;4;4;0;0;448;474;153;140;337;353;295;334;1;1;0;1;0;0;3484
202030;Topptipset;1XX2X112;2902029;6552;-1;-1;-1;310;-1;-1;-1;3;3;2;0;4;4;3;3;421;416;166;171;300;309;255;245;1;0;0;0;1;0;3485
202030;Topptipset;1XX11X11;2341381;6452;-1;-1;-1;254;-1;-1;-1;5;3;0;0;3;4;3;2;403;397;178;185;298;300;225;212;1;0;0;1;0;0;3490
202029;Topptipset Stryk;12122111;3022805;1203;-1;-1;-1;1758;-1;-1;-1;5;0;3;0;5;5;2;2;422;385;167;193;338;291;255;192;0;0;1;1;0;1;3477
202029;Topptipset Extra;12X111XX;2459165;739;-1;-1;-1;2329;-1;-1;-1;4;3;1;0;4;4;1;1;446;467;151;144;368;357;295;323;1;1;1;1;1;1;3473
202029;Topptipset Extra;212X1X11;2133473;9106;-1;-1;-1;164;-1;-1;-1;4;2;2;0;2;3;2;2;410;364;176;194;279;282;234;170;1;0;0;1;0;0;3479
202029;Topptipset;X12X2X2X;3610835;4699;-1;-1;-1;591;-1;-1;-1;1;4;3;0;3;3;3;1;421;417;170;174;308;313;251;243;0;1;1;0;1;1;3471
202029;Topptipset;1111XX21;2284995;324;-1;-1;-1;4933;-1;-1;-1;5;2;1;0;6;6;1;2;437;435;166;172;404;413;271;263;1;1;1;1;1;1;3474
202029;Topptipset;1122121X;2784191;249;-1;-1;-1;7798;-1;-1;-1;4;1;3;0;6;6;0;0;432;439;162;168;407;412;270;271;1;1;1;1;1;1;3475
202029;Topptipset;11X22111;1899209;9168;-1;-1;-1;145;-1;-1;-1;5;1;2;0;3;3;4;3;427;417;154;157;262;273;273;260;1;1;0;1;0;0;3480
202028;Topptipset Stryk;X21X22X2;3108001;16357;-1;-1;-1;133;-1;-1;-1;1;3;4;0;2;3;3;2;432;438;158;166;256;272;274;272;0;1;0;0;1;0;3467
202028;Topptipset Extra;2112X212;2133477;592;-1;-1;-1;2520;-1;-1;-1;3;1;4;0;4;4;3;2;450;476;151;139;377;382;299;337;1;1;1;1;1;1;3463
202028;Topptipset Extra;1111121X;2292423;9495;-1;-1;-1;169;-1;-1;-1;6;1;1;0;3;3;4;3;372;335;197;219;244;255;175;116;0;0;0;0;0;0;3469
202028;Topptipset;1X121X1X;2975969;2578;-1;-1;-1;808;-1;-1;-1;4;3;1;0;4;5;1;1;422;423;165;169;321;325;257;254;0;1;1;0;1;1;3461
202028;Topptipset;X21111X2;2946748;10687;-1;-1;-1;193;-1;-1;-1;4;2;2;0;3;3;3;2;440;430;147;163;285;297;293;267;0;1;1;0;1;0;3464
202028;Topptipset;2XX2X12X;2746446;2754;-1;-1;-1;698;-1;-1;-1;1;4;3;0;4;4;0;0;431;431;166;169;306;304;265;262;1;0;0;1;0;0;3465
202028;Topptipset;12112211;2178992;613;-1;-1;-1;2485;-1;-1;-1;5;0;3;0;6;6;2;1;428;407;166;178;387;368;262;229;1;1;0;1;1;0;3470
202027;Topptipset Stryk;1121221X;3289270;144;-1;-1;-1;15911;-1;-1;-1;4;1;3;0;6;6;2;1;449;439;152;160;429;425;297;279;1;1;1;1;1;1;3457
202027;Topptipset Extra;1211X1X2;2339638;12794;-1;-1;-1;128;-1;-1;-1;4;2;2;0;3;3;2;3;425;411;169;179;272;265;256;232;0;0;1;1;0;0;3453
202027;Topptipset Extra;X11X1111;2406386;8912;-1;-1;-1;189;-1;-1;-1;6;2;0;0;3;3;3;3;445;430;151;165;280;303;294;265;1;0;0;1;0;0;3459
202027;Topptipset;21111212;2381447;4888;-1;-1;-1;341;-1;-1;-1;5;0;3;0;5;4;3;3;422;404;166;175;315;315;256;229;1;0;1;0;1;1;3451
202027;Topptipset;2X212212;3679431;339;-1;-1;-1;8329;-1;-1;-1;2;1;5;0;6;6;0;0;422;410;162;175;387;370;260;235;1;1;0;1;1;1;3454
202027;Topptipset;112X2111;3892576;1675;-1;-1;-1;1775;-1;-1;-1;5;1;2;0;5;6;1;1;406;398;180;185;347;344;226;213;1;1;0;1;1;0;3455
202027;Topptipset;11X22212;2200004;1917;-1;-1;-1;803;-1;-1;-1;3;1;4;0;5;5;3;3;394;370;188;193;332;334;206;177;1;1;0;1;1;0;3460
202026;Topptipset Stryk;XX121222;2624600;2861;-1;-1;-1;642;-1;-1;-1;2;2;4;0;5;5;1;1;353;351;154;159;303;306;199;192;1;1;0;1;1;0;3447
202026;Topptipset Extra;11X21221;1708117;262;-1;-1;-1;4554;-1;-1;-1;4;1;3;0;5;5;2;3;464;467;134;144;424;429;330;323;1;1;1;1;1;1;3443
202026;Topptipset Extra;22212212;1916359;362;-1;-1;-1;3705;-1;-1;-1;2;0;6;0;6;7;2;0;419;417;172;173;394;406;247;244;1;1;1;1;1;1;3449
202026;Topptipset;XXX21X22;2337806;737;-1;-1;-1;2219;-1;-1;-1;1;4;3;0;4;4;1;1;438;436;152;162;363;361;286;274;1;1;1;1;1;0;3441
202026;Topptipset;1X222112;2290980;570;-1;-1;-1;2811;-1;-1;-1;3;1;4;0;5;6;1;0;426;421;151;163;375;380;275;258;1;0;1;1;1;0;3444
202026;Topptipset;1211X211;2350040;7687;-1;-1;-1;214;-1;-1;-1;5;1;2;0;3;3;3;3;395;387;181;187;267;274;214;200;0;1;0;0;1;0;3445
202026;Topptipset;1X122X2X;1879298;4110;-1;-1;-1;320;-1;-1;-1;2;3;3;0;3;3;3;4;434;419;159;175;309;315;275;244;1;0;1;1;0;0;3450
202025;Topptipset Stryk;1221XXXX;2669465;9390;-1;-1;-1;199;-1;-1;-1;2;4;2;0;2;2;4;2;374;341;197;213;259;271;177;128;0;1;0;0;1;1;3437
202025;Topptipset Extra;1XX1X22X;1768134;8968;-1;-1;-1;138;-1;-1;-1;2;4;2;0;3;3;1;2;444;454;153;157;291;298;291;297;1;0;0;0;0;1;3433
202025;Topptipset Extra;X1211122;1886892;342;-1;-1;-1;3855;-1;-1;-1;4;1;3;0;5;5;1;2;450;457;136;152;391;381;314;305;1;1;1;1;1;1;3439
202025;Topptipset;1X2XX111;1992845;4043;-1;-1;-1;345;-1;-1;-1;4;3;1;0;3;3;2;0;436;416;154;169;304;300;282;247;1;0;0;1;0;0;3431
202025;Topptipset;11X221X1;1960241;4883;-1;-1;-1;281;-1;-1;-1;4;2;2;0;4;3;2;2;405;394;174;181;307;311;231;213;1;0;1;1;0;1;3434
202025;Topptipset;X221211X;2429940;5170;-1;-1;-1;329;-1;-1;-1;3;2;3;0;3;3;2;3;421;401;163;182;299;300;258;219;1;0;1;1;0;1;3435
202025;Topptipset;X2X2X1XX;2064837;8166;-1;-1;-1;177;-1;-1;-1;1;5;2;0;3;2;1;5;374;352;203;211;248;236;171;141;0;0;0;0;0;0;3440
202024;Topptipset Extra;11X121X1;1325680;291;-1;-1;-1;3179;-1;-1;-1;5;2;1;0;5;6;0;0;469;501;133;126;412;424;336;375;1;1;1;1;1;1;3425
202024;Topptipset Extra;1XX21221;2194565;895;-1;-1;-1;1715;-1;-1;-1;3;2;3;0;4;4;2;2;461;475;133;138;361;349;328;337;1;1;0;1;1;0;3428
202024;Topptipset;2X2X21X2;1533288;9333;-1;-1;-1;115;-1;-1;-1;1;3;4;0;2;2;5;2;378;361;193;207;257;272;185;154;1;0;0;1;0;0;3423
202024;Topptipset;1X121X21;1202134;2777;-1;-1;-1;303;-1;-1;-1;4;2;2;0;4;5;0;2;371;362;198;205;302;305;173;157;0;1;1;1;0;1;3426
202024;Topptipset;X2X121X2;1576072;1799;-1;-1;-1;613;-1;-1;-1;2;3;3;0;4;4;1;1;426;414;164;174;331;326;262;240;1;1;0;1;0;1;3429
202024;Topptipset;1222X222;2983352;723;-1;-1;-1;3234;-1;-1;-1;1;1;6;0;4;4;2;1;438;445;155;160;370;372;283;285;1;1;1;1;1;1;3430
202023;Topptipset Extra;11221112;1048390;1276;-1;-1;-1;575;-1;-1;-1;5;0;3;0;6;7;1;1;434;438;155;164;372;387;279;274;1;0;1;1;0;1;3416
202023;Topptipset Extra;212XX22X;2155013;8288;-1;-1;-1;182;-1;-1;-1;1;3;4;0;3;3;3;1;383;380;144;146;279;287;239;234;0;1;1;0;1;1;3421
202023;Topptipset;22112XX2;1013685;1217;-1;-1;-1;583;-1;-1;-1;2;2;4;0;4;4;3;2;419;392;169;192;344;339;250;200;1;1;1;1;1;1;3414
202023;Topptipset;21112211;959160;3094;-1;-1;-1;217;-1;-1;-1;5;0;3;0;6;6;2;2;452;476;147;143;327;356;305;333;1;0;1;0;1;0;3417
202023;Topptipset;1121222X;1743276;7334;-1;-1;-1;180;-1;-1;-1;3;1;4;0;4;4;2;2;389;375;186;198;263;258;203;177;0;0;0;0;0;1;3419
202023;Topptipset;XX11X2X2;1801052;9070;-1;-1;-1;139;-1;-1;-1;2;4;2;0;2;2;4;3;399;375;178;198;282;273;221;177;1;0;1;1;0;1;3422
202023;Topptipset;X1XX2121;1025602;44870;-1;-1;-1;16;-1;-1;-1;3;3;2;0;2;2;4;4;418;424;170;174;237;228;248;250;0;0;0;0;0;1;3418
202022;Topptipset Extra;22XX22X2;1792633;13789;-1;-1;-1;91;-1;-1;-1;0;3;5;0;1;2;4;2;392;376;189;203;220;253;203;173;0;0;1;0;0;0;3408
202022;Topptipset Extra;1122212X;1879739;549;-1;-1;-1;2393;-1;-1;-1;3;1;4;0;2;2;0;0;183;183;45;50;170;168;138;133;1;1;0;1;1;0;3412
202022;Topptipset;X1X1X1XX;1733530;18960;-1;-1;-1;64;-1;-1;-1;3;5;0;0;2;2;2;2;391;373;186;192;227;238;205;181;0;0;0;0;0;0;3409
202022;Topptipset;2XX12XX2;1908566;1824;-1;-1;-1;787;-1;-1;-1;1;4;3;0;3;3;1;2;425;422;165;174;332;341;260;248;1;0;1;1;0;1;3410
202022;Topptipset;12X11212;1282285;121;-1;-1;-1;7376;-1;-1;-1;4;1;3;0;7;7;0;0;445;445;146;157;429;430;299;288;1;1;1;1;1;1;3413
202021;Topptipset Extra;1222X22X;1800663;1884;-1;-1;-1;669;-1;-1;-1;1;2;5;0;3;3;2;1;443;432;149;169;340;347;294;263;1;1;1;1;1;0;3405
202021;Topptipset;11X1X111;1829856;420;-1;-1;-1;3284;-1;-1;-1;6;2;0;0;6;6;0;0;412;398;177;182;376;361;235;216;1;1;1;1;1;1;3403
202021;Topptipset;22XX1XX2;1299688;4665;-1;-1;-1;195;-1;-1;-1;1;4;3;0;2;2;2;1;438;436;156;170;300;304;282;266;1;1;0;1;1;0;3406
202020;Topptipset Extra;12X2X2X2;1770364;2888;-1;-1;-1;429;-1;-1;-1;1;3;4;0;4;4;1;1;444;442;153;165;324;326;291;277;1;0;1;1;0;1;3401
202020;Topptipset;1X111111;1394605;1433;-1;-1;-1;751;-1;-1;-1;7;1;0;0;4;2;1;2;383;365;193;199;328;310;190;166;1;1;0;1;1;0;3367
202020;Topptipset;X221X122;1293515;118;-1;-1;-1;7667;-1;-1;-1;2;2;4;0;6;6;0;0;470;513;135;123;433;461;335;390;1;1;1;1;1;1;3402
202019;Topptipset;2XX21X22;1659452;8410;-1;-1;-1;150;-1;-1;-1;1;3;4;0;1;1;6;4;371;351;200;210;252;266;171;141;1;0;0;1;0;0;3365
202019;Topptipset;21X21X11;896944;1359;-1;-1;-1;462;-1;-1;-1;4;2;2;0;4;4;1;1;357;363;152;149;315;316;205;214;1;0;1;1;1;0;3366
202018;Topptipset;12X22211;1803788;2190;-1;-1;-1;622;-1;-1;-1;3;1;4;0;4;4;2;2;400;404;190;177;329;335;210;227;1;1;0;1;1;0;3364
202017;Topptipset;212221X1;1816348;1298;-1;-1;-1;1056;-1;-1;-1;3;1;4;0;5;5;2;2;384;379;188;192;320;330;196;187;1;1;1;1;1;0;3363
202016;Topptipset;21X2111X;1169617;22408;-1;-1;-1;41;-1;-1;-1;4;2;2;0;3;3;3;3;402;418;176;168;242;242;226;250;0;0;1;0;0;0;3362
202015;Topptipset;XX112X1X;1183615;8074;-1;-1;-1;115;-1;-1;-1;3;4;1;0;3;3;1;1;398;396;178;184;267;281;220;212;0;1;1;0;0;1;3361
202014;Topptipset;21X12112;775875;10247;-1;-1;-1;53;-1;-1;-1;4;1;3;0;3;2;3;4;413;429;170;161;262;263;243;268;1;0;0;0;1;0;3360
202013;Topptipset;12211221;603356;2246;-1;-1;-1;188;-1;-1;-1;4;0;4;0;5;6;2;2;406;424;177;162;335;349;229;262;0;1;1;0;1;1;3359
202011;Topptipset Extra;11111X22;1740638;229;-1;-1;-1;5311;-1;-1;-1;5;1;2;2;6;6;1;1;385;373;142;148;373;368;243;225;1;1;1;1;1;1;3351
202011;Topptipset;11111X22;1628809;709;-1;-1;-1;1608;-1;-1;-1;5;1;2;0;6;6;1;1;446;441;153;165;384;378;293;276;1;1;0;1;1;1;3347
202011;Topptipset;1221XX12;1885931;16298;-1;-1;-1;81;-1;-1;-1;3;2;3;0;3;4;3;2;419;395;167;177;241;255;252;218;0;1;0;0;0;1;3352
202011;Topptipset;2X1222X2;1219091;4848;-1;-1;-1;176;-1;-1;-1;1;2;5;2;3;3;4;4;429;395;162;186;298;274;267;209;0;1;0;1;0;1;3353
202010;Topptipset Stryk;1112XX2X;3716595;5807;-1;-1;-1;448;-1;-1;-1;3;3;2;0;4;4;2;3;418;387;167;188;294;294;251;199;1;0;1;0;1;1;3339
202010;Topptipset Extra;2X1X2211;1676811;622;-1;-1;-1;1885;-1;-1;-1;3;2;3;1;5;5;1;0;476;499;130;134;391;386;346;365;1;1;0;1;1;0;3341
202010;Topptipset Extra;111X12X1;2507548;17552;-1;-1;-1;100;-1;-1;-1;5;2;1;0;3;3;2;2;420;381;170;197;253;253;250;184;0;0;0;0;0;1;3345
202010;Topptipset;21XX1212;1703531;1738;-1;-1;-1;686;-1;-1;-1;3;2;3;1;6;6;0;1;449;440;154;155;363;363;295;285;0;1;1;0;1;1;3335
202010;Topptipset;12X22X11;2036386;1148;-1;-1;-1;1241;-1;-1;-1;3;2;3;0;3;4;2;1;433;400;167;181;345;354;266;219;1;1;0;1;1;0;3342
202010;Topptipset;21111221;1415991;1119;-1;-1;-1;885;-1;-1;-1;5;0;3;1;5;7;2;0;385;350;189;206;345;346;196;144;1;1;1;1;1;1;3343
202010;Topptipset;2XX2XX1X;1494427;18680;-1;-1;-1;56;-1;-1;-1;1;5;2;0;2;1;4;3;391;342;180;211;239;249;211;131;0;1;0;0;1;0;3346
202009;Topptipset Stryk;X1X1X1X2;3704638;22747;-1;-1;-1;114;-1;-1;-1;3;4;1;0;2;2;4;3;414;373;168;196;248;244;246;177;0;1;0;0;1;0;3329
202009;Topptipset Extra;21122XXX;1822693;45567;-1;-1;-1;28;-1;-1;-1;2;3;3;0;2;2;3;4;442;414;157;168;248;241;285;246;0;1;0;1;0;0;3331
202009;Topptipset Extra;X221X2X1;2451699;1442;-1;-1;-1;1190;-1;-1;-1;2;3;3;0;4;5;2;1;412;394;172;187;345;345;240;207;1;1;0;1;1;0;3337
202009;Topptipset;121X2221;1594563;601;-1;-1;-1;1856;-1;-1;-1;3;1;4;0;6;5;1;2;470;462;131;148;396;382;339;314;1;1;0;1;1;1;3325
202009;Topptipset;2X21111X;3635005;5053;-1;-1;-1;553;-1;-1;-1;4;2;2;0;4;4;2;3;404;384;178;197;300;302;226;187;0;1;1;0;1;1;3332
202009;Topptipset;2112XX22;3626202;3597;-1;-1;-1;775;-1;-1;-1;2;2;4;0;3;3;2;2;398;367;178;198;294;297;220;169;1;1;0;1;1;0;3333
202009;Topptipset;11X2211X;1654999;1169;-1;-1;-1;991;-1;-1;-1;4;2;2;0;5;5;2;2;419;399;170;186;360;347;249;213;1;1;0;1;1;0;3334
202008;Topptipset Stryk;2111XX21;3506499;421;-1;-1;-1;5830;-1;-1;-1;4;2;2;0;6;6;0;0;440;421;151;173;380;386;289;248;1;1;1;1;0;1;3319
202008;Topptipset Extra;1X211X11;1721975;415;-1;-1;-1;2903;-1;-1;-1;5;2;1;0;6;5;0;1;411;397;170;181;378;370;241;216;1;1;1;1;1;1;3321
202008;Topptipset Extra;111X2121;2096679;460;-1;-1;-1;3189;-1;-1;-1;5;1;2;2;5;5;1;2;430;401;159;182;382;351;271;219;1;1;1;1;1;1;3327
202008;Topptipset;2121122X;1634907;8116;-1;-1;-1;141;-1;-1;-1;3;1;4;0;3;3;4;3;424;400;161;176;278;277;263;224;1;0;0;1;0;1;3317
202008;Topptipset;1112X1XX;2001305;1581;-1;-1;-1;886;-1;-1;-1;4;3;1;1;3;3;2;2;422;409;161;171;329;334;261;238;1;1;1;1;1;1;3322
202008;Topptipset;211XXXXX;1683165;1873;-1;-1;-1;629;-1;-1;-1;2;5;1;0;2;3;1;1;420;402;170;181;318;334;250;221;1;1;0;1;1;0;3323
202008;Topptipset;X22X2221;1523573;1591;-1;-1;-1;670;-1;-1;-1;1;2;5;1;4;5;2;1;416;396;172;177;338;341;244;219;1;0;1;0;1;1;3324
202007;Topptipset Stryk;212X22X1;3357708;3632;-1;-1;-1;647;-1;-1;-1;2;2;4;0;4;3;2;2;433;408;156;176;305;326;277;232;1;1;0;1;1;0;3309
202007;Topptipset Extra;21121X22;1681387;8654;-1;-1;-1;136;-1;-1;-1;3;1;4;0;3;3;4;3;398;349;187;217;278;274;211;132;1;0;1;1;0;0;3311
202007;Topptipset Extra;12122222;2117832;2277;-1;-1;-1;651;-1;-1;-1;2;0;6;1;5;6;3;2;413;380;169;190;326;317;244;190;1;0;0;1;1;0;3315
202007;Topptipset;11XX21X1;1200324;5875;-1;-1;-1;143;-1;-1;-1;4;3;1;0;4;4;1;1;442;407;151;180;299;293;291;227;1;0;0;0;0;1;3307
202007;Topptipset;21X2XXX1;1834091;19751;-1;-1;-1;65;-1;-1;-1;2;4;2;0;3;2;3;4;388;347;189;207;260;258;199;140;1;0;0;0;1;0;3312
202007;Topptipset;X1X22111;1328229;274;-1;-1;-1;3392;-1;-1;-1;4;2;2;0;6;6;0;2;440;426;162;168;402;383;278;258;1;1;1;1;1;1;3313
202007;Topptipset;X1X12XX2;1679680;3458;-1;-1;-1;340;-1;-1;-1;2;4;2;0;3;2;4;4;372;345;199;215;302;310;173;130;1;1;0;1;1;0;3316
202006;Topptipset Stryk;X12112X1;3348829;656;-1;-1;-1;3573;-1;-1;-1;4;2;2;0;5;5;0;1;418;391;171;189;356;321;247;202;1;1;0;1;1;0;3299
202006;Topptipset Extra;1X2XX1X2;1613922;4483;-1;-1;-1;252;-1;-1;-1;2;4;2;0;4;4;1;1;421;383;168;188;295;276;253;195;0;0;1;0;0;1;3301
202006;Topptipset Extra;21121X12;2259057;2381;-1;-1;-1;664;-1;-1;-1;4;1;3;1;5;5;3;2;432;410;158;180;334;315;274;230;0;1;1;0;1;1;3305
202006;Topptipset;212X1XX1;1640339;819;-1;-1;-1;1401;-1;-1;-1;3;3;2;0;6;6;1;2;408;381;171;189;354;339;237;192;1;0;1;0;1;1;3297
202006;Topptipset;1XXX11X2;2955860;2796;-1;-1;-1;740;-1;-1;-1;3;4;1;0;3;3;1;1;448;448;146;159;326;314;302;289;1;0;1;1;1;0;3302
202006;Topptipset;21221122;1436775;4335;-1;-1;-1;232;-1;-1;-1;3;0;5;0;3;4;5;3;407;411;178;178;266;306;229;233;1;0;0;0;1;0;3303
202006;Topptipset;211222X2;1685196;6018;-1;-1;-1;196;-1;-1;-1;2;1;5;0;5;4;2;2;416;371;173;203;286;271;243;168;0;0;1;0;0;1;3306
202005;Topptipset Stryk;1X12X2XX;3830683;2387;-1;-1;-1;1123;-1;-1;-1;2;4;2;0;4;4;0;3;396;367;187;204;314;311;209;163;1;0;1;1;0;0;3258
202005;Topptipset Extra;1X212112;1765980;20603;-1;-1;-1;60;-1;-1;-1;4;1;3;0;2;2;5;3;434;426;162;169;247;252;272;257;1;0;0;0;1;0;3260
202005;Topptipset Extra;1X2X1X11;2494097;16165;-1;-1;-1;108;-1;-1;-1;4;3;1;0;2;1;3;2;423;388;162;193;253;235;261;195;0;0;1;1;0;0;3264
202005;Topptipset;2112XX11;1335419;1888;-1;-1;-1;495;-1;-1;-1;4;2;2;1;5;5;2;1;421;406;161;176;328;315;260;230;0;1;1;0;1;1;3256
202005;Topptipset;22121211;3011668;265;-1;-1;-1;8890;-1;-1;-1;4;0;4;0;7;7;1;1;459;497;132;127;413;437;327;370;1;0;1;1;1;0;3261
202005;Topptipset;11211X2X;1209005;2318;-1;-1;-1;365;-1;-1;-1;4;2;2;0;2;2;1;3;268;247;101;119;227;211;167;128;1;1;0;1;1;0;3262
202005;Topptipset;X1X11X12;1368759;14517;-1;-1;-1;66;-1;-1;-1;4;3;1;0;2;2;3;2;391;353;180;205;245;252;211;148;0;1;0;0;1;0;3296
202004;Topptipset Stryk;X2XX22X2;3368381;16039;-1;-1;-1;147;-1;-1;-1;0;4;4;0;2;2;4;5;420;400;170;181;252;270;250;219;1;0;0;0;1;0;3248
202004;Topptipset Extra;X21X122X;1765791;6717;-1;-1;-1;184;-1;-1;-1;2;3;3;0;1;2;1;0;410;390;175;184;265;279;235;206;1;0;0;1;0;0;3250
202004;Topptipset Extra;1X11X112;2200032;686;-1;-1;-1;2243;-1;-1;-1;5;2;1;0;5;5;2;2;436;409;154;173;382;365;282;236;1;1;1;1;1;1;3254
202004;Topptipset;22211XX1;1358728;38044;-1;-1;-1;25;-1;-1;-1;3;2;3;0;1;2;2;2;327;329;114;119;149;152;213;210;0;0;0;0;0;0;3246
202004;Topptipset;211XX12X;1926822;2301;-1;-1;-1;586;-1;-1;-1;3;3;2;0;4;4;2;2;464;474;129;140;354;350;335;334;1;1;0;1;1;0;3251
202004;Topptipset;2XX1X12X;1491214;10134;-1;-1;-1;103;-1;-1;-1;2;4;2;0;3;3;2;2;399;407;131;130;258;250;268;277;0;0;1;0;0;1;3252
202004;Topptipset;21X12XXX;1833236;1466;-1;-1;-1;875;-1;-1;-1;2;4;2;0;3;3;0;1;432;412;162;178;340;343;270;234;1;1;1;1;1;0;3255
202003;Topptipset Stryk;XX1X2X1X;3284917;85164;0;0;0;27;;;;2;5;1;0;1;1;3;2;447;416;154;178;205;209;293;238;0;0;0;0;0;0;3238
202003;Topptipset Extra;1212X2X1;1179077;82;-1;-1;-1;10051;-1;-1;-1;3;2;3;0;6;6;1;0;453;422;148;168;446;408;305;254;1;1;1;1;1;1;3240
202003;Topptipset Extra;111X2XX2;1851650;5446;-1;-1;-1;238;-1;-1;-1;3;3;2;0;3;3;3;3;471;458;123;150;313;314;348;308;1;0;1;1;0;1;3244
202003;Topptipset;111X11X2;1173295;381;0;0;0;2153;;;;5;2;1;0;4;4;0;1;294;263;86;109;248;224;208;154;0;1;1;0;1;1;3234
202003;Topptipset;1212111X;1212790;171;-1;-1;-1;4942;-1;-1;-1;5;1;2;1;6;5;1;0;465;467;140;143;436;432;325;324;1;1;1;1;1;1;3241
202003;Topptipset;2111112X;1032270;216;-1;-1;-1;3337;-1;-1;-1;5;1;2;0;6;5;0;1;433;376;159;186;400;355;274;190;1;1;1;1;1;1;3242
202003;Topptipset;11222X2X;1199650;8232;-1;-1;-1;102;-1;-1;-1;2;2;4;0;3;3;1;2;404;359;174;200;290;290;230;159;0;1;1;0;1;0;3245
202002;Topptipset Stryk;21112X2X;3297958;2925;0;0;0;789;;;;3;2;3;0;4;4;3;3;468;471;126;139;333;336;342;332;1;1;0;1;1;0;3229
202002;Topptipset Extra;12111212;1270450;331;0;0;0;2680;;;;5;0;3;0;6;6;1;0;378;343;194;209;364;337;184;134;1;1;1;1;1;1;3231
202002;Topptipset Extra;22211111;1871717;74;0;0;0;17536;;;;5;0;3;0;8;7;0;0;447;425;146;171;447;422;301;254;1;1;1;1;1;1;3236
202002;Topptipset;1X211221;2291416;287;0;0;0;5572;;;;4;1;3;0;7;6;0;0;450;448;148;149;406;408;302;299;1;1;0;1;1;0;3226
202002;Topptipset;211X2X11;1455174;527;0;0;0;1932;;;;4;2;2;0;4;4;0;0;332;342;68;66;271;285;264;276;1;0;1;1;0;1;3227
202002;Topptipset;2X1112X1;1093316;568;0;0;0;1347;;;;4;2;2;0;5;5;1;1;502;522;108;113;405;417;394;409;1;1;1;1;1;0;3232
202002;Topptipset;12X12112;938097;1385;0;0;0;474;;;;4;1;3;0;4;5;2;1;420;391;170;184;323;334;250;207;1;0;1;1;0;0;3233
202001;Topptipset Stryk;X111X121;2738388;1511;0;0;0;1268;;;;5;2;1;0;5;5;2;2;465;466;140;143;362;352;325;323;0;1;1;1;0;1;3219
202001;Topptipset Extra;11211X1X;2904767;2111;0;0;0;963;;;;5;2;1;0;3;3;4;2;417;382;174;193;332;323;243;189;1;1;1;1;1;1;3222
202001;Topptipset Extra;11X221X2;2106071;1014;0;0;0;1453;;;;3;2;3;0;5;4;2;1;447;473;155;142;363;339;292;331;1;0;1;1;1;1;3224
202001;Topptipset;111XXX11;1511031;243;0;0;0;4336;;;;5;3;0;1;5;5;0;0;451;440;148;155;404;399;303;285;1;1;1;1;1;1;3221
202001;Topptipset;XXX21X11;976354;3178;0;0;0;215;;;;3;4;1;1;3;3;1;1;434;424;163;165;312;296;271;259;1;0;1;1;1;0;3225
201952;Topptipset Stryk;22X1X221;3439358;818;0;0;0;2940;;;;2;2;4;0;3;3;0;0;171;170;56;56;171;170;115;114;1;1;1;1;1;1;3212
201952;Topptipset Extra;21X2111X;3370653;5913;0;0;0;399;;;;4;2;2;0;5;5;1;2;444;437;155;161;318;324;289;276;1;0;1;0;1;1;3215
201952;Topptipset Extra;21121111;1963693;207;0;0;0;6612;;;;6;0;2;0;6;7;1;1;443;447;151;154;419;426;292;293;1;1;1;1;1;1;3217
201952;Topptipset;1X1X12X1;1398884;5264;0;0;0;186;;;;4;3;1;0;4;4;1;1;444;439;155;163;296;308;289;276;0;1;0;1;0;0;3214
201951;Topptipset Stryk;1222121X;3814167;3920;0;0;0;681;;;;3;1;4;0;3;3;2;1;409;372;179;201;301;311;230;171;1;1;0;1;0;1;3203
201951;Topptipset Extra;XX1222X2;1513786;905;0;0;0;1170;;;;1;3;4;0;3;3;3;3;473;490;142;140;384;386;331;350;1;1;1;1;1;1;3205
201951;Topptipset Extra;2122X221;2536279;9104;0;0;0;195;;;;2;1;5;0;4;4;3;2;424;375;164;195;266;293;260;180;1;0;0;0;0;0;3209
201951;Topptipset;X21X2221;1491112;676;0;0;0;1544;;;;2;2;4;0;4;4;2;3;442;426;151;169;376;352;291;257;1;1;1;1;1;1;3201
201951;Topptipset;1X122212;1628306;4100;0;0;0;278;;;;3;1;4;0;4;3;3;3;400;384;181;193;303;302;219;191;1;0;1;1;0;1;3206
201951;Topptipset;22212121;996183;353;0;0;0;1975;;;;3;0;5;0;5;4;1;1;331;319;115;129;298;286;216;190;1;1;1;1;1;1;3207
201951;Topptipset;11212111;1427692;737;0;0;0;1356;;;;6;0;2;1;7;6;1;1;409;398;175;188;363;356;234;210;1;1;0;1;0;1;3210
201950;Topptipset Stryk;12X12122;3457051;31841;0;0;0;76;;;;3;1;4;0;3;3;4;3;444;442;161;164;229;256;283;278;0;0;1;0;0;1;3193
201950;Topptipset Extra;2111121X;1932018;111;0;0;0;12101;;;;5;1;2;0;6;6;1;1;465;506;147;127;448;472;318;379;1;1;1;1;1;1;3195
201950;Topptipset Extra;2X21XXXX;2413283;13197;0;0;0;128;;;;1;5;2;0;2;2;2;2;434;415;155;178;247;259;279;237;1;0;0;0;0;1;3199
201950;Topptipset;2X11X112;1397420;188;0;0;0;5200;;;;4;2;2;0;6;6;1;1;444;432;150;164;412;406;294;268;1;1;1;1;1;1;3191
201950;Topptipset;2112X112;3361725;3088;0;0;0;843;;;;4;1;3;0;3;3;4;3;441;440;163;158;339;331;278;282;1;1;0;1;1;0;3196
201950;Topptipset;2XX111XX;2661614;5269;0;0;0;401;;;;3;4;1;0;3;3;1;1;456;463;144;144;313;313;312;319;0;1;1;0;1;1;3197
201950;Topptipset;21XX22X1;1439388;32502;0;0;0;31;;;;2;3;3;0;1;1;4;2;418;369;170;207;236;253;248;162;0;1;0;1;0;0;3200
201949;Topptipset Stryk;221X1121;3552349;949;0;0;0;2618;;;;4;1;3;0;5;5;3;3;458;443;140;160;371;333;318;283;0;1;1;1;1;1;3183
201949;Topptipset Extra;11111111;2316227;74;0;0;0;21815;;;;8;0;0;0;7;8;0;0;468;477;139;136;461;477;329;341;1;1;1;1;1;1;3185
201949;Topptipset Extra;212X122X;2137340;1531;0;0;0;977;;;;2;2;4;0;5;5;2;2;397;344;178;218;329;311;219;126;1;1;0;1;0;0;3189
201949;Topptipset;11221111;1547309;345;0;0;0;3132;;;;6;0;2;0;4;5;0;0;393;375;181;192;374;364;212;183;1;1;1;1;1;1;3179
201949;Topptipset;21X2211X;1857612;3088;0;0;0;421;;;;3;2;3;0;5;5;2;2;440;414;151;179;334;317;289;235;1;0;1;1;0;1;3186
201949;Topptipset;2212X111;1381893;1387;0;0;0;697;;;;4;1;3;0;5;5;2;2;470;470;137;144;374;368;333;326;1;1;0;1;1;0;3187
201949;Topptipset;XXX2X211;1716640;344;0;0;0;3491;;;;2;4;2;0;4;4;0;0;446;434;140;162;372;345;306;272;1;1;0;1;1;1;3190
201948;Topptipset Stryk;21121XX2;3339718;6896;0;0;0;339;;;;3;2;3;0;3;3;2;4;457;461;148;155;326;315;309;306;1;0;1;1;0;1;3173
201948;Topptipset Extra;1212X2X2;1808542;2883;0;0;0;439;;;;2;2;4;0;5;3;3;1;375;323;196;220;312;283;179;103;1;0;0;0;1;1;3175
201948;Topptipset Extra;XXX12212;2433213;3710;0;0;0;459;;;;2;3;3;0;4;4;1;2;436;409;153;178;311;304;283;231;0;1;1;1;0;1;3181
201948;Topptipset;12X12112;1634937;4270;0;0;0;268;;;;4;1;3;0;5;5;2;3;409;391;173;191;316;311;236;200;0;1;1;0;1;0;3171
201948;Topptipset;X11X21X2;4031460;1517;0;0;0;2024;;;;3;3;2;0;5;5;2;2;465;480;142;138;375;375;323;342;0;1;1;0;1;1;3176
201948;Topptipset;X122X212;3094168;615;0;0;0;3517;;;;2;2;4;0;5;5;0;0;465;463;130;153;371;355;335;310;0;1;0;0;0;1;3177
201948;Topptipset;211X12XX;1435665;1124;0;0;0;894;;;;3;3;2;0;4;4;1;1;423;402;165;174;350;338;258;228;1;1;0;1;1;0;3178
201947;Topptipset Stryk;1X222222;3509306;3342;0;0;0;735;;;;1;1;6;0;5;5;2;2;462;468;130;151;337;344;332;317;0;1;0;0;1;0;3163
201947;Topptipset Extra;111112X1;1367243;254;0;0;0;3759;;;;6;1;1;0;1;1;0;0;59;52;17;21;59;52;42;31;1;0;0;1;0;0;3165
201947;Topptipset Extra;X1X21222;1970583;8567;0;0;0;161;;;;2;2;4;0;3;3;3;3;433;391;155;191;295;279;278;200;1;0;1;0;1;1;3169
201947;Topptipset;121X11XX;1832578;91;0;0;0;14054;;;;4;3;1;0;5;5;0;1;530;575;103;89;477;466;427;486;1;1;1;1;1;1;3159
201947;Topptipset;21XX1X11;931745;3564;0;0;0;183;;;;4;3;1;0;2;2;1;1;299;261;138;155;221;219;161;106;0;1;1;0;1;1;3166
201947;Topptipset;1X1X2121;882041;4539;0;0;0;136;;;;4;2;2;0;4;3;1;0;379;334;145;162;282;266;234;172;0;1;1;0;1;1;3167
201947;Topptipset;1X11X22X;1186484;4538;0;0;0;183;;;;3;3;2;0;4;5;1;1;461;441;131;156;331;329;330;285;0;1;1;0;1;1;3170
201946;Topptipset Stryk;2211X111;2265184;159;0;0;0;9965;;;;5;1;2;0;7;6;0;0;464;439;135;159;426;397;329;280;1;1;0;1;1;1;3153
201946;Topptipset Extra;2212221X;1990346;344;0;0;0;4049;;;;2;1;5;0;5;5;0;0;310;293;119;139;260;252;191;154;1;0;1;1;0;1;3155
201946;Topptipset Extra;2122XX11;1552095;486;0;0;0;2234;;;;3;2;3;0;5;5;1;1;472;448;128;152;413;404;344;296;1;1;1;1;1;1;3161
201946;Topptipset;X2212X2X;909188;2187;0;0;0;291;;;;1;3;4;0;3;3;1;1;370;351;147;162;256;250;223;189;0;1;0;0;1;0;3151
201946;Topptipset;XX22X122;855996;5932;0;0;0;101;;;;1;3;4;0;3;3;2;2;406;362;172;202;273;273;234;160;0;1;0;0;1;0;3156
201946;Topptipset;X121XX2X;789168;5754;0;0;0;96;;;;2;4;2;0;2;1;1;2;389;391;128;126;250;237;261;265;1;0;0;1;0;0;3157
201946;Topptipset;X121X11X;1073178;507;0;0;0;1480;;;;4;3;1;0;5;5;0;0;457;454;136;147;373;354;321;307;1;1;1;1;1;0;3158
201945;Topptipset Stryk;X112122X;3604122;2023;0;0;0;1247;;;;3;2;3;0;6;6;0;0;391;362;184;206;315;304;207;156;0;1;1;0;0;1;3143
201945;Topptipset Extra;XX111221;1995300;6557;0;0;0;213;;;;4;2;2;0;4;3;2;2;418;382;175;196;305;297;243;186;1;0;0;1;0;0;3145
201945;Topptipset Extra;11111XX2;2372043;2072;0;0;0;801;;;;5;2;1;0;5;4;1;1;446;447;143;150;346;342;303;297;1;1;1;1;0;1;3150
201945;Topptipset;221211X1;1792830;828;0;0;0;1514;;;;4;1;3;0;4;6;1;1;382;348;189;212;355;331;193;136;1;1;1;1;1;1;3141
201945;Topptipset;1X1X1121;3907840;652;0;0;0;4578;;;;5;2;1;0;5;5;1;0;449;431;153;174;380;352;296;257;1;0;0;1;1;0;3146
201945;Topptipset;1112XX11;2467570;425;0;0;0;4057;;;;5;2;1;0;5;5;1;1;471;488;134;135;402;426;337;353;1;1;0;1;1;0;3147
201945;Topptipset;2X12X221;1837087;3466;0;0;0;371;;;;2;2;4;0;5;4;0;0;386;349;187;199;313;300;199;150;1;0;1;0;1;1;3148
201944;Topptipset Stryk;2X111221;3314056;290;0;0;0;7993;;;;4;1;3;0;6;6;1;1;477;504;123;130;425;443;354;374;1;1;1;1;1;1;3133
201944;Topptipset Extra;2X112122;1972231;409;0;0;0;3370;;;;3;1;4;0;6;6;1;1;437;393;157;191;382;369;280;202;1;1;1;1;1;1;3135
201944;Topptipset Extra;X222X122;2152370;4752;0;0;0;317;;;;1;2;5;0;4;3;2;3;395;361;184;202;281;272;211;159;0;0;1;0;0;1;3139
201944;Topptipset;11122XXX;2569477;1064;0;0;0;1690;;;;3;3;2;0;3;4;0;1;398;395;178;181;343;342;220;214;1;1;0;1;0;1;3131
201944;Topptipset;1122X211;1675098;55;0;0;0;21249;;;;4;1;3;0;6;7;0;1;488;503;123;121;481;494;365;382;1;1;1;1;1;1;3136
201944;Topptipset;11X112X1;1486512;6670;0;0;0;156;;;;5;2;1;0;2;3;3;3;410;375;173;189;277;297;237;186;1;1;0;1;0;0;3137
201944;Topptipset;112XXXXX;1331858;19026;0;0;0;49;;;;2;5;1;0;2;2;3;3;451;436;155;164;310;303;296;272;1;0;1;0;1;1;3140
201943;Topptipset Stryk;1XX21XX1;3692658;4337;0;0;0;596;;;;3;4;1;0;3;3;0;2;427;389;164;191;300;285;263;198;0;1;0;0;1;1;3123
201943;Topptipset Extra;212X2111;2159545;151;0;0;0;10006;;;;4;1;3;0;6;6;0;1;436;404;159;182;424;383;277;222;1;1;1;1;1;1;3125
201943;Topptipset Extra;1X2X2X12;2677774;1215;0;0;0;1542;;;;2;3;3;0;4;4;2;1;434;421;153;171;353;348;281;250;1;0;1;1;1;0;3129
201943;Topptipset;2X1X1XXX;2100380;21621;0;0;0;68;;;;2;5;1;0;2;2;3;3;443;429;144;166;258;268;299;263;0;1;1;0;1;0;3121
201943;Topptipset;112221XX;3414266;72;0;0;0;36301;;;;3;2;3;0;6;6;1;2;478;508;129;125;465;487;349;383;1;1;1;1;1;1;3126
201943;Topptipset;1X121122;2199872;1684;0;0;0;914;;;;4;1;3;0;4;4;2;2;454;423;145;163;348;327;309;260;1;1;0;1;1;0;3127
201943;Topptipset;211221XX;1724879;1739;0;0;0;694;;;;3;2;3;0;4;5;1;2;403;351;182;214;338;318;221;137;1;1;0;1;0;1;3130
201942;Topptipset Stryk;1X1X1X21;3156870;501;0;0;0;4403;;;;4;3;1;0;5;5;0;1;482;495;120;129;385;399;362;366;1;1;1;1;1;0;3113
201942;Topptipset Extra;XX111211;2239710;2532;0;0;0;619;;;;5;2;1;0;3;3;4;4;426;419;158;167;324;328;268;252;1;1;1;1;1;1;3115
201942;Topptipset Extra;X121X1X2;2459642;1322;0;0;0;1302;;;;3;3;2;0;4;3;0;1;425;389;161;182;337;310;264;207;1;1;0;1;1;0;3119
201942;Topptipset;2X1112X2;1653900;498;0;0;0;2323;;;;3;2;3;0;4;4;2;2;489;486;113;127;400;389;376;359;1;1;0;1;1;0;3109
201942;Topptipset;1X2211X1;821307;1922;0;0;0;299;;;;4;2;2;0;3;5;2;2;420;421;172;172;339;350;248;249;1;0;1;1;0;1;3116
201942;Topptipset;212X1121;693245;1493;0;0;0;325;;;;4;1;3;0;5;5;1;1;389;366;184;195;337;331;205;171;1;0;1;1;0;1;3117
201942;Topptipset;121111X2;1346084;877;0;0;0;1074;;;;5;1;2;0;5;5;1;1;411;383;168;191;357;344;243;192;1;1;0;1;1;0;3120
201941;Topptipset Stryk;2X1112XX;2581010;297;0;0;0;6063;;;;3;3;2;0;5;5;0;0;490;509;122;123;420;402;368;386;1;0;1;1;1;1;3103
201941;Topptipset Extra;11X21111;1423890;80;0;0;0;12403;;;;6;1;1;0;6;6;1;1;496;501;123;127;473;483;373;374;1;1;1;1;1;1;3105
201941;Topptipset Extra;2112X2X1;1758073;589;0;0;0;2086;;;;3;2;3;0;5;6;1;1;459;416;137;170;388;374;322;246;1;1;1;1;1;1;3111
201941;Topptipset;X221X122;1164412;331;0;0;0;2462;;;;2;2;4;0;5;5;0;2;388;376;146;147;377;365;242;229;1;1;1;1;1;1;3068
201941;Topptipset;121121X1;1145093;902;0;0;0;888;;;;5;1;2;0;5;5;3;1;397;363;188;210;348;323;209;153;1;1;1;1;1;1;3106
201941;Topptipset;X111X1X1;1079731;1134;0;0;0;666;;;;5;3;0;0;4;3;1;1;390;376;186;197;331;311;204;179;1;1;0;1;1;0;3107
201941;Topptipset;121X1111;1555620;1793;0;0;0;607;;;;6;1;1;0;4;4;3;3;467;438;127;154;349;350;340;284;1;1;1;1;1;1;3108
201940;Topptipset Stryk;112X2111;3623022;3895;0;0;0;651;;;;5;1;2;0;3;3;2;2;426;401;163;185;314;317;263;216;1;1;0;1;1;0;3062
201940;Topptipset Extra;XXX22121;1842539;4005;0;0;0;322;;;;2;3;3;0;3;3;2;1;419;372;165;196;313;309;254;176;1;0;1;1;1;0;3064
201940;Topptipset Extra;12122X1X;2364710;35219;0;0;0;47;;;;3;2;3;0;3;3;2;2;467;483;130;139;304;298;337;344;0;1;0;0;1;1;3070
201940;Topptipset;X11221X1;2456188;327;0;0;0;5245;;;;4;2;2;0;5;5;3;2;424;395;170;192;399;362;254;203;1;1;1;1;1;1;3060
201940;Topptipset;21122122;2906154;212;0;0;0;9569;;;;3;0;5;0;7;7;1;1;461;451;141;152;430;418;320;299;1;1;1;1;1;1;3065
201940;Topptipset;1122211X;2874949;1324;0;0;0;1519;;;;4;1;3;0;5;6;1;2;435;413;165;175;365;363;270;238;1;1;0;1;0;1;3066
201940;Topptipset;1X1112XX;1499636;11663;0;0;0;90;;;;4;3;1;1;3;3;2;1;403;379;179;197;261;268;224;182;0;1;0;0;1;0;3067
201939;Topptipset Stryk;XX111121;3582724;503;0;0;0;4980;;;;5;2;1;0;5;5;2;3;458;460;141;149;400;383;317;311;1;1;1;1;1;1;3052
201939;Topptipset Extra;122211X2;2001710;3494;0;0;0;401;;;;3;1;4;0;4;5;4;2;444;418;149;171;335;344;295;247;0;1;1;1;0;1;3054
201939;Topptipset Extra;1XX12222;2501212;404;0;0;0;4325;;;;2;2;4;0;5;5;2;1;454;438;147;164;401;391;307;274;1;1;1;1;1;1;3058
201939;Topptipset;X12XX111;1460035;1238;0;0;0;825;;;;4;3;1;0;5;5;0;2;442;411;153;175;342;322;289;236;0;1;1;0;1;1;3048
201939;Topptipset;12XX1221;1994315;264;0;0;0;5286;;;;3;2;3;0;5;5;2;2;472;488;135;135;424;433;337;353;1;1;1;1;1;1;3055
201939;Topptipset;1121X112;1986069;1247;0;0;0;1114;;;;5;1;2;0;4;4;3;2;459;449;145;154;363;365;314;295;1;1;1;1;1;1;3056
201939;Topptipset;12112112;1816511;126;0;0;0;10032;;;;5;0;3;0;8;7;0;1;408;373;172;193;408;358;236;180;1;1;1;1;1;1;3059
201938;Topptipset Stryk;112XX112;3107036;1285;0;0;0;1692;;;;4;2;2;0;4;5;1;1;456;441;145;163;374;372;311;278;1;1;1;1;1;1;3042
201938;Topptipset Extra;1211X111;1716758;179;0;0;0;6680;;;;6;1;1;0;7;6;0;1;422;405;164;177;404;380;258;228;1;1;1;1;1;1;3044
201938;Topptipset Extra;21X11212;2421341;513;0;0;0;3300;;;;4;1;3;0;5;5;2;1;431;399;164;180;391;377;267;219;1;1;1;1;1;1;3050
201938;Topptipset;1X2X2211;1789450;12913;0;0;0;97;;;;3;2;3;0;3;3;4;4;438;422;158;173;274;290;280;249;1;0;1;1;0;0;3040
201938;Topptipset;12X1212X;2600164;5617;0;0;0;324;;;;3;2;3;0;3;3;4;2;437;400;162;178;305;310;275;222;1;1;0;1;1;0;3045
201938;Topptipset;1X1212X1;2265491;4705;0;0;0;337;;;;4;2;2;0;3;3;2;2;446;461;159;149;331;331;287;312;1;0;1;1;0;1;3046
201938;Topptipset;22X11111;1863775;1447;0;0;0;901;;;;5;1;2;0;5;5;1;1;398;372;181;199;341;333;217;173;1;1;1;1;1;0;3047
201937;Topptipset Stryk;11212X22;3354874;33076;0;0;0;71;;;;3;1;4;0;3;3;4;2;435;408;161;183;271;277;274;225;0;1;0;0;1;0;3032
201937;Topptipset Extra;1X1212XX;2199557;9164;0;0;0;168;;;;3;3;2;0;3;2;2;2;423;393;167;189;264;275;256;204;1;0;1;0;0;1;3038
201937;Topptipset;2X221212;1872524;74;0;0;0;17598;;;;2;1;5;0;6;6;1;2;505;517;111;117;482;488;394;400;1;1;1;1;1;1;3028
201937;Topptipset;2222X111;1103362;467;0;0;0;1651;;;;3;1;4;0;5;7;0;1;427;426;168;159;389;405;259;267;1;1;1;1;1;1;3035
201937;Topptipset;2X21XX22;1095152;6036;0;0;0;127;;;;1;3;4;0;2;2;4;2;308;285;127;140;210;203;181;145;1;0;0;1;0;0;3036
201937;Topptipset;1XXX1X1X;1499434;8136;0;0;0;129;;;;3;5;0;0;2;2;2;2;419;359;170;203;263;272;249;156;1;0;0;0;1;0;3039
201936;Topptipset Stryk;1212X112;2494035;80;0;0;0;21715;;;;4;1;3;1;6;6;0;1;437;447;106;112;417;420;331;335;1;1;1;1;1;1;3022
201936;Topptipset Extra;22XX1222;1779534;1014;0;0;0;1228;;;;1;2;5;0;2;2;1;1;134;128;74;84;105;101;60;44;0;1;1;0;1;1;3024
201936;Topptipset Extra;X2X21211;2081865;2552;0;0;0;571;;;;3;2;3;0;4;4;1;0;446;407;148;175;317;318;298;232;0;1;1;0;1;1;3030
201936;Topptipset Extra;122212X1;1454059;89;0;0;0;11361;;;;3;1;4;0;6;6;1;0;467;456;84;103;452;449;383;353;1;1;1;1;1;1;3034
201936;Topptipset;12X22X12;1501219;1467;0;0;0;716;;;;2;2;4;0;3;3;3;3;452;452;149;153;351;342;303;299;1;1;0;1;1;1;3018
201936;Topptipset;22X1XXX1;1626174;9486;0;0;0;120;;;;2;4;2;0;3;2;2;2;381;354;190;210;256;256;191;144;0;0;1;0;0;0;3025
201936;Topptipset;X112X2X1;1079617;554;0;0;0;1364;;;;3;3;2;0;4;4;1;1;404;373;120;141;339;324;284;232;1;1;0;1;1;0;3026
201936;Topptipset;22211112;1518482;429;0;0;0;2475;;;;4;0;4;0;6;6;2;2;478;468;132;147;420;423;346;321;1;1;1;1;1;1;3027
201935;Topptipset Stryk;2X111X11;3397493;265;0;0;0;8963;;;;5;2;1;0;6;6;1;1;466;477;134;144;416;422;332;333;1;1;0;1;1;0;3012
201935;Topptipset Extra;2211XX22;1954108;582;0;0;0;2348;;;;2;2;4;0;5;5;2;1;419;382;172;193;365;337;247;189;1;1;0;1;1;1;3014
201935;Topptipset Extra;X112211X;2763968;296;0;0;0;6535;;;;4;2;2;0;6;5;0;2;424;379;168;187;394;348;256;192;1;1;1;1;1;1;3020
201935;Topptipset;21222121;2322298;96;0;0;0;16821;;;;3;0;5;0;8;7;0;0;431;416;166;177;431;412;265;239;1;1;1;1;1;1;3010
201935;Topptipset;2X2X2211;2308009;7842;0;0;0;206;;;;2;2;4;0;4;3;2;3;403;370;179;200;301;296;224;170;1;1;1;1;0;1;3015
201935;Topptipset;111X2222;2177088;1065;0;0;0;1430;;;;3;1;4;0;5;5;3;1;461;460;144;146;373;379;317;314;1;1;0;1;1;1;3016
201935;Topptipset;1X1X221X;2005129;2043;0;0;0;687;;;;3;3;2;0;5;5;1;1;441;408;155;170;326;324;286;238;1;0;0;1;0;0;3017
201934;Topptipset Stryk;21222X22;3749142;11073;0;0;0;237;;;;1;1;6;0;0;0;0;0;63;55;14;18;23;27;49;37;0;0;0;0;0;0;3002
201934;Topptipset Extra;11X1X112;1779948;394;0;0;0;3158;;;;5;2;1;0;6;5;1;1;428;407;157;175;388;370;271;232;1;1;1;1;1;1;3004
201934;Topptipset Extra;22X122X1;1996368;8124;0;0;0;172;;;;2;2;4;0;4;4;2;3;455;454;144;155;321;329;311;299;1;0;1;1;0;1;3008
201934;Topptipset;X112X1X1;2416459;1100;0;0;0;1537;;;;4;3;1;0;4;4;2;3;406;385;182;195;347;338;224;190;1;1;1;1;1;0;2998
201934;Topptipset;X2212211;2162770;4015;0;0;0;377;;;;3;1;4;0;4;5;2;1;413;382;170;190;306;310;243;192;0;1;1;0;1;1;3005
201934;Topptipset;1121111X;1917545;316;0;0;0;4235;;;;6;1;1;0;5;5;1;2;457;456;139;153;417;412;318;303;1;1;1;1;1;1;3006
201934;Topptipset;1221111X;2159541;868;0;0;0;1740;;;;5;1;2;0;4;4;2;1;399;352;180;207;352;330;219;145;1;1;1;1;1;1;3009
201933;Topptipset Stryk;X221X11X;3431469;1276;0;0;0;1882;;;;3;3;2;0;4;4;1;2;452;438;148;167;357;339;304;271;1;0;1;1;1;0;2992
201933;Topptipset Extra;X1111121;1620059;945;0;0;0;1199;;;;6;1;1;0;5;5;1;1;435;426;158;167;352;334;277;259;0;1;1;1;0;1;2994
201933;Topptipset Extra;X1112212;2129963;2781;0;0;0;536;;;;4;1;3;0;6;6;1;1;428;393;161;182;339;326;267;211;1;0;1;1;0;0;3000
201933;Topptipset;XX2X11X1;1897213;3067;0;0;0;433;;;;3;4;1;0;3;3;2;1;406;383;168;188;306;298;238;195;1;0;1;1;0;1;2990
201933;Topptipset;1X12X211;1873452;2164;0;0;0;606;;;;4;2;2;0;5;5;1;2;445;424;150;172;359;353;295;252;1;1;0;1;0;1;2995
201933;Topptipset;X121X2X1;1613579;1062;0;0;0;1063;;;;3;3;2;0;5;4;1;2;412;401;175;184;342;327;237;217;1;1;0;1;0;1;2996
201933;Topptipset;1X112121;1643966;1611;0;0;0;714;;;;5;1;2;0;6;6;1;1;462;468;138;142;353;360;324;326;0;1;1;0;1;1;2997
201932;Topptipset Stryk;1X1X22X1;3391802;3860;0;0;0;615;;;;3;3;2;0;3;3;3;3;428;392;166;187;315;315;262;205;1;1;0;1;1;0;2982
201932;Topptipset Extra;222X2212;1732469;11125;0;0;0;109;;;;1;1;6;0;3;2;4;4;383;334;196;220;251;256;187;114;0;1;0;0;1;0;2984
201932;Topptipset Extra;1X221X1X;2364649;221;0;0;0;7467;;;;3;3;2;0;5;5;0;2;440;403;151;180;400;367;289;223;1;1;1;1;1;1;2988
201932;Topptipset;2X212222;2037984;1018;0;0;0;1400;;;;1;1;6;0;5;5;2;2;397;393;184;193;348;331;213;200;1;1;0;1;1;1;2949
201932;Topptipset;XX1X2122;1826771;3312;0;0;0;386;;;;2;3;3;0;4;4;1;2;442;414;150;175;316;304;292;239;0;1;1;0;1;1;2985
201932;Topptipset;1X221222;1937080;366;0;0;0;3704;;;;2;1;5;0;5;6;2;0;434;400;158;181;391;366;276;219;1;1;1;1;1;1;2986
201932;Topptipset;1X11221X;1691919;1329;0;0;0;891;;;;4;2;2;0;5;5;1;2;437;433;156;169;353;352;281;264;1;0;1;1;0;1;2989
201931;Topptipset Stryk;X2211221;2791985;22992;0;0;0;85;;;;3;1;4;0;1;2;6;4;411;361;178;199;190;220;233;162;0;0;0;0;0;0;2941
201931;Topptipset Extra;11111111;1433165;43;0;0;0;22968;;;;8;0;0;0;8;8;0;0;470;487;128;127;470;487;342;360;1;1;1;1;1;1;2943
201931;Topptipset Extra;XX1X1221;1960756;7339;0;0;0;187;;;;3;3;2;0;4;4;3;3;438;432;156;165;315;317;282;267;0;1;1;0;1;1;2947
201931;Topptipset;121111X1;1881855;383;0;0;0;3439;;;;6;1;1;0;6;6;1;1;429;407;159;186;387;360;270;221;1;1;1;1;1;1;2939
201931;Topptipset;1X1X11XX;1579078;593;0;0;0;1862;;;;4;4;0;0;4;3;1;1;454;475;144;138;373;364;310;337;1;1;0;1;1;0;2944
201931;Topptipset;2211X12X;1761984;438;0;0;0;2815;;;;3;2;3;0;6;6;0;0;435;427;157;174;380;381;278;253;1;1;1;1;1;1;2945
201931;Topptipset;X2212212;1560851;3902;0;0;0;280;;;;2;1;5;0;2;2;4;4;422;407;164;178;309;325;258;229;1;1;0;1;1;0;2948
201930;Topptipset Stryk;122211X2;2871073;486;0;0;0;4130;;;;3;1;4;0;6;5;1;0;435;404;157;182;378;347;278;222;1;1;0;1;1;0;2931
201930;Topptipset Extra;111111X1;1341112;79;0;0;0;11762;;;;7;1;0;0;7;7;0;0;464;451;144;160;458;448;320;291;1;1;1;1;1;1;2933
201930;Topptipset Extra;1XX2X211;2118643;1795;0;0;0;826;;;;3;3;2;0;4;4;3;3;400;350;177;211;319;290;223;139;0;1;1;0;1;1;2937
201930;Topptipset;121111X1;1735836;868;0;0;0;1399;;;;6;1;1;0;5;5;1;0;403;405;115;122;339;348;288;283;1;1;0;1;1;1;2929
201930;Topptipset;1X112X22;1528539;136;0;0;0;7829;;;;3;2;3;0;6;6;0;1;453;479;145;135;429;446;308;344;1;1;1;1;1;1;2934
201930;Topptipset;XX1X1111;1936513;1331;0;0;0;1018;;;;5;3;0;0;4;3;0;0;424;417;160;170;323;300;264;247;1;0;0;1;0;0;2935
201930;Topptipset;22121121;1643885;1524;0;0;0;755;;;;4;0;4;0;5;5;3;1;426;430;166;165;325;349;260;265;1;1;0;1;0;0;2938
201929;Topptipset Stryk;112211X1;2759360;1535;0;0;0;1258;;;;5;1;2;0;5;5;1;1;427;400;158;179;346;326;269;221;1;0;1;1;0;1;2921
201929;Topptipset Extra;1112112X;1375094;703;0;0;0;1369;;;;5;1;2;0;4;4;3;2;473;509;134;117;387;389;339;392;1;1;1;1;1;1;2923
201929;Topptipset Extra;X1112X11;1770247;3540;0;0;0;350;;;;5;2;1;0;4;4;1;3;458;473;135;142;336;340;323;331;0;1;1;0;1;1;2927
201929;Topptipset;21XX1XXX;1828934;17781;0;0;0;72;;;;2;5;1;0;2;2;2;3;432;423;158;168;259;255;274;255;0;0;1;0;0;1;2919
201929;Topptipset;X1X22XXX;1412149;5780;0;0;0;171;;;;1;5;2;0;2;2;3;2;425;433;164;166;284;283;261;267;1;0;0;1;0;0;2924
201929;Topptipset;11XX22X2;1377426;5240;0;0;0;184;;;;2;3;3;0;4;2;2;2;403;417;177;170;299;295;226;247;1;0;1;1;0;0;2925
201929;Topptipset;21121121;1477516;442;0;0;0;2335;;;;5;0;3;0;6;5;1;2;449;479;138;138;400;403;311;341;1;1;1;1;1;1;2928
201928;Topptipset Stryk;1X12111X;2679739;469;0;0;0;3996;;;;5;2;1;0;5;5;1;2;427;391;159;187;371;329;268;204;1;1;0;1;1;0;2911
201928;Topptipset Extra;11X21XX2;1262303;18800;0;0;0;47;;;;3;3;2;0;4;4;1;1;474;482;129;130;279;294;345;352;0;0;1;0;0;1;2913
201928;Topptipset Extra;X1122211;1840061;682;0;0;0;1887;;;;4;1;3;0;5;5;1;2;425;414;162;178;381;366;263;236;1;1;1;1;1;1;2917
201928;Topptipset;XX2X1X11;1385012;9060;0;0;0;107;;;;3;4;1;0;3;3;1;1;421;386;159;181;277;272;262;205;0;0;1;0;1;0;2907
201928;Topptipset;2X1XX221;1178011;359;0;0;0;2291;;;;2;3;3;0;5;5;0;0;490;547;116;95;398;428;374;452;1;1;1;1;1;1;2914
201928;Topptipset;X2121X12;1470813;151;0;0;0;6778;;;;3;2;3;0;6;6;0;0;469;519;133;115;431;472;336;404;1;1;1;1;1;1;2915
201928;Topptipset;1XX1X2X2;1262943;18042;0;0;0;49;;;;2;4;2;0;3;2;1;1;428;442;168;155;268;272;260;287;0;0;1;0;1;0;2918
201927;Topptipset Stryk;1XX12X2X;2373383;4974;0;0;0;334;;;;2;4;2;2;3;3;3;4;450;400;147;176;322;306;303;224;1;0;1;1;0;1;2901
201927;Topptipset Extra;11211211;1059724;99;0;0;0;7449;;;;6;0;2;0;7;7;0;0;417;419;175;177;414;400;242;242;1;1;1;1;1;1;2903
201927;Topptipset Extra;11XX21X2;1493144;5938;0;0;0;176;;;;3;3;2;0;3;3;2;2;457;465;145;150;285;270;312;315;1;0;0;1;0;0;2909
201927;Topptipset;112X2222;1658005;143;0;0;0;8112;;;;2;1;5;0;7;6;0;0;457;458;135;131;426;422;322;327;1;1;1;1;1;1;2899
201927;Topptipset;21X22XX2;1693933;3120;0;0;0;380;;;;1;3;4;0;4;3;0;0;462;447;134;143;302;308;328;304;0;0;1;0;0;1;2904
201927;Topptipset;21XX2211;1279119;1598;0;0;0;560;;;;3;2;3;0;5;5;2;1;426;396;177;193;344;332;249;203;1;1;0;1;1;0;2905
201927;Topptipset;2X1121XX;1470559;7300;0;0;0;141;;;;3;3;2;0;4;3;2;3;412;398;169;178;285;285;243;220;1;0;0;0;1;0;2906
201926;Topptipset Stryk;X1X121X1;2605864;1572;0;0;0;1160;;;;4;3;1;0;4;4;2;1;417;365;173;197;329;322;244;168;1;0;1;1;0;1;2893
201926;Topptipset Extra;1X2111X1;1297794;469;0;0;0;1937;;;;5;2;1;0;5;6;0;0;432;427;156;164;384;383;276;263;1;1;0;1;1;0;2889
201926;Topptipset Extra;X2222111;1708054;4239;0;0;0;282;;;;3;1;4;0;4;5;2;2;434;433;151;154;306;330;283;279;0;1;1;0;1;0;2897
201926;Topptipset;12XXX2XX;1877871;14445;0;0;0;91;;;;1;5;2;0;1;3;2;3;377;366;184;188;235;250;193;178;0;0;0;0;0;0;2891
201926;Topptipset;2211X22X;1947374;3177;0;0;0;429;;;;2;2;4;0;4;4;3;2;445;454;146;149;327;333;299;305;1;1;1;1;0;1;2894
201926;Topptipset;2X112111;1638466;2543;0;0;0;451;;;;5;1;2;0;5;5;2;1;446;454;148;155;327;347;298;299;0;1;1;0;1;1;2895
201926;Topptipset;222X11X2;1801871;2873;0;0;0;439;;;;2;2;4;0;4;4;3;2;400;383;179;179;305;317;221;204;1;1;0;1;1;0;2898
201925;Topptipset Stryk;X1121121;2204101;553;0;0;0;2790;;;;5;1;2;0;5;6;1;1;450;432;150;164;395;398;300;268;1;1;1;1;1;1;2882
201925;Topptipset Extra;22111211;1730175;86;0;0;0;14045;;;;5;0;3;0;8;8;0;0;454;467;149;151;454;467;305;316;1;1;1;1;1;1;2884
201925;Topptipset;12X22221;1168875;144;0;0;0;5652;;;;2;1;5;0;6;6;1;1;497;499;117;129;452;463;380;370;1;1;1;1;1;1;2880
201925;Topptipset;22X22112;1258427;1878;0;0;0;469;;;;2;1;5;0;4;5;2;0;465;447;145;150;354;366;320;297;1;0;1;1;0;1;2885
201925;Topptipset;12XX1122;1449176;6420;0;0;0;158;;;;3;2;3;0;4;5;1;1;455;468;141;141;312;317;314;327;1;0;0;1;0;0;2886
201925;Topptipset;1221X222;1142961;748;0;0;0;1069;;;;2;1;5;0;5;6;2;2;484;499;120;125;389;395;364;374;1;1;0;1;1;1;2887
201925;Topptipset;1X22211X;1394750;87;0;0;0;11111;;;;3;2;3;0;6;6;1;1;490;526;119;111;455;481;371;415;1;1;1;1;1;1;2890
201924;Topptipset Stryk;121X1212;2535637;258;0;0;0;6867;;;;4;1;3;0;7;6;0;0;417;397;168;181;391;370;249;216;1;1;1;1;1;0;2872
201924;Topptipset Extra;11121121;1489165;567;0;0;0;1836;;;;6;0;2;0;5;5;2;1;494;478;117;135;429;414;377;343;1;1;1;1;1;1;2874
201924;Topptipset Extra;12XX1111;1729532;536;0;0;0;2257;;;;5;2;1;0;6;6;1;1;428;399;160;180;380;364;268;219;1;1;1;1;1;0;2878
201924;Topptipset;11212211;2345232;64;0;0;0;25499;;;;5;0;3;0;7;7;1;1;484;509;114;116;469;500;370;393;1;1;1;1;1;1;2868
201924;Topptipset;11121111;1056185;16;0;0;0;43788;;;;7;0;1;0;4;4;0;0;310;336;71;63;310;333;239;273;1;1;1;1;1;1;2875
201924;Topptipset;12111XX1;1002618;847;0;0;0;828;;;;5;2;1;0;6;5;1;1;404;383;170;188;363;353;234;195;1;1;1;1;0;1;2876
201924;Topptipset;112X1111;1008167;86;0;0;0;8153;;;;6;1;1;0;6;6;2;2;492;551;129;105;471;503;363;446;1;1;1;1;1;1;2879
201923;Topptipset Stryk;1212221X;2482315;845;0;0;0;2056;;;;3;1;4;0;6;6;2;2;452;448;139;148;391;388;313;300;1;1;0;1;1;0;2862
201923;Topptipset Extra;1XX12112;1967962;183;0;0;0;7516;;;;4;2;2;0;6;6;0;0;464;473;124;130;417;406;340;343;1;0;1;1;0;1;2864
201923;Topptipset Extra;12X22111;1683052;438;0;0;0;2688;;;;4;1;3;0;5;6;1;1;413;391;173;187;387;363;240;204;1;1;1;1;1;1;2870
201923;Topptipset;X2112121;1581175;679;0;0;0;1630;;;;4;1;3;0;3;3;2;0;359;363;152;148;311;316;207;215;1;1;0;1;1;1;2858
201923;Topptipset;2X1XX111;1520162;3346;0;0;0;318;;;;4;3;1;0;3;3;2;2;412;396;175;174;322;309;237;222;1;0;1;0;1;1;2865
201923;Topptipset;1121X11X;1454136;2077;0;0;0;490;;;;5;2;1;0;5;5;1;1;461;494;137;120;358;373;324;374;1;0;1;1;0;1;2866
201923;Topptipset;X2X22121;1200861;610;0;0;0;1376;;;;2;2;4;0;5;5;1;3;387;377;200;190;354;334;187;187;1;1;0;1;1;1;2867
201922;Topptipset Stryk;222XX2X1;3471990;25316;0;0;0;96;;;;1;3;4;0;3;2;2;2;432;418;157;172;258;242;275;246;0;0;0;0;0;1;2852
201922;Topptipset Extra;1X111X2X;1481752;5667;0;0;0;183;;;;4;3;1;0;3;3;2;1;411;398;178;180;290;291;233;218;1;0;0;1;0;0;2854
201922;Topptipset Extra;12X2121X;2214229;332;0;0;0;4661;;;;3;2;3;0;5;5;1;3;415;385;166;184;379;336;249;201;1;1;1;1;1;1;2860
201922;Topptipset;X221X1X1;1861636;5521;0;0;0;236;;;;3;3;2;0;3;3;1;3;421;406;173;178;295;291;248;228;1;0;1;1;0;0;2850
201922;Topptipset;11222221;1738929;2283;0;0;0;533;;;;3;0;5;0;5;5;2;1;408;374;177;189;319;319;231;185;1;0;1;1;0;0;2855
201922;Topptipset;112XX121;1924304;4045;0;0;0;333;;;;4;2;2;0;4;3;3;3;425;425;171;171;326;312;254;254;1;1;0;1;1;0;2856
201922;Topptipset;122X111X;1204641;1179;0;0;0;715;;;;4;2;2;0;4;4;1;1;454;467;134;130;361;374;320;337;0;1;1;0;1;1;2857
201921;Topptipset Stryk;2X11X122;3112159;2980;0;0;0;731;;;;3;2;3;0;4;4;2;1;449;449;146;154;329;339;303;295;1;1;0;1;0;0;2842
201921;Topptipset Extra;1XX111XX;2008695;675;0;0;0;2081;;;;4;4;0;0;4;3;0;2;405;369;181;195;351;331;224;174;1;1;0;1;1;1;2848
201921;Topptipset;1X1221X2;1949280;962;0;0;0;1418;;;;3;2;3;0;4;4;3;3;430;404;163;173;371;349;267;231;1;1;1;1;1;1;2840
201921;Topptipset;2X1X122X;1370481;12791;0;0;0;75;;;;2;3;3;1;2;3;2;1;385;364;194;205;264;271;191;159;0;1;0;0;1;0;2845
201921;Topptipset;XX1XXX11;1005365;2063;0;0;0;341;;;;3;5;0;0;3;3;1;1;433;410;159;173;317;321;274;237;1;0;1;1;1;0;2846
201921;Topptipset;X112211X;1786232;5897;0;0;0;212;;;;4;2;2;0;3;3;3;3;424;404;160;180;293;311;264;224;1;1;1;1;0;1;2849
201920;Topptipset Stryk;1X112112;2608297;115;0;0;0;15768;;;;5;1;2;0;7;7;0;1;444;432;147;162;436;426;297;270;1;1;1;1;1;1;2832
201920;Topptipset Extra;2112211X;1753851;1542;0;0;0;796;;;;4;1;3;0;4;6;2;2;414;371;167;193;344;323;247;178;1;0;1;1;1;0;2834
201920;Topptipset Extra;1121X111;1921487;239;0;0;0;5608;;;;6;1;1;0;6;6;0;0;419;385;166;186;397;363;253;199;1;1;1;1;1;1;2838
201920;Topptipset Extra;X11211X1;1196101;4165;0;0;0;201;;;;5;2;1;0;4;4;2;2;395;386;183;188;309;313;212;198;1;0;1;1;1;0;2844
201920;Topptipset;2111X1X1;1502706;454;0;0;0;2312;;;;5;2;1;0;5;5;1;1;437;434;160;161;386;378;277;273;1;1;1;1;1;1;2830
201920;Topptipset;112X2112;1436960;3631;0;0;0;277;;;;4;1;3;0;4;4;3;3;364;349;198;205;286;300;166;144;1;0;1;1;0;0;2835
201920;Topptipset;X2X2X111;1637751;4717;0;0;0;243;;;;3;3;2;0;3;3;1;1;406;375;179;196;300;289;227;179;0;1;0;1;0;0;2836
201920;Topptipset;212111X2;1422239;2141;0;0;0;465;;;;4;1;3;0;5;5;3;1;407;367;171;200;326;328;236;167;1;1;1;0;1;1;2839
201919;Topptipset Stryk;212X2X12;2650386;3342;0;0;0;555;;;;2;2;4;0;4;3;2;2;449;455;148;153;353;332;301;302;1;1;0;1;0;1;2822
201919;Topptipset Extra;2X221112;1441978;8627;0;0;0;117;;;;3;1;4;0;2;3;3;1;436;455;160;157;258;281;276;298;0;1;0;0;1;0;2824
201919;Topptipset Extra;2121X212;1647444;2048;0;0;0;563;;;;3;1;4;0;3;3;2;2;391;367;185;199;320;309;206;168;1;0;1;1;1;0;2828
201919;Topptipset;11XX1XXX;2173349;435;0;0;0;3492;;;;3;5;0;0;3;3;3;3;426;411;161;170;362;356;265;241;1;1;1;1;1;1;2820
201919;Topptipset;1212X2XX;1495428;4652;0;0;0;225;;;;2;3;3;0;2;3;0;1;289;263;141;155;194;209;148;108;0;1;0;0;0;0;2825
201919;Topptipset;X2X21212;1232659;15137;0;0;0;57;;;;2;2;4;0;2;2;3;1;438;452;160;156;245;264;278;296;0;0;0;0;0;0;2826
201919;Topptipset;12212211;1390638;3526;0;0;0;276;;;;4;0;4;0;4;5;4;3;438;442;151;160;304;335;287;282;1;1;1;1;1;0;2829
201918;Topptipset Stryk;22111111;3219977;370;0;0;0;6083;;;;6;0;2;0;6;6;1;1;448;448;148;152;406;407;300;296;1;1;1;1;1;1;2812
201918;Topptipset Extra;1XX12X12;1716319;2944;0;0;0;408;;;;3;3;2;0;4;3;3;2;393;373;193;196;303;289;200;177;0;1;1;1;0;1;2814
201918;Topptipset Extra;X1X2X1X2;2102123;16913;0;0;0;87;;;;2;4;2;0;2;1;1;1;446;448;151;158;253;254;295;290;0;1;0;0;0;1;2818
201918;Topptipset;11X1212X;2264521;4160;0;0;0;381;;;;4;2;2;0;3;3;4;4;423;422;163;169;312;293;260;253;1;0;0;1;1;0;2810
201918;Topptipset;2112121X;2135125;7290;0;0;0;205;;;;4;1;3;0;3;3;3;3;414;380;172;197;280;281;242;183;0;1;1;0;1;0;2815
201918;Topptipset;1XXX1121;1419439;2554;0;0;0;389;;;;4;3;1;1;5;5;2;2;403;376;178;193;325;310;225;183;1;0;0;1;0;1;2816
201918;Topptipset;1X2XX1X1;1942334;19423;0;0;0;70;;;;3;4;1;0;2;2;1;1;438;446;149;156;272;263;289;290;0;1;0;0;0;1;2819
201917;Topptipset Stryk;XX1X2X21;3480239;7758;0;0;0;314;;;;2;4;2;0;2;2;2;1;399;369;178;196;275;275;221;173;1;0;0;1;0;0;2803
201917;Topptipset Extra;21221112;2044103;384;0;0;0;3725;;;;4;0;4;0;6;6;1;0;436;408;156;174;398;405;280;234;1;1;1;1;1;1;2805
201917;Topptipset Extra;X221111X;2480672;10095;0;0;0;172;;;;4;2;2;0;3;3;3;3;400;375;188;195;283;297;212;180;1;0;0;1;0;0;2808
201917;Topptipset;1X21111X;1969436;14360;0;0;0;96;;;;5;2;1;0;3;3;2;2;420;372;177;201;255;259;243;171;0;0;1;0;0;1;2798
201917;Topptipset;1X2X2121;1692135;758;0;0;0;1562;;;;3;2;3;0;5;5;1;2;479;494;125;130;386;387;354;364;1;1;0;1;1;1;2799
201917;Topptipset;XXX1X122;2061215;559;0;0;0;2580;;;;2;4;2;0;4;4;1;1;434;426;162;174;365;351;272;252;1;1;1;1;1;1;2806
201917;Topptipset;12212122;1771430;1410;0;0;0;879;;;;3;0;5;0;6;5;2;1;435;435;165;166;349;363;270;269;1;0;1;1;0;1;2809
201916;Topptipset Stryk;22XX12X1;3149567;3972;0;0;0;555;;;;2;3;3;0;4;4;2;2;448;420;148;169;325;316;300;251;1;1;0;1;0;0;2792
201916;Topptipset Extra;21112111;1578087;166;0;0;0;6643;;;;6;0;2;0;7;6;1;1;450;448;151;159;422;399;299;289;1;1;1;1;1;1;2794
201916;Topptipset Extra;22112X2X;1786995;3166;0;0;0;395;;;;2;2;4;0;4;3;2;1;470;466;133;150;347;349;337;316;1;1;0;1;1;0;2801
201916;Topptipset;211X1XXX;1992750;4019;0;0;0;347;;;;3;4;1;0;3;3;0;0;450;446;148;155;308;300;302;291;0;1;1;0;1;0;2790
201916;Topptipset;122X1211;1824790;2157;0;0;0;592;;;;4;1;3;0;4;4;3;3;461;466;139;148;345;356;322;318;1;1;1;1;1;1;2795
201916;Topptipset;11211221;1166039;148;0;0;0;5506;;;;5;0;3;0;7;7;1;1;452;459;153;145;426;422;299;314;1;1;1;1;1;1;2796
201916;Topptipset;112X2121;1915408;12648;0;0;0;106;;;;4;1;3;0;3;3;4;3;447;430;146;162;297;298;301;268;1;0;1;1;0;1;2797
201915;Topptipset Stryk;12111121;3256133;1869;0;0;0;1219;;;;6;0;2;0;5;5;3;3;452;420;144;171;345;350;308;249;1;1;0;1;0;1;2782
201915;Topptipset Extra;X2X11XX2;2241694;3046;0;0;0;515;;;;2;4;2;0;4;4;0;1;449;423;152;173;326;321;297;250;0;1;1;0;1;1;2784
201915;Topptipset Extra;21122X11;2073097;499;0;0;0;2906;;;;4;1;3;0;6;5;1;2;452;439;136;161;397;389;316;278;1;1;1;1;1;1;2788
201915;Topptipset;1X121X1X;1863533;867;0;0;0;1504;;;;4;3;1;0;5;5;1;2;415;397;172;182;361;355;243;215;1;1;0;1;1;0;2780
201915;Topptipset;11121211;2651591;488;0;0;0;3803;;;;6;0;2;0;6;6;2;1;423;391;165;190;377;362;258;201;1;1;0;1;1;1;2785
201915;Topptipset;112211X1;1667219;207;0;0;0;5626;;;;5;1;2;0;7;7;0;0;449;487;148;135;422;444;301;352;1;1;1;1;1;1;2786
201915;Topptipset;2X1X12X1;1607480;22063;0;0;0;51;;;;3;3;2;1;2;2;4;5;414;371;171;198;237;246;243;173;0;1;0;0;0;1;2789
201914;Topptipset Stryk;12221221;3219868;1533;0;0;0;1470;;;;3;0;5;0;5;5;3;2;440;399;162;189;356;350;278;210;1;1;0;1;1;0;2772
201914;Topptipset Extra;111112X1;1588282;757;0;0;0;1467;;;;6;1;1;0;5;5;2;1;472;471;132;144;395;402;340;327;1;1;1;1;1;1;2774
201914;Topptipset Extra;X1XX121X;2086828;8961;0;0;0;163;;;;3;4;1;0;3;2;2;4;404;354;179;212;272;260;225;142;0;1;0;0;1;0;2778
201914;Topptipset;1XXX1XXX;2004357;2209;0;0;0;635;;;;2;6;0;0;2;2;2;2;430;402;155;174;303;284;275;228;1;0;0;1;0;1;2770
201914;Topptipset;1121X22X;2255840;7113;0;0;0;222;;;;3;2;3;0;3;3;3;2;442;405;150;174;286;268;292;231;0;0;1;1;0;0;2775
201914;Topptipset;11111211;1577929;82;0;0;0;13438;;;;7;0;1;0;8;8;0;0;441;451;149;150;441;451;292;301;1;1;1;1;1;1;2776
201914;Topptipset;2X1112X2;1551055;2456;0;0;0;442;;;;3;2;3;0;3;4;4;4;395;372;187;199;329;321;208;173;1;1;0;1;1;0;2779
201913;Topptipset Stryk;12111211;3461157;178;0;0;0;13584;;;;6;0;2;0;6;5;1;1;456;422;142;166;431;412;314;256;1;1;1;1;1;1;2763
201913;Topptipset Extra;X11XX212;1987411;266;0;0;0;5212;;;;3;3;2;0;5;4;0;0;442;422;152;162;399;380;290;260;1;1;1;1;1;1;2765
201913;Topptipset Extra;212X2221;2195641;624;0;0;0;2460;;;;2;1;5;0;5;5;2;0;435;402;151;181;372;376;284;221;1;1;1;1;1;1;2768
201913;Topptipset;12XX221X;1927257;133;0;0;0;10073;;;;2;3;3;0;1;1;0;0;86;89;51;51;85;80;35;38;1;0;0;1;0;0;2728
201913;Topptipset;21211221;1085853;285;0;0;0;2662;;;;4;0;4;0;7;6;1;1;461;485;143;136;425;443;318;349;1;1;1;1;1;1;2766
201913;Topptipset;1122212X;1582759;661;0;0;0;1676;;;;3;1;4;0;7;6;0;0;386;349;189;209;356;330;197;140;1;1;1;1;1;0;2769
201912;Topptipset Stryk;11112121;2727639;124;0;0;0;15343;;;;6;0;2;0;7;6;1;1;481;496;115;125;456;471;366;371;1;1;1;1;1;1;2723
201912;Topptipset Extra;111111X2;1519406;69;0;0;0;15322;;;;6;1;1;0;6;6;1;1;488;510;120;119;473;485;368;391;1;1;1;1;1;1;2725
201912;Topptipset Extra;211111X2;1821725;1824;0;0;0;699;;;;5;1;2;0;4;4;3;2;456;436;136;155;352;348;320;281;1;0;1;1;1;0;2730
201912;Topptipset;X1X2XX21;1176386;19150;0;0;0;43;;;;2;4;2;0;0;2;3;5;332;292;165;188;177;204;167;104;0;0;0;0;0;0;2721
201912;Topptipset;X111XXX1;1200440;1248;0;0;0;673;;;;4;4;0;0;4;4;1;1;469;511;139;115;357;361;330;396;0;1;1;1;0;1;2726
201912;Topptipset;1X2221X1;1316148;566;0;0;0;1626;;;;3;2;3;0;5;5;1;0;489;493;115;125;405;412;374;368;1;1;1;1;1;1;2727
201911;Topptipset Stryk;21X2112X;3402560;1001;0;0;0;2378;;;;3;2;3;0;4;4;1;1;444;421;157;180;362;353;287;241;1;1;1;1;1;0;2713
201911;Topptipset Extra;212X2221;2244196;7206;0;0;0;218;;;;2;1;5;0;2;3;4;4;425;397;164;186;296;293;261;211;1;0;1;1;1;0;2715
201911;Topptipset Extra;21X2122X;2256439;1860;0;0;0;849;;;;2;2;4;0;3;3;3;2;438;424;150;167;343;342;288;257;1;1;1;1;1;1;2719
201911;Topptipset;12222XXX;1650390;8022;0;0;0;144;;;;1;3;4;0;4;4;1;1;428;412;159;167;286;283;269;245;0;0;1;0;0;1;2711
201911;Topptipset;1112X21X;2386494;371;0;0;0;4491;;;;4;2;2;0;6;6;0;0;446;446;146;154;395;390;300;292;1;0;1;1;0;1;2716
201911;Topptipset;122X111X;1948989;888;0;0;0;1535;;;;4;2;2;0;5;5;2;3;422;412;164;174;369;359;258;238;1;1;1;1;1;1;2717
201911;Topptipset;1X2X11X2;1603162;5077;0;0;0;221;;;;3;3;2;0;3;3;2;2;431;410;158;172;302;299;273;238;1;0;0;1;0;0;2720
201910;Topptipset Stryk;11211121;3516429;953;0;0;0;2582;;;;6;0;2;0;6;6;2;1;441;400;157;187;369;359;284;213;1;1;0;1;1;0;2703
201910;Topptipset Extra;2111X11X;1900239;5964;0;0;0;223;;;;5;2;1;0;3;3;3;3;457;441;147;162;313;305;310;279;1;0;0;1;0;1;2705
201910;Topptipset Extra;1XX2X222;2495397;5745;0;0;0;304;;;;1;3;4;0;4;5;1;1;394;381;175;187;281;296;219;194;0;0;1;0;0;1;2709
201910;Topptipset;1XX1X1XX;1797044;3943;0;0;0;319;;;;3;5;0;0;3;3;0;0;442;441;145;153;298;308;297;288;1;0;0;0;1;0;2701
201910;Topptipset;2212X21X;2112929;7469;0;0;0;198;;;;2;2;4;0;3;3;2;2;415;389;172;194;280;273;243;195;0;0;1;0;0;1;2706
201910;Topptipset;11X1X112;1585852;2593;0;0;0;428;;;;5;2;1;0;3;3;3;3;459;436;136;160;328;334;323;276;1;1;0;1;0;1;2707
201910;Topptipset;1X112XXX;1669761;1246;0;0;0;938;;;;3;4;1;0;3;3;2;1;433;421;155;175;335;305;278;246;1;1;0;1;1;0;2710
201909;Topptipset Stryk;12121111;3745032;93;0;0;0;27974;;;;6;0;2;0;8;8;0;0;444;430;148;162;444;430;296;268;1;1;1;1;1;1;2693
201909;Topptipset Extra;1111212X;2456616;131;0;0;0;13094;;;;5;1;2;0;7;7;0;1;447;438;149;162;436;431;298;276;1;1;1;1;1;1;2695
201909;Topptipset Extra;X2212122;2553441;1378;0;0;0;1297;;;;2;1;5;0;5;5;2;1;408;382;168;192;341;324;240;190;1;0;1;1;0;1;2699
201909;Topptipset;X11XXXXX;2115891;74056;0;0;0;20;;;;2;6;0;1;1;1;1;2;447;442;143;164;206;191;304;278;0;0;0;0;0;0;2689
201909;Topptipset;2111X211;2355664;5153;0;0;0;320;;;;5;1;2;0;4;4;3;3;405;380;170;193;280;283;235;187;0;1;0;0;1;0;2696
201909;Topptipset;1X222X11;1418510;13791;0;0;0;72;;;;3;2;3;0;3;3;3;3;425;397;167;184;269;274;258;213;1;0;0;0;0;1;2697
201909;Topptipset;1112XX11;1649939;24061;0;0;0;48;;;;5;2;1;0;3;3;4;3;408;391;176;185;219;240;232;206;0;0;0;0;0;0;2700
201908;Topptipset Stryk;X12X2121;3557957;1110;0;0;0;2242;;;;3;2;3;0;4;3;3;3;413;360;168;201;343;306;245;159;1;1;1;1;1;1;2683
201908;Topptipset Extra;1XX1X212;1535207;6003;0;0;0;179;;;;3;3;2;0;3;3;2;2;474;493;126;129;303;300;348;364;1;0;0;1;0;0;2685
201908;Topptipset Extra;X1X2X2X2;2433873;225;0;0;0;7553;;;;1;4;3;0;4;4;1;2;447;446;145;155;396;371;302;291;1;1;0;1;1;1;2691
201908;Topptipset;21X12122;1856229;514;0;0;0;2524;;;;3;1;4;0;5;5;1;2;460;475;141;144;395;389;319;331;1;1;1;1;1;1;2681
201908;Topptipset;XX21XX21;2713264;6289;0;0;0;302;;;;2;4;2;0;3;3;1;2;431;392;157;186;286;277;274;206;1;0;0;1;0;0;2686
201908;Topptipset;122X1111;1738486;165;0;0;0;7365;;;;5;1;2;0;5;5;2;1;483;525;114;113;425;477;369;412;1;1;1;1;1;1;2687
201908;Topptipset;211XXX21;1816323;1672;0;0;0;760;;;;3;3;2;0;5;5;0;1;416;388;168;184;329;318;248;204;1;0;0;1;0;0;2688
201907;Topptipset Stryk;22X12X1X;2883879;173;0;0;0;11655;;;;2;3;3;0;5;5;0;0;457;471;140;143;417;406;317;328;1;1;1;1;1;1;2673
201907;Topptipset Extra;2111X11X;2349071;1207;0;0;0;1362;;;;5;2;1;0;5;5;1;1;402;374;179;196;338;338;223;178;1;0;1;1;0;1;2675
201907;Topptipset Extra;11XX1X21;2056731;4185;0;0;0;344;;;;4;3;1;0;3;3;1;0;427;416;158;162;298;304;269;254;0;1;1;0;1;0;2679
201907;Topptipset;X1X2X11X;1632508;574;0;0;0;1988;;;;3;4;1;0;4;4;0;0;428;389;153;189;359;337;275;200;1;1;0;1;1;0;2671
201907;Topptipset;2121XXXX;2636480;30254;0;0;0;61;;;;2;4;2;0;2;2;2;1;438;409;151;170;249;252;287;239;0;0;0;0;0;1;2676
201907;Topptipset;2221X2XX;2127648;4867;0;0;0;306;;;;1;3;4;0;2;2;3;3;399;356;180;210;258;284;219;146;1;0;0;1;0;0;2677
201907;Topptipset;12X12X2X;1395230;600;0;0;0;1627;;;;2;3;3;0;4;4;1;1;480;494;130;131;393;401;350;363;1;1;1;1;1;1;2680
201906;Topptipset Stryk;12X21221;3795523;597;0;0;0;4444;;;;3;1;4;0;6;6;1;1;438;411;157;177;383;356;281;234;1;1;0;1;1;0;2663
201906;Topptipset Extra;2X11X121;1548479;606;0;0;0;1786;;;;4;2;2;0;5;5;1;1;426;427;156;165;373;365;270;262;1;0;1;1;0;1;2665
201906;Topptipset Extra;11XXX121;2268711;672;0;0;0;2363;;;;4;3;1;0;5;5;0;0;462;458;124;139;368;378;338;319;1;1;1;1;0;0;2669
201906;Topptipset;X2X22X11;1928579;2160;0;0;0;625;;;;2;3;3;0;4;3;1;0;444;435;144;154;324;342;300;281;0;1;1;0;1;1;2661
201906;Topptipset;X1111112;1601829;1236;0;0;0;907;;;;6;1;1;0;5;5;2;1;448;451;148;153;360;368;300;298;1;1;0;1;1;0;2666
201906;Topptipset;12XX2X22;1671314;174;0;0;0;6690;;;;1;3;4;0;4;4;2;3;351;361;158;154;332;328;193;207;1;1;1;1;1;1;2667
201906;Topptipset;X2X22X12;1291964;627;0;0;0;1442;;;;1;3;4;0;4;4;2;3;403;414;177;174;351;338;226;240;0;1;1;1;0;1;2670
201905;Topptipset Stryk;12XX1121;3748764;3359;0;0;0;781;;;;4;2;2;0;3;4;4;3;406;377;178;198;325;316;228;179;1;1;0;1;1;0;2654
201905;Topptipset Extra;X1X11X1X;1922606;9969;0;0;0;135;;;;4;4;0;0;2;2;3;4;447;457;148;153;267;283;299;304;1;0;1;0;1;0;2656
201905;Topptipset Extra;12XX1112;2485666;1175;0;0;0;1480;;;;4;2;2;1;4;4;3;3;443;449;149;162;363;367;294;287;1;1;1;1;1;1;2659
201905;Topptipset;X22X1122;1783772;8671;0;0;0;144;;;;2;2;4;0;2;2;3;1;415;387;170;189;256;277;245;198;0;1;1;0;1;0;2652
201905;Topptipset;1X121111;2241461;5623;0;0;0;279;;;;6;1;1;0;5;5;2;2;460;469;149;145;309;323;311;324;0;1;0;0;0;1;2657
201905;Topptipset;211X121X;1721766;1411;0;0;0;854;;;;4;2;2;1;3;5;2;1;397;377;171;190;331;339;226;187;1;1;1;1;1;0;2660
201904;Topptipset Stryk;112XXX1X;3220901;25332;0;0;0;89;;;;3;4;1;0;1;1;3;4;445;460;153;149;265;253;292;311;1;0;0;1;0;0;2644
201904;Topptipset Extra;1122111X;1070578;7069;0;0;0;106;;;;5;1;2;0;4;4;3;3;457;446;144;156;334;319;313;290;1;0;0;1;0;1;2646
201904;Topptipset Extra;11X21122;2208775;371;0;0;0;4163;;;;4;1;3;0;5;5;1;2;446;438;146;162;403;395;300;276;1;1;1;1;1;1;2650
201904;Topptipset;112XX121;1278186;296;0;0;0;3014;;;;4;2;2;0;5;5;1;2;437;431;152;151;403;396;285;280;1;1;1;1;1;1;2642
201904;Topptipset;12122112;1476255;481;0;0;0;2147;;;;4;0;4;0;7;6;1;1;392;359;188;210;361;326;204;149;1;0;1;1;1;0;2647
201904;Topptipset;1X1X1221;1347035;342;0;0;0;2750;;;;4;2;2;0;6;5;1;1;463;480;138;136;410;407;325;344;1;1;1;1;1;0;2648
201904;Topptipset;21X2XX21;1763560;6172;0;0;0;200;;;;2;3;3;0;2;2;3;5;370;346;200;208;290;279;170;138;1;0;0;1;0;0;2651
201903;Topptipset Stryk;111111XX;3531903;911;0;0;0;2711;;;;6;2;0;0;4;4;1;0;430;426;163;166;369;358;267;260;1;1;0;1;1;0;2634
201903;Topptipset Extra;1X1X1X1X;1400659;5942;0;0;0;165;;;;4;4;0;0;3;3;1;0;428;398;163;178;281;280;265;220;0;1;0;0;1;0;2636
201903;Topptipset Extra;2XX11XX2;2051722;799;0;0;0;1796;;;;2;4;2;0;4;4;2;1;402;378;174;194;332;305;228;184;1;0;1;1;1;0;2640
201903;Topptipset;112111X2;1343495;548;0;0;0;1715;;;;5;1;2;0;5;5;2;1;446;444;149;156;395;398;297;288;1;1;1;1;1;1;2632
201903;Topptipset;X221X1X2;1191404;7008;0;0;0;119;;;;2;3;3;0;3;3;3;3;448;438;149;156;296;315;299;282;1;0;1;0;0;1;2637
201903;Topptipset;11X1222X;1091723;1364;0;0;0;560;;;;3;2;3;0;4;4;3;2;454;458;141;147;358;368;313;311;1;1;1;1;1;1;2638
201903;Topptipset;12112222;1307339;610;0;0;0;1498;;;;3;0;5;0;7;7;1;1;450;448;134;146;392;406;316;302;1;1;1;0;1;1;2641
201902;Topptipset Stryk;121X2221;3297316;1479;0;0;0;1560;;;;3;1;4;0;5;4;1;2;431;404;162;181;356;345;269;223;1;1;0;1;1;0;2629
201902;Topptipset Extra;21X22211;1966215;1047;0;0;0;1314;;;;3;1;4;0;2;3;4;2;353;356;162;159;286;277;191;197;1;1;0;1;1;0;2630
201902;Topptipset;122X1111;1031759;1652;0;0;0;437;;;;5;1;2;0;3;3;5;4;467;457;138;152;359;369;329;305;1;1;1;1;1;1;2625
201902;Topptipset;11XX11X2;1097813;8935;0;0;0;86;;;;4;3;1;0;4;4;2;2;480;499;133;128;360;353;347;371;1;0;1;1;0;1;2626
201902;Topptipset;2X1X1222;1032935;1004;0;0;0;720;;;;2;2;4;0;5;4;1;1;458;479;145;138;378;376;313;341;1;1;0;1;1;0;2628
201902;Topptipset;11XX21X1;1172619;1563;0;0;0;525;;;;4;3;1;0;5;5;1;0;411;418;171;160;339;349;240;258;1;0;1;1;0;1;2631
;Topptipset;1222X11X;3352370;3346;0;0;0;776;;;;3;2;3;0;4;4;2;1;418;389;162;187;305;305;256;202;1;0;0;1;0;0;3827
